order_id,customer_id,restaurant_id,partner_id,order_date,delivery_time_minutes,order_status,total_amount
1,340,144,197,2024-08-03 23:14:37,54,Delivered,1332.49
2,373,116,30,2024-12-26 20:55:20,21,Delivered,515.88
3,350,91,213,2025-03-24 05:19:29,55,Preparing,631.77
4,535,96,180,2025-11-28 22:40:33,21,Delivered,420.86
5,144,105,28,2025-11-25 02:26:55,31,Delivered,459.45
6,953,101,56,2024-10-30 06:04:26,44,Delivered,464.45
7,347,28,194,2026-06-10 19:58:23,41,Delivered,1194.85
8,689,32,198,2026-01-04 16:23:33,43,Delivered,1122.37
9,517,35,247,2026-06-23 08:25:01,46,Delivered,1364.75
10,567,111,215,2025-08-30 23:40:49,52,Delivered,988.75
11,944,46,178,2026-04-30 08:07:28,52,Delivered,1495.15
12,107,100,169,2025-10-20 04:55:31,53,Delivered,681.04
13,903,99,108,2024-09-24 22:29:11,53,Preparing,1407.92
14,281,102,247,2026-07-18 13:21:24,36,Preparing,897.2
15,137,36,106,2026-05-06 14:31:59,53,Delivered,1384.9
16,307,141,221,2024-10-24 23:40:08,35,Delivered,1693.59
17,648,56,52,2026-07-08 21:29:29,28,Delivered,629.46
18,354,34,182,2025-08-06 20:04:03,56,Preparing,443.39
19,556,83,182,2025-11-06 07:42:53,22,Delivered,1077.76
20,597,147,242,2025-08-09 04:35:00,57,Delivered,1262.5
21,916,137,74,2024-12-04 01:53:54,69,Delivered,171.07
22,110,7,98,2024-09-03 11:36:57,24,Delivered,243.4
23,274,42,74,2024-12-30 17:54:37,58,Delivered,1534.98
24,708,76,53,2025-09-07 03:47:04,63,Delivered,741.83
25,464,27,158,2026-05-07 02:13:43,70,Delivered,1077.11
26,230,144,100,2026-01-27 09:49:38,30,Delivered,1464.78
27,713,74,178,2025-04-14 04:33:46,57,Delivered,779.61
28,427,81,248,2025-10-24 02:21:46,50,Delivered,1377.06
29,208,114,213,2025-01-28 09:13:14,29,Preparing,1312.64
30,664,95,194,2025-02-23 02:32:36,52,Delivered,1145.59
31,795,50,76,2026-04-06 08:32:02,43,Delivered,1276.39
32,192,45,189,2024-08-27 08:07:43,47,Delivered,217.05
33,286,143,68,2024-10-03 20:52:18,23,Delivered,1545.92
34,6,85,120,2026-05-11 09:28:12,60,Preparing,215.9
35,951,83,153,2025-05-07 23:08:51,18,Delivered,1181.85
36,864,78,126,2025-01-08 07:40:28,65,Delivered,740.84
37,803,82,135,2025-05-31 12:06:44,29,Preparing,1009.0
38,806,130,41,2025-03-24 23:14:30,41,Delivered,815.64
39,358,57,227,2024-10-05 13:49:42,28,Delivered,696.26
40,301,56,244,2025-04-07 16:33:02,63,Delivered,933.51
41,575,3,30,2025-03-14 03:33:31,57,Delivered,546.57
42,658,63,246,2025-07-16 10:40:24,17,Delivered,679.55
43,938,30,99,2024-10-20 13:53:35,31,Delivered,616.67
44,934,133,211,2025-04-08 20:55:11,64,Delivered,1474.65
45,457,125,12,2026-05-02 21:05:45,33,Cancelled,467.65
46,527,22,243,2025-04-09 15:31:47,21,Delivered,1727.86
47,551,137,2,2025-01-02 04:37:08,55,Delivered,1256.05
48,793,55,222,2024-10-20 08:17:35,58,Delivered,321.48
49,551,112,166,2025-01-13 07:09:56,67,Preparing,1382.37
50,158,7,118,2026-02-15 05:48:44,60,Delivered,294.41
51,56,46,204,2024-12-10 19:58:50,31,Delivered,1098.69
52,234,67,105,2025-05-09 10:18:48,39,Delivered,817.34
53,324,5,100,2025-11-22 03:35:50,58,Delivered,159.73
54,738,17,194,2026-06-17 07:36:23,62,Delivered,1306.46
55,75,92,238,2025-01-11 15:29:30,47,Delivered,1448.37
56,309,23,73,2026-04-25 01:33:15,63,Preparing,779.33
57,842,8,122,2025-06-19 21:16:09,25,Delivered,375.03
58,401,140,76,2025-08-02 16:07:04,55,Delivered,1267.53
59,937,96,246,2026-02-14 09:28:41,15,Delivered,1065.87
60,127,11,2,2026-05-17 01:47:11,51,Delivered,1036.3
61,970,22,79,2025-09-09 11:22:36,28,Delivered,1640.85
62,353,55,106,2024-10-12 16:46:53,56,Cancelled,385.05
63,189,57,158,2025-01-30 00:56:31,68,Delivered,339.13
64,688,146,219,2026-04-10 12:18:25,18,Cancelled,1688.41
65,563,119,166,2025-06-25 03:24:12,50,Delivered,1258.28
66,257,26,51,2025-07-11 12:18:11,61,Delivered,1720.04
67,366,33,172,2026-05-21 11:44:33,56,Delivered,620.48
68,72,50,82,2025-04-01 12:48:14,46,Delivered,1166.97
69,314,150,40,2024-09-02 15:09:14,51,Delivered,1482.7
70,982,110,44,2024-08-10 12:50:44,15,Delivered,1446.34
71,730,112,71,2025-11-23 05:31:57,68,Delivered,1271.31
72,340,123,119,2025-02-20 11:32:51,43,Delivered,654.03
73,565,28,45,2026-05-17 15:23:19,56,Delivered,1538.96
74,880,36,229,2024-11-22 07:53:04,49,Delivered,1360.35
75,642,20,187,2026-01-21 12:53:42,19,Cancelled,1551.82
76,647,8,209,2026-05-31 08:28:42,52,Delivered,1419.18
77,218,10,142,2025-12-10 17:43:54,31,Delivered,1797.9
78,484,39,94,2026-04-13 07:01:14,40,Delivered,1424.04
79,751,75,35,2024-10-21 19:23:06,44,Delivered,299.41
80,373,129,3,2025-03-06 05:57:14,57,Delivered,1740.6
81,629,43,194,2026-03-18 22:52:51,47,Delivered,412.72
82,580,145,169,2026-04-05 13:56:39,70,Preparing,1364.27
83,496,92,11,2024-10-04 17:52:41,29,Delivered,532.39
84,271,95,60,2024-08-25 09:33:21,17,Delivered,1004.51
85,811,93,100,2026-03-24 01:26:07,45,Preparing,1604.56
86,41,83,27,2025-04-29 21:56:43,60,Preparing,1195.39
87,281,68,149,2024-12-13 19:05:56,49,Delivered,771.49
88,388,94,151,2025-07-18 17:46:54,56,Cancelled,278.43
89,258,97,250,2025-05-22 11:54:11,29,Delivered,732.28
90,889,89,125,2025-11-19 07:21:20,65,Delivered,1146.95
91,514,36,113,2025-09-13 02:45:17,25,Delivered,998.99
92,288,55,39,2024-10-31 20:01:34,26,Delivered,1143.33
93,837,31,170,2026-01-20 17:22:36,29,Delivered,694.87
94,117,124,173,2025-10-31 16:15:44,45,Delivered,1124.8
95,663,106,6,2025-09-08 20:23:35,30,Delivered,1096.25
96,165,35,162,2025-07-31 08:47:31,47,Delivered,1094.24
97,58,43,67,2025-10-08 04:22:34,26,Delivered,819.0
98,993,145,164,2024-09-13 18:39:37,16,Cancelled,1351.16
99,842,73,243,2025-11-11 00:52:52,20,Delivered,1150.77
100,483,124,44,2026-02-18 00:20:56,29,Delivered,1141.38
101,814,150,211,2026-05-08 13:25:00,64,Delivered,1238.42
102,271,43,186,2024-11-08 07:22:08,58,Delivered,898.23
103,605,18,59,2026-03-09 15:17:09,39,Delivered,329.14
104,208,134,221,2025-08-04 08:20:58,47,Delivered,1513.75
105,621,25,46,2024-08-03 06:55:03,45,Preparing,1139.69
106,899,137,129,2025-02-25 02:02:46,63,Delivered,945.7
107,134,139,212,2025-05-05 10:48:14,15,Cancelled,1428.54
108,665,111,134,2024-11-06 20:43:26,41,Delivered,221.67
109,543,110,59,2025-01-27 14:25:43,66,Delivered,1418.31
110,359,148,26,2026-05-16 03:54:58,42,Delivered,937.28
111,239,22,73,2025-09-01 11:56:54,53,Cancelled,824.27
112,194,2,182,2025-09-11 05:28:28,62,Delivered,1103.68
113,121,134,2,2025-10-05 07:45:41,39,Delivered,1284.82
114,324,105,93,2026-05-25 06:58:28,21,Delivered,1225.1
115,260,67,219,2026-03-16 19:10:48,49,Delivered,753.31
116,283,102,194,2025-04-25 14:36:42,28,Delivered,1443.25
117,495,46,95,2025-06-06 10:57:30,50,Delivered,568.73
118,315,148,89,2024-12-02 12:08:33,64,Delivered,1364.04
119,876,31,192,2026-06-20 11:46:55,29,Delivered,1303.86
120,166,26,55,2024-11-12 08:35:26,47,Delivered,708.42
121,564,14,42,2026-07-25 10:25:57,39,Preparing,158.73
122,94,38,121,2025-04-12 01:49:22,53,Delivered,255.73
123,228,95,21,2025-10-05 00:20:16,53,Delivered,784.14
124,411,134,74,2026-04-18 12:12:13,60,Preparing,244.81
125,793,45,164,2026-07-08 03:04:56,46,Delivered,482.82
126,673,133,74,2026-04-18 17:40:54,27,Delivered,1139.2
127,529,60,158,2026-03-23 16:35:18,25,Delivered,743.57
128,671,1,250,2025-06-26 14:51:12,25,Delivered,605.3
129,410,91,172,2025-06-17 05:52:38,40,Delivered,480.51
130,16,18,236,2024-09-12 09:36:21,20,Delivered,1348.13
131,573,150,90,2025-04-07 01:48:31,37,Preparing,606.24
132,621,50,117,2026-05-31 04:17:42,40,Delivered,580.83
133,417,130,28,2026-03-21 09:54:09,50,Delivered,635.52
134,970,30,206,2025-10-25 08:00:20,47,Preparing,1595.59
135,833,148,65,2025-08-26 10:14:29,59,Delivered,772.18
136,496,63,194,2025-06-16 19:14:37,36,Preparing,907.1
137,472,8,124,2026-04-05 10:59:11,22,Delivered,781.41
138,808,57,174,2026-03-06 22:30:38,59,Delivered,670.96
139,979,91,133,2025-07-13 10:01:36,49,Delivered,1523.09
140,255,74,24,2025-09-20 15:37:40,40,Delivered,1504.77
141,78,142,239,2025-07-07 12:45:33,26,Delivered,733.34
142,916,147,69,2025-03-03 04:29:37,26,Preparing,1277.13
143,932,49,128,2025-03-18 00:46:07,62,Delivered,1363.46
144,894,68,53,2026-05-30 01:25:09,29,Delivered,562.0
145,634,92,40,2024-12-06 05:37:39,64,Delivered,1668.31
146,693,127,158,2024-11-13 10:06:58,15,Delivered,1043.43
147,44,124,96,2025-08-15 18:20:27,54,Delivered,1631.9
148,903,148,223,2026-01-28 12:12:53,32,Delivered,1774.25
149,938,131,72,2025-04-17 12:15:43,40,Delivered,1101.5
150,56,135,205,2025-08-29 08:29:57,42,Delivered,1042.27
151,515,89,101,2025-04-17 00:58:49,70,Delivered,438.42
152,1000,31,179,2026-02-24 11:04:26,48,Delivered,1287.2
153,13,54,98,2026-06-22 19:26:22,52,Delivered,746.64
154,883,67,48,2025-12-30 22:27:27,50,Delivered,594.52
155,982,88,94,2025-03-03 05:54:15,26,Delivered,497.38
156,718,96,94,2025-09-22 13:00:41,69,Delivered,893.7
157,586,34,148,2025-12-02 02:04:25,58,Delivered,314.79
158,277,61,143,2025-04-18 18:56:22,42,Cancelled,473.5
159,820,39,122,2026-02-18 07:32:41,66,Delivered,845.51
160,138,133,137,2025-10-29 00:37:42,61,Delivered,952.92
161,257,144,220,2025-06-21 19:31:00,51,Delivered,313.31
162,168,16,56,2025-05-07 13:34:02,67,Delivered,1534.3
163,99,116,191,2026-04-08 19:16:19,36,Delivered,744.51
164,571,66,89,2026-06-02 07:43:53,16,Delivered,729.3
165,696,51,148,2025-04-01 12:56:07,51,Delivered,1038.42
166,800,73,91,2026-04-01 19:35:57,35,Delivered,954.36
167,755,115,228,2026-02-02 14:46:20,20,Delivered,622.76
168,647,38,223,2026-05-13 17:38:46,25,Delivered,1682.14
169,432,147,104,2025-11-17 16:45:02,69,Preparing,280.53
170,352,59,81,2025-03-09 18:50:36,35,Delivered,1322.22
171,620,102,70,2024-12-14 03:29:39,43,Delivered,1698.97
172,766,134,248,2025-08-23 00:03:55,43,Delivered,453.41
173,24,33,187,2024-11-06 04:20:14,30,Delivered,1701.72
174,718,21,54,2025-03-22 14:35:42,25,Delivered,307.66
175,960,122,141,2025-11-18 06:26:47,18,Delivered,805.07
176,784,22,27,2026-07-06 06:13:45,31,Delivered,289.11
177,954,100,80,2024-10-29 05:28:02,29,Delivered,618.89
178,642,33,34,2024-10-01 12:20:44,48,Delivered,197.14
179,680,92,221,2026-04-21 02:05:35,35,Cancelled,920.87
180,892,139,240,2026-01-18 11:20:32,32,Delivered,372.94
181,972,139,46,2025-06-26 14:01:26,52,Delivered,1191.23
182,652,145,112,2025-04-13 03:56:59,48,Delivered,1030.74
183,931,89,124,2024-08-17 18:56:13,49,Delivered,297.76
184,316,94,106,2024-11-11 19:05:06,31,Delivered,167.42
185,536,35,89,2026-07-23 09:58:30,33,Delivered,163.72
186,945,126,243,2026-05-21 01:33:39,63,Delivered,165.07
187,441,75,153,2024-08-02 22:10:31,29,Delivered,1054.55
188,194,106,226,2026-06-14 12:19:55,50,Delivered,562.33
189,733,100,213,2024-08-28 16:02:10,39,Delivered,280.7
190,641,62,133,2024-08-31 08:46:22,63,Delivered,1161.81
191,711,70,73,2024-11-27 04:31:00,56,Delivered,1484.53
192,423,49,219,2026-04-12 16:50:01,19,Delivered,627.83
193,653,117,159,2025-03-24 09:27:43,43,Delivered,1177.54
194,193,83,5,2025-05-14 09:29:47,24,Delivered,1032.7
195,191,27,73,2025-12-07 12:25:33,32,Delivered,873.39
196,9,60,24,2025-01-23 09:05:03,24,Delivered,508.36
197,431,80,202,2025-10-27 11:32:03,66,Delivered,762.81
198,714,9,85,2025-12-13 20:49:09,20,Delivered,1720.21
199,58,69,199,2026-06-11 08:13:58,40,Delivered,925.74
200,197,65,210,2025-01-25 07:59:21,39,Delivered,351.24
201,787,64,99,2024-09-23 13:39:00,64,Preparing,557.82
202,35,51,118,2025-01-28 16:44:15,62,Delivered,1009.88
203,214,122,100,2024-11-07 21:55:38,58,Preparing,1694.76
204,163,11,191,2025-12-10 05:23:58,50,Delivered,567.97
205,654,77,51,2026-06-10 12:55:14,38,Cancelled,1575.04
206,224,29,61,2026-05-01 11:52:44,55,Delivered,174.86
207,814,71,150,2026-06-14 23:24:22,22,Delivered,551.1
208,993,11,149,2026-05-02 11:20:39,65,Delivered,1285.87
209,159,96,198,2024-10-26 22:57:20,20,Delivered,974.87
210,703,87,239,2026-04-10 21:47:01,63,Delivered,248.63
211,661,40,180,2025-04-08 06:12:33,49,Delivered,357.62
212,239,82,143,2026-06-03 15:15:42,65,Delivered,723.07
213,914,113,188,2025-04-01 13:51:38,27,Delivered,773.32
214,742,35,65,2024-09-20 20:18:04,17,Delivered,871.88
215,302,139,179,2025-01-06 21:20:18,46,Delivered,457.93
216,357,83,188,2024-08-02 09:21:10,44,Delivered,1521.73
217,937,142,42,2025-04-06 16:53:15,19,Delivered,891.48
218,840,68,139,2025-04-19 02:16:34,38,Delivered,1430.26
219,519,98,188,2025-08-06 07:14:22,26,Cancelled,1172.56
220,373,62,83,2024-08-24 07:24:15,61,Delivered,1745.82
221,839,100,49,2025-09-07 08:20:20,48,Delivered,1413.46
222,158,73,83,2025-01-03 14:03:47,41,Delivered,332.27
223,536,18,12,2025-12-03 01:17:26,68,Preparing,444.75
224,33,52,28,2025-12-02 17:35:49,46,Delivered,202.5
225,658,100,169,2025-06-24 16:49:45,46,Delivered,1307.17
226,263,13,94,2025-10-03 13:39:18,29,Delivered,266.94
227,953,54,168,2026-02-22 09:44:05,46,Preparing,1522.93
228,480,16,93,2024-12-17 13:01:48,50,Delivered,1619.21
229,842,95,204,2026-01-09 18:49:59,60,Delivered,1167.94
230,542,11,188,2024-10-15 00:32:49,19,Delivered,278.59
231,222,133,25,2025-03-06 13:58:56,21,Delivered,1027.24
232,195,50,135,2025-03-21 14:44:51,57,Delivered,1181.79
233,184,143,192,2025-03-06 22:26:09,50,Delivered,324.1
234,654,148,92,2026-05-21 03:35:32,58,Delivered,1247.65
235,905,27,43,2025-09-05 19:28:06,65,Delivered,812.57
236,346,41,137,2025-09-09 16:21:21,53,Delivered,731.33
237,323,141,84,2025-11-20 05:32:07,69,Delivered,1410.9
238,441,83,156,2025-05-22 14:25:22,30,Delivered,502.98
239,785,141,238,2025-05-24 17:50:14,62,Delivered,1736.73
240,459,102,1,2025-10-27 13:26:20,61,Delivered,619.4
241,17,133,35,2025-11-22 14:27:37,34,Delivered,1774.25
242,220,81,6,2026-02-05 18:28:53,64,Delivered,1288.04
243,283,142,131,2025-08-14 03:31:16,50,Delivered,1093.16
244,97,10,118,2024-11-17 23:13:47,37,Delivered,587.23
245,911,150,64,2025-08-21 02:27:19,29,Delivered,645.5
246,585,103,146,2026-05-20 13:03:02,28,Delivered,1343.91
247,812,124,45,2026-01-16 06:46:53,46,Delivered,1287.83
248,591,25,153,2026-07-26 14:00:21,56,Delivered,1355.8
249,591,98,21,2025-01-17 13:30:00,64,Delivered,1421.99
250,357,112,107,2025-06-22 16:09:57,70,Delivered,1421.14
251,766,3,163,2025-07-12 19:34:26,64,Delivered,239.31
252,537,11,82,2026-06-27 05:39:15,49,Delivered,689.27
253,715,57,40,2025-12-06 02:03:57,18,Delivered,1795.66
254,995,115,193,2026-04-02 18:20:21,53,Delivered,298.64
255,443,75,202,2025-07-06 15:33:06,40,Delivered,704.68
256,488,147,191,2026-02-07 19:22:58,18,Delivered,583.22
257,409,129,112,2025-03-13 09:15:23,64,Delivered,1407.35
258,493,144,51,2025-12-10 14:37:44,46,Delivered,1092.7
259,575,135,64,2025-06-15 01:36:48,30,Delivered,1431.67
260,332,148,23,2024-11-22 08:13:25,22,Delivered,848.84
261,357,49,83,2026-03-01 04:45:12,37,Delivered,189.94
262,313,44,90,2024-08-03 00:11:07,54,Delivered,1474.61
263,639,38,113,2024-11-06 19:59:27,17,Preparing,535.26
264,702,96,40,2025-05-09 13:44:35,63,Delivered,291.59
265,758,14,63,2026-05-17 03:25:26,54,Preparing,1583.44
266,840,74,4,2025-09-02 07:40:32,36,Delivered,333.61
267,461,121,6,2026-02-22 20:47:43,36,Delivered,1037.71
268,209,140,134,2026-01-26 15:09:08,63,Delivered,946.99
269,748,37,178,2024-12-06 07:50:50,59,Delivered,771.4
270,928,135,12,2026-07-13 01:25:20,31,Delivered,618.62
271,809,70,14,2025-05-11 13:05:47,44,Delivered,163.75
272,398,70,170,2025-03-09 16:37:06,69,Preparing,744.36
273,111,5,75,2025-01-07 12:22:47,70,Cancelled,787.76
274,390,131,182,2024-09-21 02:50:15,21,Preparing,949.69
275,612,137,23,2025-09-10 11:39:51,26,Delivered,1745.21
276,575,6,11,2025-01-14 17:31:02,30,Preparing,653.13
277,502,101,191,2026-04-15 14:59:10,25,Delivered,1279.11
278,364,78,61,2026-04-21 23:31:07,47,Delivered,252.32
279,264,100,228,2024-12-10 08:07:45,67,Preparing,1707.83
280,972,72,58,2026-01-29 15:30:30,24,Delivered,798.2
281,141,23,187,2025-09-24 02:34:42,39,Delivered,1268.69
282,894,59,107,2026-04-17 10:41:19,30,Delivered,853.67
283,320,85,115,2026-04-24 03:30:19,49,Delivered,1226.58
284,595,139,176,2024-10-19 06:55:18,66,Delivered,377.88
285,706,135,233,2026-02-21 13:03:45,23,Delivered,1649.85
286,789,38,168,2024-11-09 22:21:19,51,Preparing,673.87
287,571,137,243,2024-12-23 23:16:53,61,Delivered,674.04
288,901,38,187,2026-05-09 16:00:31,16,Delivered,1602.22
289,424,106,78,2024-09-15 22:21:27,43,Delivered,1505.8
290,653,71,39,2024-11-04 03:50:36,64,Delivered,367.05
291,27,69,156,2024-12-31 13:10:19,51,Delivered,1134.0
292,237,7,92,2025-11-12 04:58:57,20,Delivered,936.39
293,515,121,183,2024-11-17 07:12:09,56,Delivered,1556.01
294,504,122,36,2026-06-11 13:00:38,25,Delivered,203.18
295,783,4,237,2026-05-13 10:00:58,32,Preparing,517.21
296,688,52,194,2025-12-12 03:57:16,28,Delivered,1679.72
297,450,126,177,2024-08-03 13:35:12,35,Cancelled,1614.52
298,438,104,199,2025-11-28 00:00:43,17,Delivered,1510.14
299,738,81,101,2025-03-22 20:42:16,54,Preparing,1093.69
300,550,135,165,2025-11-25 18:59:39,60,Delivered,1009.07
301,463,117,212,2024-10-08 23:47:29,17,Cancelled,555.44
302,551,102,189,2024-09-12 21:04:36,17,Delivered,1001.61
303,646,13,49,2025-05-18 00:13:46,33,Delivered,1609.26
304,793,74,119,2026-02-22 12:22:10,25,Delivered,1161.67
305,56,133,232,2024-08-04 08:47:52,24,Delivered,1216.07
306,93,129,29,2026-06-16 20:06:34,26,Delivered,1697.44
307,713,140,35,2024-10-06 20:28:11,40,Delivered,893.96
308,184,117,152,2025-09-05 15:23:48,60,Cancelled,1606.2
309,93,65,83,2025-02-04 03:58:06,59,Delivered,1323.93
310,168,32,24,2025-06-16 16:32:48,22,Delivered,1196.22
311,88,135,182,2025-02-17 20:50:13,39,Delivered,1759.07
312,627,41,97,2025-08-13 07:10:23,50,Delivered,1417.63
313,935,86,145,2024-11-30 10:57:12,70,Delivered,397.65
314,890,38,46,2025-01-03 11:33:38,64,Delivered,842.31
315,317,115,74,2026-02-06 09:31:35,55,Delivered,1632.59
316,984,52,1,2025-10-01 09:27:29,54,Delivered,170.14
317,510,128,140,2025-07-23 19:56:26,66,Delivered,1606.46
318,244,56,151,2025-04-23 00:55:28,57,Delivered,826.75
319,82,2,63,2024-08-16 21:07:12,50,Delivered,1187.25
320,840,54,13,2025-09-15 16:17:24,26,Delivered,1227.91
321,38,38,219,2024-12-04 06:27:05,17,Delivered,1532.72
322,306,85,236,2026-03-16 18:13:51,20,Delivered,837.98
323,183,42,173,2025-07-30 09:55:10,33,Delivered,1291.0
324,610,147,202,2025-06-07 21:06:16,50,Delivered,901.31
325,593,93,239,2025-09-04 22:26:46,17,Delivered,643.84
326,378,98,210,2026-01-28 13:25:38,19,Delivered,1541.46
327,67,75,121,2024-10-04 17:02:11,23,Delivered,1568.02
328,338,135,106,2025-12-27 16:57:25,48,Delivered,494.93
329,60,28,147,2025-07-18 06:29:39,61,Preparing,1022.76
330,90,124,186,2024-12-13 11:56:54,59,Delivered,1450.5
331,724,74,110,2026-04-01 06:49:59,53,Delivered,578.44
332,589,91,238,2024-12-16 09:22:10,23,Delivered,969.05
333,747,128,127,2026-06-27 23:58:35,66,Delivered,1155.52
334,726,75,50,2025-04-26 23:38:02,15,Delivered,917.06
335,816,31,189,2025-08-05 22:51:29,69,Delivered,1165.26
336,425,106,12,2025-07-24 15:59:11,36,Delivered,1479.97
337,218,3,164,2025-04-04 06:34:56,27,Delivered,569.79
338,70,79,77,2025-02-16 06:37:40,47,Delivered,1415.6
339,117,86,88,2026-03-01 03:22:58,40,Delivered,1166.39
340,30,45,50,2025-05-07 03:49:47,36,Delivered,1671.76
341,491,122,205,2025-10-08 14:44:07,17,Delivered,944.47
342,643,118,229,2025-11-28 15:20:45,70,Delivered,702.93
343,803,106,238,2025-02-20 09:14:02,62,Delivered,1009.77
344,579,81,143,2025-08-08 20:50:00,49,Delivered,1102.71
345,340,91,17,2024-11-11 10:32:08,24,Delivered,201.44
346,385,137,216,2025-05-19 08:54:47,25,Delivered,792.78
347,610,30,222,2024-11-26 06:22:01,65,Delivered,1313.69
348,323,9,70,2026-05-30 04:07:23,41,Delivered,1597.13
349,381,116,213,2025-10-15 17:48:59,34,Delivered,648.83
350,115,96,201,2024-08-23 10:58:56,17,Delivered,1657.03
351,455,130,7,2025-04-07 20:03:36,66,Delivered,975.09
352,195,88,237,2024-11-16 16:54:27,45,Delivered,1013.99
353,795,84,37,2025-11-21 13:16:50,64,Cancelled,1506.53
354,961,133,174,2024-10-07 03:36:39,23,Delivered,210.31
355,397,134,30,2025-08-29 21:55:02,15,Delivered,222.65
356,869,23,86,2026-04-24 09:19:15,44,Cancelled,320.12
357,785,80,6,2026-03-23 10:13:48,51,Delivered,1204.1
358,215,83,52,2026-05-24 01:37:43,27,Delivered,1028.26
359,792,113,172,2025-12-31 07:12:32,22,Delivered,409.87
360,118,4,246,2026-02-25 07:34:10,54,Delivered,318.92
361,556,90,141,2025-07-16 08:44:41,35,Delivered,1706.41
362,824,73,147,2025-05-22 02:13:01,30,Delivered,663.77
363,914,87,139,2026-06-27 20:14:41,43,Delivered,197.84
364,925,13,28,2025-12-21 21:31:48,39,Delivered,853.67
365,184,115,158,2025-10-02 05:06:07,37,Delivered,1498.78
366,731,137,21,2025-02-01 07:44:59,63,Delivered,1086.85
367,96,120,25,2026-02-15 17:26:25,44,Delivered,1213.29
368,785,120,121,2024-10-16 11:36:11,29,Preparing,387.14
369,918,67,234,2025-05-29 22:10:25,38,Delivered,1304.36
370,682,85,202,2024-09-08 07:18:57,70,Cancelled,897.92
371,31,17,122,2025-09-28 18:36:04,22,Delivered,911.05
372,175,73,197,2026-06-04 01:25:34,37,Delivered,360.2
373,106,104,210,2024-12-17 03:46:27,60,Delivered,687.69
374,666,19,203,2026-02-06 23:24:18,34,Delivered,811.35
375,424,62,159,2025-07-05 11:04:50,30,Delivered,1756.92
376,394,17,88,2024-10-30 23:49:13,28,Delivered,1125.1
377,804,112,146,2025-12-12 09:01:57,65,Delivered,1295.32
378,178,20,190,2025-07-28 04:04:42,60,Delivered,952.94
379,607,119,84,2024-12-12 09:59:47,50,Delivered,884.61
380,316,104,18,2024-09-16 05:55:57,53,Delivered,1493.21
381,790,98,84,2025-07-19 03:43:54,46,Delivered,251.45
382,223,36,228,2026-01-14 01:08:06,52,Preparing,1199.62
383,1,38,170,2025-01-12 02:41:38,24,Delivered,630.98
384,631,148,115,2024-12-30 02:30:03,27,Delivered,1597.75
385,307,146,204,2025-07-08 01:44:56,58,Delivered,1706.5
386,446,89,23,2026-04-01 12:12:53,52,Delivered,1777.6
387,414,33,219,2026-02-06 02:59:52,33,Delivered,1636.77
388,992,14,1,2026-02-14 18:05:11,60,Delivered,1764.85
389,113,73,222,2025-01-13 19:43:51,16,Delivered,1308.67
390,404,82,183,2026-07-18 03:35:43,39,Delivered,868.06
391,217,45,122,2025-10-10 12:17:10,23,Delivered,784.58
392,947,93,216,2025-12-20 02:59:40,41,Delivered,1795.8
393,687,33,35,2025-10-24 13:07:39,15,Delivered,175.92
394,739,125,169,2024-12-20 15:35:04,42,Preparing,374.03
395,141,107,221,2026-05-10 20:23:14,44,Cancelled,1297.39
396,953,109,160,2026-07-18 09:02:29,26,Delivered,849.81
397,840,116,99,2024-08-20 19:05:39,37,Delivered,850.87
398,8,148,128,2025-04-08 03:17:59,69,Delivered,1325.01
399,276,106,238,2024-12-17 06:19:24,49,Delivered,205.21
400,39,146,124,2024-12-10 01:58:36,60,Delivered,1107.44
401,985,21,37,2024-11-26 14:30:29,61,Delivered,1772.91
402,769,72,120,2025-10-19 23:01:30,48,Delivered,1618.36
403,91,63,121,2025-10-12 08:50:05,55,Delivered,1734.68
404,80,139,205,2026-07-05 14:28:23,52,Delivered,237.08
405,352,137,200,2025-11-18 14:24:01,15,Delivered,995.89
406,481,147,188,2025-01-11 08:36:40,36,Delivered,1734.96
407,818,76,75,2026-02-24 14:39:58,25,Delivered,1672.73
408,768,78,187,2025-06-14 00:38:57,65,Delivered,251.34
409,485,149,44,2026-06-13 18:58:17,51,Delivered,1784.1
410,829,7,74,2024-12-09 00:47:13,46,Delivered,984.23
411,872,72,65,2024-10-15 08:45:41,23,Delivered,604.11
412,264,4,190,2026-02-18 06:00:13,22,Delivered,1651.72
413,757,39,169,2025-06-25 19:14:53,43,Delivered,439.41
414,802,61,125,2026-04-10 23:28:38,26,Delivered,1572.32
415,352,22,248,2025-04-09 00:24:12,24,Delivered,1505.84
416,858,127,193,2025-12-21 13:30:00,41,Delivered,542.61
417,451,43,54,2026-05-23 06:46:09,51,Delivered,719.37
418,658,68,194,2025-10-26 14:00:40,67,Delivered,426.54
419,409,122,78,2024-09-25 14:23:30,45,Delivered,1391.51
420,546,60,98,2025-12-08 10:39:19,58,Delivered,933.07
421,149,136,223,2025-03-21 13:33:24,42,Delivered,1679.92
422,460,98,174,2025-01-28 13:57:23,35,Preparing,1276.75
423,43,25,235,2025-10-01 16:44:09,49,Delivered,1727.7
424,443,70,86,2025-09-29 18:33:09,32,Delivered,312.16
425,671,150,101,2024-11-17 19:30:44,44,Delivered,1386.0
426,752,50,134,2025-01-28 17:21:41,36,Delivered,1788.8
427,321,141,3,2026-06-25 13:20:52,58,Delivered,262.12
428,422,26,135,2024-12-05 10:30:03,21,Delivered,730.0
429,743,73,65,2025-04-07 13:52:34,27,Delivered,1172.01
430,59,56,244,2025-12-18 12:17:14,53,Delivered,1318.32
431,123,23,220,2025-05-07 13:14:30,53,Delivered,1233.05
432,922,145,206,2026-01-25 16:31:14,26,Cancelled,1297.83
433,260,76,120,2025-02-03 23:43:52,57,Preparing,1203.99
434,945,71,197,2026-04-03 04:06:29,42,Delivered,1251.51
435,789,83,66,2025-10-20 16:51:59,25,Delivered,607.52
436,64,98,100,2026-05-24 16:54:40,36,Preparing,576.09
437,833,68,46,2026-06-23 20:37:05,43,Delivered,1766.05
438,206,101,46,2025-09-21 14:54:16,56,Delivered,387.39
439,788,111,56,2025-01-02 21:11:49,54,Delivered,1655.81
440,733,67,27,2025-04-03 18:33:20,17,Delivered,1092.72
441,257,115,5,2025-10-03 21:04:33,46,Delivered,1206.55
442,956,10,171,2026-07-28 22:43:53,39,Delivered,1305.09
443,927,101,148,2025-03-25 08:12:25,15,Delivered,1700.85
444,503,123,112,2025-02-21 06:38:00,40,Delivered,1438.55
445,805,18,139,2025-06-18 15:17:17,29,Delivered,1724.36
446,838,124,32,2024-10-31 22:41:21,51,Delivered,1786.14
447,342,78,103,2025-08-12 23:04:15,18,Delivered,1732.06
448,93,94,137,2026-02-12 00:31:03,69,Preparing,282.75
449,471,75,166,2025-12-11 17:51:43,27,Delivered,214.9
450,394,49,77,2025-07-23 16:58:59,59,Delivered,326.17
451,706,92,125,2026-02-21 14:20:39,20,Cancelled,872.67
452,195,36,10,2026-02-26 16:21:12,27,Delivered,1794.03
453,245,126,100,2026-06-14 12:38:12,19,Delivered,1211.62
454,512,137,248,2025-08-16 01:36:34,68,Delivered,1744.85
455,17,10,87,2025-01-15 01:29:04,18,Delivered,1339.67
456,416,31,55,2024-12-01 13:15:15,66,Delivered,1013.15
457,963,138,39,2026-04-17 20:14:45,62,Delivered,1675.95
458,38,37,126,2025-05-30 09:06:07,56,Delivered,1646.85
459,634,12,63,2025-03-11 04:35:14,59,Delivered,173.7
460,648,13,232,2025-02-06 00:27:43,34,Delivered,310.53
461,626,44,214,2024-08-13 06:09:24,52,Delivered,1498.83
462,117,128,153,2025-10-15 14:33:09,66,Delivered,254.13
463,208,110,87,2025-04-13 10:05:24,66,Delivered,1367.58
464,412,84,31,2025-02-16 19:37:32,58,Delivered,376.59
465,857,55,196,2026-06-01 06:22:11,17,Delivered,703.58
466,124,71,37,2025-02-11 06:29:42,63,Delivered,1298.89
467,567,43,113,2025-10-20 16:56:12,30,Preparing,217.15
468,103,97,200,2026-04-19 19:15:08,25,Delivered,953.5
469,7,2,46,2026-03-22 23:17:10,20,Delivered,1129.66
470,291,107,178,2025-08-19 23:06:25,66,Delivered,935.42
471,130,53,37,2025-11-15 19:21:33,55,Delivered,893.19
472,245,45,157,2026-02-04 19:14:34,59,Delivered,447.0
473,512,23,161,2026-02-12 05:03:38,67,Delivered,723.96
474,5,143,61,2024-10-27 12:51:01,27,Delivered,1024.83
475,98,93,221,2024-12-16 05:33:10,63,Preparing,987.44
476,476,54,71,2026-06-22 21:19:16,18,Delivered,1464.41
477,702,122,128,2025-07-11 02:58:47,26,Delivered,1672.41
478,56,94,73,2025-11-09 21:35:02,28,Delivered,701.59
479,825,117,12,2026-04-30 18:11:58,21,Delivered,1676.02
480,181,41,202,2026-05-18 16:20:43,16,Delivered,341.51
481,917,61,185,2026-05-28 12:32:17,43,Delivered,687.85
482,204,84,59,2025-10-24 07:44:49,64,Delivered,525.84
483,243,106,223,2025-07-04 21:16:35,27,Delivered,514.09
484,483,150,125,2024-07-31 03:38:08,18,Cancelled,389.15
485,951,117,46,2024-12-21 03:37:55,39,Delivered,905.27
486,199,92,250,2025-10-15 14:32:35,32,Delivered,359.9
487,709,146,16,2024-12-11 11:17:00,32,Delivered,1555.22
488,470,108,44,2025-07-05 22:21:43,63,Delivered,1612.57
489,619,41,203,2024-09-21 08:13:47,65,Delivered,1159.02
490,175,148,249,2024-12-01 23:05:41,50,Cancelled,292.68
491,878,134,126,2024-09-10 02:57:23,70,Preparing,1126.11
492,858,119,72,2025-04-12 05:51:31,15,Delivered,1364.7
493,253,64,84,2025-02-05 12:25:14,42,Delivered,1621.51
494,606,39,234,2025-12-28 22:05:50,51,Cancelled,839.32
495,46,11,121,2026-06-28 22:44:12,61,Delivered,205.47
496,544,101,123,2025-11-03 21:49:43,66,Delivered,1505.13
497,464,127,62,2025-07-27 23:12:15,20,Delivered,170.5
498,750,105,244,2026-03-11 04:12:40,28,Delivered,638.05
499,664,24,5,2025-09-11 09:31:09,45,Delivered,416.97
500,471,147,192,2026-07-06 09:31:25,52,Delivered,900.49
501,791,36,224,2025-08-19 15:20:36,60,Delivered,1453.27
502,380,119,181,2026-02-07 08:16:11,55,Delivered,1185.05
503,395,86,136,2024-10-24 10:55:19,17,Delivered,1392.27
504,715,139,148,2025-01-11 11:11:48,65,Delivered,1279.7
505,636,86,189,2025-08-13 21:53:35,18,Delivered,1651.51
506,373,14,29,2026-01-29 22:05:10,39,Delivered,1171.57
507,375,94,45,2026-06-24 12:40:11,56,Delivered,260.56
508,727,53,36,2026-04-25 00:50:06,36,Delivered,337.37
509,490,149,224,2025-04-08 22:57:02,59,Delivered,1379.28
510,231,83,91,2024-11-13 11:09:56,32,Delivered,847.83
511,56,17,96,2025-10-22 05:39:12,37,Delivered,977.39
512,850,32,121,2025-10-05 17:13:14,60,Delivered,1511.88
513,922,75,116,2026-07-09 18:00:13,54,Delivered,1260.96
514,710,17,49,2025-09-05 03:21:37,44,Delivered,794.63
515,184,74,246,2025-02-02 19:52:53,19,Delivered,605.31
516,714,38,128,2024-11-07 13:21:37,24,Cancelled,1009.13
517,643,6,76,2024-11-21 23:33:12,41,Preparing,1043.37
518,136,122,89,2024-08-19 20:56:41,41,Delivered,1213.73
519,299,49,17,2026-04-21 00:16:57,16,Cancelled,533.34
520,971,134,166,2026-01-04 12:33:03,36,Delivered,715.61
521,662,84,125,2026-03-05 17:47:02,52,Delivered,1024.77
522,562,114,118,2024-10-13 14:45:02,34,Delivered,1632.17
523,314,44,203,2024-11-10 16:49:11,31,Delivered,763.64
524,296,13,38,2026-04-06 04:28:21,37,Delivered,1727.75
525,634,42,183,2025-05-08 00:42:21,49,Delivered,1755.79
526,860,40,42,2025-06-02 12:35:50,30,Delivered,1789.73
527,589,33,113,2026-02-15 10:51:24,31,Delivered,488.51
528,725,9,171,2026-04-04 03:06:45,35,Preparing,394.11
529,460,139,250,2026-02-13 01:11:05,25,Delivered,350.46
530,26,104,239,2026-05-30 08:36:18,46,Delivered,1713.85
531,951,82,40,2024-09-09 05:34:35,15,Preparing,1051.14
532,520,85,166,2025-09-27 16:36:14,60,Delivered,1628.36
533,993,147,171,2024-12-22 10:18:39,24,Delivered,1352.1
534,945,114,87,2024-12-10 15:26:40,59,Delivered,940.32
535,42,36,174,2024-08-27 07:30:19,50,Delivered,190.91
536,633,57,115,2026-06-15 04:45:50,37,Delivered,240.81
537,657,50,150,2024-09-01 14:25:30,48,Delivered,1693.85
538,285,51,6,2025-02-20 03:17:31,20,Delivered,885.01
539,688,23,250,2026-03-12 03:32:02,47,Delivered,959.27
540,618,131,242,2025-10-02 12:44:58,18,Preparing,745.76
541,152,110,95,2025-08-12 20:07:46,39,Delivered,619.67
542,360,79,115,2025-11-12 04:59:46,70,Delivered,505.9
543,910,114,190,2026-04-19 20:32:44,41,Delivered,626.25
544,826,109,187,2026-07-28 23:18:17,41,Delivered,1118.85
545,89,37,54,2026-01-12 21:45:50,34,Delivered,1581.42
546,344,17,239,2026-06-16 07:52:02,52,Delivered,295.94
547,420,70,107,2025-07-25 16:58:36,26,Delivered,1321.91
548,774,36,52,2025-09-04 21:22:41,26,Delivered,627.61
549,503,11,211,2025-08-24 02:42:50,67,Delivered,1115.59
550,506,144,190,2025-08-26 00:28:21,44,Delivered,1455.51
551,158,68,77,2026-05-30 20:37:34,55,Delivered,929.69
552,670,74,107,2025-10-13 22:59:16,26,Delivered,1284.94
553,251,8,31,2025-07-04 13:20:03,63,Delivered,1790.65
554,69,93,149,2025-04-26 09:11:27,45,Delivered,1582.77
555,644,122,250,2026-01-11 00:42:12,59,Delivered,765.78
556,751,148,5,2025-01-08 15:07:43,69,Delivered,1109.73
557,150,82,119,2026-01-18 13:56:25,59,Delivered,419.46
558,280,93,108,2026-02-23 19:46:26,55,Preparing,737.37
559,297,75,136,2026-02-09 21:24:38,55,Preparing,997.88
560,785,47,196,2026-01-27 14:48:01,21,Delivered,425.77
561,331,81,212,2026-06-11 10:14:17,69,Delivered,646.77
562,702,93,25,2025-05-14 03:42:15,49,Delivered,1508.47
563,14,36,133,2025-12-29 09:47:33,33,Delivered,950.08
564,349,42,27,2025-09-01 13:25:01,28,Delivered,514.84
565,193,144,158,2025-05-02 15:16:44,59,Delivered,1017.33
566,545,142,180,2024-12-19 11:46:02,63,Delivered,838.62
567,939,20,30,2025-01-28 23:43:14,67,Delivered,178.68
568,357,80,177,2025-12-06 04:01:44,38,Delivered,879.2
569,612,134,196,2025-09-17 14:27:16,36,Delivered,652.73
570,763,31,57,2025-05-31 08:39:50,23,Cancelled,384.89
571,233,79,33,2026-07-16 23:46:30,28,Delivered,279.7
572,708,29,20,2024-09-14 08:25:49,16,Delivered,1399.6
573,44,51,28,2026-04-10 10:13:30,17,Delivered,997.24
574,61,121,31,2026-05-10 20:15:54,31,Delivered,647.72
575,11,25,201,2026-07-15 15:03:23,22,Preparing,488.91
576,923,52,48,2026-03-04 01:51:06,57,Delivered,299.79
577,867,72,243,2026-04-03 22:27:28,52,Delivered,414.92
578,513,62,130,2026-04-22 00:19:36,51,Delivered,1502.32
579,782,4,136,2026-03-18 00:41:05,28,Delivered,1741.04
580,176,138,2,2024-08-29 11:20:28,61,Delivered,503.13
581,517,122,94,2025-01-01 22:59:22,59,Delivered,875.45
582,981,28,47,2024-08-11 12:42:41,68,Delivered,776.36
583,220,132,59,2025-03-02 02:14:54,41,Delivered,1774.61
584,127,120,29,2025-03-20 17:08:38,48,Delivered,1407.75
585,722,74,143,2025-01-28 14:14:28,61,Delivered,691.39
586,119,99,73,2026-07-15 15:00:18,44,Delivered,664.81
587,1000,114,58,2025-05-26 07:35:41,50,Delivered,1775.19
588,439,49,220,2025-12-12 08:46:54,19,Cancelled,1474.02
589,962,95,46,2024-09-30 18:18:03,15,Preparing,961.22
590,108,102,113,2026-04-22 20:07:35,48,Delivered,290.26
591,147,102,103,2025-10-16 20:47:32,59,Delivered,317.84
592,948,44,17,2026-05-24 07:20:29,38,Preparing,708.74
593,610,104,32,2026-04-06 23:23:40,29,Delivered,1346.58
594,286,149,152,2025-10-17 18:54:31,32,Delivered,1471.62
595,966,103,92,2025-04-04 04:26:37,45,Delivered,1717.73
596,497,131,72,2024-10-22 02:23:48,24,Delivered,328.26
597,257,126,128,2025-07-21 12:33:04,29,Delivered,372.1
598,102,14,213,2024-09-18 15:28:08,19,Delivered,194.14
599,184,98,155,2025-04-24 11:58:37,58,Delivered,649.54
600,639,25,195,2026-05-08 18:29:08,19,Delivered,1007.92
601,505,120,52,2026-06-06 05:31:34,33,Delivered,958.91
602,268,139,88,2024-12-02 16:09:17,66,Cancelled,1051.92
603,976,9,111,2025-01-08 05:10:05,22,Delivered,669.02
604,386,114,118,2026-06-06 08:54:27,17,Delivered,1068.5
605,882,78,227,2026-02-14 11:38:33,60,Delivered,860.62
606,320,100,125,2025-10-15 04:43:02,63,Delivered,1263.79
607,676,142,176,2026-06-26 23:31:14,49,Delivered,935.25
608,875,41,130,2026-07-20 06:43:00,18,Delivered,966.24
609,995,97,158,2026-06-02 22:37:20,58,Delivered,1763.34
610,329,16,8,2024-10-09 17:46:59,52,Delivered,1530.94
611,358,150,7,2024-08-15 19:18:19,63,Cancelled,713.07
612,100,110,89,2026-03-26 02:06:36,37,Delivered,243.14
613,251,64,61,2024-11-21 23:06:08,56,Delivered,290.15
614,705,17,223,2025-12-10 10:16:05,34,Delivered,430.14
615,552,84,10,2025-10-20 09:05:54,44,Delivered,847.08
616,528,108,69,2024-12-06 03:34:51,16,Delivered,1120.18
617,325,97,147,2026-03-26 07:14:57,39,Delivered,311.25
618,501,26,177,2026-07-18 23:28:56,58,Delivered,969.61
619,831,87,43,2026-02-15 21:21:57,54,Delivered,1749.56
620,207,128,163,2025-10-27 21:45:11,69,Preparing,274.28
621,871,138,55,2026-03-03 01:05:08,33,Delivered,640.58
622,588,103,206,2025-04-25 13:19:51,29,Delivered,1730.6
623,735,149,25,2025-12-26 19:32:21,52,Delivered,261.0
624,821,136,122,2024-08-16 17:28:36,42,Delivered,1462.83
625,668,78,130,2024-10-08 21:23:10,66,Delivered,1244.7
626,321,52,107,2025-03-21 05:57:11,40,Delivered,1000.36
627,688,141,47,2024-12-30 12:09:46,16,Delivered,1001.77
628,192,148,128,2025-08-04 07:30:33,28,Delivered,1509.45
629,961,120,69,2025-03-01 08:36:49,55,Delivered,1163.8
630,788,112,240,2025-12-18 20:23:49,51,Delivered,248.8
631,206,94,119,2026-06-03 03:33:08,24,Delivered,1381.62
632,784,77,217,2026-02-19 21:28:02,42,Delivered,1569.31
633,934,17,163,2025-08-30 06:21:30,28,Delivered,590.44
634,294,42,66,2024-12-25 20:32:04,58,Delivered,819.68
635,117,39,50,2024-09-11 02:16:44,16,Delivered,1514.93
636,476,125,144,2025-11-16 11:31:39,42,Delivered,1644.33
637,207,41,70,2026-04-29 12:00:10,23,Delivered,1452.96
638,285,141,46,2024-12-28 13:25:52,56,Cancelled,1740.25
639,498,6,15,2026-07-07 03:59:48,70,Cancelled,667.94
640,306,17,231,2024-08-01 21:06:04,41,Cancelled,1258.26
641,907,24,102,2025-10-19 21:10:54,68,Delivered,381.92
642,115,147,189,2025-06-16 20:34:51,47,Preparing,1011.23
643,849,149,244,2025-07-29 04:45:43,64,Preparing,565.48
644,906,24,61,2024-10-01 06:11:35,53,Delivered,1481.03
645,338,150,189,2025-01-08 11:59:06,39,Delivered,1377.53
646,958,109,56,2026-01-13 11:54:45,24,Delivered,503.28
647,282,113,105,2025-11-02 00:53:15,31,Cancelled,242.28
648,547,96,180,2025-08-21 07:41:22,22,Delivered,849.24
649,700,64,247,2024-10-09 05:51:08,32,Cancelled,1696.0
650,372,122,184,2025-11-13 20:27:51,38,Delivered,184.77
651,991,9,216,2024-10-26 12:27:11,62,Delivered,1702.4
652,708,62,65,2024-11-18 19:57:10,50,Delivered,1204.27
653,718,93,232,2025-06-03 01:25:09,66,Delivered,1032.6
654,243,114,100,2024-09-04 16:04:27,15,Preparing,798.41
655,940,66,78,2025-12-02 22:55:12,20,Preparing,1398.5
656,305,54,221,2024-11-23 07:05:50,25,Preparing,1191.73
657,901,105,203,2026-02-17 10:26:09,17,Delivered,282.16
658,799,126,121,2024-11-23 23:02:53,62,Delivered,1537.92
659,735,109,225,2024-10-26 19:42:47,67,Delivered,414.57
660,268,130,17,2025-01-06 00:51:52,37,Delivered,1353.23
661,561,84,117,2024-11-28 07:45:34,59,Delivered,235.96
662,657,48,162,2024-10-28 18:40:55,43,Delivered,374.55
663,411,52,161,2026-06-02 06:33:39,34,Delivered,285.68
664,162,64,133,2026-01-13 12:08:38,60,Preparing,1520.53
665,782,34,217,2026-07-16 17:54:06,53,Delivered,1457.86
666,328,116,123,2026-01-24 01:57:56,70,Delivered,580.12
667,704,84,205,2025-07-21 14:58:27,33,Delivered,833.92
668,187,101,225,2025-06-12 14:33:31,39,Preparing,1609.16
669,230,6,243,2025-07-26 10:42:03,16,Preparing,1217.73
670,642,59,233,2026-03-05 16:07:21,20,Preparing,477.14
671,719,44,13,2025-12-23 20:13:32,40,Delivered,1140.65
672,153,23,246,2024-11-14 12:30:43,38,Delivered,1085.95
673,15,135,112,2024-09-08 14:54:10,64,Preparing,898.62
674,690,127,31,2024-10-26 12:22:27,29,Delivered,464.4
675,883,69,74,2025-11-11 15:09:07,62,Delivered,364.83
676,877,53,154,2026-03-20 05:02:01,28,Preparing,616.9
677,694,49,108,2026-02-28 12:22:00,26,Delivered,390.81
678,298,68,61,2026-01-03 03:18:53,54,Delivered,559.72
679,597,118,22,2024-10-06 09:01:00,15,Delivered,1587.88
680,998,102,176,2024-10-27 02:41:26,28,Delivered,1318.95
681,754,66,19,2024-10-24 14:35:06,21,Delivered,235.99
682,954,61,121,2025-05-22 05:22:21,37,Preparing,1699.88
683,991,12,2,2025-06-06 20:19:44,31,Delivered,778.55
684,405,95,34,2024-10-18 05:39:01,50,Delivered,445.96
685,174,129,127,2024-11-06 15:37:38,36,Cancelled,367.67
686,325,136,111,2026-07-08 10:23:51,24,Delivered,666.89
687,131,128,224,2024-12-16 10:08:54,68,Delivered,744.98
688,441,73,232,2024-08-30 13:41:15,31,Delivered,1406.58
689,271,133,81,2024-10-31 00:19:26,42,Cancelled,670.65
690,504,39,143,2025-11-20 16:42:31,69,Preparing,1200.48
691,451,14,49,2026-02-09 14:26:34,24,Delivered,452.18
692,482,67,42,2024-08-22 20:30:31,60,Delivered,341.44
693,917,127,11,2025-07-10 20:43:18,43,Delivered,1319.9
694,497,118,127,2024-11-11 16:30:11,22,Delivered,1580.35
695,127,90,24,2026-02-10 15:12:39,28,Cancelled,448.08
696,173,131,211,2025-04-21 10:22:16,32,Delivered,1244.18
697,218,150,249,2025-12-25 00:50:15,15,Delivered,1091.8
698,427,20,64,2026-02-25 20:12:51,64,Delivered,305.6
699,337,7,73,2026-07-17 22:40:04,58,Preparing,351.29
700,383,28,215,2025-09-13 01:41:39,35,Delivered,283.75
701,851,123,117,2026-03-11 08:03:28,55,Preparing,1130.44
702,6,85,249,2025-07-03 23:40:13,17,Delivered,1718.98
703,333,146,34,2026-07-23 06:46:00,28,Cancelled,1472.57
704,290,83,205,2025-02-07 05:08:33,18,Delivered,1052.81
705,617,98,24,2024-12-29 19:36:22,40,Delivered,546.13
706,790,103,23,2026-07-17 21:46:45,16,Cancelled,418.85
707,799,104,73,2025-11-24 22:36:12,56,Delivered,1229.21
708,124,77,126,2026-03-01 02:23:07,66,Delivered,1480.48
709,318,34,92,2026-02-15 19:45:52,57,Delivered,756.3
710,205,126,115,2025-01-11 08:26:18,39,Delivered,1079.04
711,434,24,194,2024-08-26 19:41:07,42,Delivered,1162.88
712,445,110,24,2025-03-14 02:51:16,17,Delivered,1755.9
713,693,58,166,2025-10-16 06:12:49,58,Delivered,1685.6
714,540,135,22,2024-12-25 12:57:10,33,Delivered,280.65
715,821,123,77,2025-06-29 04:18:36,24,Preparing,1279.12
716,308,64,134,2025-05-20 10:31:34,42,Delivered,228.75
717,79,12,132,2025-04-17 01:29:58,21,Delivered,831.48
718,476,146,209,2025-01-06 22:25:09,31,Delivered,1116.19
719,788,129,5,2025-09-18 12:03:28,22,Delivered,913.75
720,806,47,216,2024-08-08 11:29:21,40,Delivered,836.82
721,722,77,81,2025-12-23 23:06:14,52,Delivered,1399.63
722,461,68,88,2024-12-14 23:18:08,70,Delivered,498.26
723,81,67,224,2025-07-17 17:44:22,58,Delivered,1031.72
724,6,102,30,2025-12-16 10:05:00,15,Delivered,937.25
725,709,104,223,2026-06-10 03:36:52,57,Preparing,1143.11
726,499,78,159,2025-12-27 16:42:18,67,Preparing,745.2
727,690,102,206,2026-04-20 04:29:38,34,Delivered,372.94
728,196,29,209,2025-03-20 05:14:38,16,Delivered,460.56
729,28,54,124,2026-03-24 07:18:29,56,Delivered,548.94
730,863,138,49,2025-09-06 17:32:03,20,Delivered,914.65
731,486,109,6,2024-10-17 13:19:16,22,Delivered,401.5
732,720,114,247,2024-11-22 06:51:52,46,Delivered,1568.66
733,600,63,52,2026-03-14 18:13:50,33,Delivered,1525.83
734,53,86,3,2026-03-30 19:00:20,21,Delivered,1326.6
735,426,127,189,2025-03-05 03:13:32,52,Delivered,1064.6
736,298,10,125,2024-12-12 20:57:39,40,Delivered,1125.21
737,627,125,60,2024-10-15 02:12:41,60,Delivered,181.38
738,591,81,142,2024-10-07 01:07:13,19,Delivered,1219.7
739,911,122,30,2025-03-07 00:03:59,46,Delivered,1216.2
740,460,112,6,2024-08-15 16:51:38,25,Delivered,467.13
741,353,113,60,2026-04-03 13:09:17,47,Delivered,1649.97
742,348,120,34,2025-10-05 18:36:24,33,Delivered,794.11
743,427,93,204,2026-01-10 14:20:47,45,Delivered,1543.48
744,637,54,73,2025-05-31 16:49:39,59,Delivered,1250.64
745,133,45,52,2025-11-26 18:51:54,25,Delivered,316.49
746,426,127,78,2025-09-09 16:48:45,30,Delivered,227.63
747,19,92,226,2024-11-15 06:42:32,31,Delivered,411.7
748,848,129,9,2026-07-15 03:31:41,66,Delivered,860.52
749,633,59,31,2025-04-16 22:33:44,50,Delivered,575.41
750,349,91,197,2026-05-27 22:10:37,17,Delivered,1069.09
751,918,39,219,2024-08-04 20:29:30,59,Cancelled,1147.08
752,107,13,238,2025-10-19 18:57:06,43,Delivered,1738.37
753,774,29,250,2025-12-27 12:35:53,21,Delivered,1155.93
754,879,27,211,2025-04-08 18:31:24,50,Delivered,323.93
755,646,31,223,2024-11-10 15:17:25,28,Preparing,409.1
756,300,114,196,2024-11-22 16:06:58,47,Delivered,1586.31
757,158,94,86,2025-11-04 05:47:50,67,Delivered,1550.18
758,450,107,197,2025-03-08 18:14:35,64,Delivered,1527.44
759,486,88,74,2025-05-16 18:47:15,47,Delivered,588.93
760,733,107,93,2024-11-06 02:40:13,55,Delivered,400.16
761,772,136,108,2024-08-11 08:34:15,65,Delivered,1472.92
762,424,105,230,2026-05-12 12:06:01,44,Preparing,1001.66
763,699,93,242,2026-04-29 11:47:53,16,Delivered,1420.75
764,735,133,242,2025-10-31 10:02:37,19,Delivered,669.43
765,791,43,112,2024-12-26 11:29:46,18,Delivered,211.2
766,945,39,232,2026-01-24 06:08:08,51,Delivered,1192.15
767,731,134,250,2026-05-17 20:23:05,33,Delivered,1611.54
768,718,142,224,2025-05-09 21:48:59,34,Delivered,667.6
769,353,3,212,2025-04-26 21:32:20,32,Preparing,1157.16
770,151,104,115,2026-02-09 12:38:39,56,Delivered,1048.3
771,808,114,179,2025-05-20 14:28:42,37,Cancelled,1439.58
772,415,51,226,2026-05-12 05:39:47,34,Delivered,1036.77
773,400,33,134,2026-04-04 10:22:48,49,Delivered,303.15
774,566,80,134,2024-09-18 08:10:58,36,Delivered,414.05
775,29,139,152,2026-04-19 13:40:53,31,Delivered,1427.36
776,744,109,130,2026-02-25 11:29:50,22,Delivered,1538.61
777,266,130,91,2026-02-20 17:14:53,22,Delivered,1224.09
778,128,115,77,2025-12-19 22:31:35,51,Delivered,897.69
779,242,149,145,2024-07-30 00:34:05,60,Cancelled,1185.78
780,547,60,90,2026-04-15 14:33:53,34,Delivered,1444.9
781,733,147,173,2026-07-21 23:02:44,23,Delivered,1007.45
782,254,27,84,2025-01-11 18:17:55,48,Delivered,1507.69
783,370,117,26,2026-02-04 22:38:38,24,Delivered,1516.92
784,84,24,16,2025-12-29 02:23:08,42,Cancelled,935.82
785,457,20,95,2025-10-13 22:01:59,58,Delivered,1120.6
786,532,102,224,2025-11-04 03:33:03,31,Delivered,1200.16
787,451,126,188,2025-04-23 05:14:36,41,Delivered,388.17
788,131,125,183,2024-11-05 15:24:33,44,Delivered,1312.47
789,884,136,31,2026-03-26 07:13:08,59,Delivered,931.04
790,765,41,242,2026-01-19 13:04:25,50,Delivered,1720.51
791,617,105,29,2025-10-25 05:59:16,22,Delivered,627.82
792,536,40,31,2025-08-18 18:02:21,38,Delivered,767.86
793,302,125,8,2026-04-29 16:33:37,65,Delivered,1443.26
794,432,13,240,2024-08-11 08:04:46,34,Cancelled,505.71
795,839,126,1,2026-03-24 01:58:52,22,Delivered,261.48
796,46,107,124,2024-10-12 12:52:12,51,Delivered,896.42
797,346,97,122,2025-01-22 19:50:45,68,Delivered,1149.42
798,781,36,130,2025-07-16 11:44:49,55,Delivered,892.38
799,460,39,222,2024-10-29 05:19:43,61,Delivered,1469.69
800,681,105,100,2024-11-16 06:20:33,29,Preparing,709.35
801,47,114,189,2025-02-28 00:30:31,32,Delivered,1578.82
802,725,7,147,2024-12-24 05:29:01,55,Delivered,1317.21
803,575,32,165,2025-06-23 06:53:19,50,Delivered,1726.03
804,555,148,194,2026-07-25 10:20:13,18,Preparing,1010.89
805,769,122,129,2025-05-03 22:04:14,16,Delivered,1694.7
806,185,5,71,2025-09-29 00:34:59,65,Delivered,1518.99
807,860,149,114,2025-04-08 18:31:02,20,Delivered,1151.31
808,412,12,126,2025-09-21 05:07:56,70,Preparing,710.93
809,185,107,7,2025-05-09 21:08:04,70,Delivered,780.32
810,94,30,26,2025-05-25 22:36:10,49,Delivered,387.66
811,262,23,40,2025-03-24 11:23:54,34,Preparing,1269.7
812,61,84,47,2026-03-13 08:54:03,16,Delivered,641.74
813,102,82,37,2026-07-16 18:30:29,41,Cancelled,575.59
814,965,31,14,2024-11-07 07:07:14,27,Delivered,1135.06
815,243,127,131,2025-01-09 17:43:39,63,Delivered,1716.44
816,276,16,82,2026-05-17 10:29:11,44,Delivered,258.01
817,30,105,163,2024-08-19 01:37:42,29,Preparing,180.73
818,568,26,64,2025-02-15 12:17:45,63,Delivered,1445.6
819,312,146,105,2024-09-25 06:40:36,43,Delivered,1199.07
820,209,37,96,2026-06-18 20:57:10,49,Preparing,1440.34
821,551,109,247,2026-02-25 21:26:23,50,Delivered,151.65
822,476,75,168,2026-03-25 18:12:38,25,Delivered,1690.29
823,494,70,154,2024-11-27 08:45:23,31,Delivered,777.25
824,360,55,150,2024-08-17 23:35:37,68,Delivered,225.05
825,757,137,145,2024-11-15 11:04:57,19,Delivered,802.25
826,126,36,186,2025-08-07 07:54:24,50,Preparing,1599.16
827,216,130,246,2026-07-21 13:26:08,66,Delivered,1275.47
828,351,67,193,2024-09-08 20:43:04,60,Delivered,555.78
829,330,88,54,2025-06-22 04:44:50,44,Preparing,691.95
830,936,35,166,2024-11-01 16:30:57,15,Delivered,157.06
831,10,45,106,2025-05-06 02:23:16,50,Cancelled,1310.44
832,781,101,138,2025-11-18 03:59:51,20,Delivered,1221.01
833,80,138,8,2024-12-01 20:33:53,68,Delivered,884.54
834,127,91,249,2025-08-05 08:31:17,67,Delivered,1142.16
835,397,46,215,2025-01-24 08:04:35,64,Delivered,1773.26
836,128,119,95,2025-10-05 02:36:31,27,Delivered,515.51
837,21,72,175,2025-08-17 10:19:51,60,Delivered,298.44
838,629,78,207,2025-03-01 22:31:52,60,Delivered,1767.2
839,991,93,10,2024-09-13 21:46:00,32,Delivered,1311.68
840,621,54,2,2024-12-05 06:32:56,27,Preparing,1203.42
841,114,72,146,2025-11-06 08:56:26,47,Delivered,1060.45
842,676,145,173,2025-11-22 04:26:27,58,Delivered,439.62
843,603,33,191,2024-09-14 20:18:54,19,Delivered,1690.38
844,877,59,226,2025-07-08 05:46:49,48,Delivered,602.64
845,869,6,249,2026-02-07 09:41:35,59,Delivered,1163.85
846,698,144,227,2026-02-09 12:08:46,44,Delivered,854.74
847,690,14,219,2024-10-03 09:00:18,35,Delivered,1791.93
848,281,32,175,2025-06-29 00:05:05,48,Delivered,746.43
849,778,12,227,2025-06-25 02:26:56,61,Delivered,608.59
850,431,137,115,2026-05-29 13:42:18,35,Delivered,471.1
851,84,147,207,2025-10-30 23:04:21,16,Preparing,522.29
852,707,109,246,2024-08-15 10:43:36,19,Preparing,474.85
853,338,80,17,2025-06-14 08:07:19,55,Delivered,195.99
854,443,7,152,2025-01-22 07:30:20,66,Delivered,701.6
855,257,64,28,2024-11-07 00:40:14,45,Delivered,712.32
856,56,86,134,2024-11-04 07:20:09,65,Delivered,270.3
857,615,113,196,2026-05-28 01:17:28,21,Delivered,1105.24
858,88,16,235,2025-03-04 15:10:46,17,Delivered,1618.64
859,711,17,201,2025-09-14 12:57:48,23,Delivered,1473.94
860,57,78,157,2025-12-16 00:09:41,55,Delivered,318.02
861,58,144,14,2026-06-28 23:37:13,33,Delivered,812.78
862,633,106,60,2024-10-20 04:53:25,70,Delivered,1238.54
863,11,117,99,2025-04-21 00:08:39,44,Delivered,1601.9
864,635,26,87,2025-04-03 04:13:45,56,Preparing,1441.83
865,465,133,85,2025-02-16 20:04:18,52,Delivered,319.44
866,610,18,152,2026-05-31 04:40:55,65,Delivered,1642.21
867,130,131,66,2024-11-29 06:00:55,37,Delivered,1345.63
868,456,48,63,2026-05-03 00:13:59,23,Delivered,249.81
869,320,150,112,2026-06-11 11:34:41,47,Preparing,1394.72
870,319,150,227,2026-01-11 16:34:28,49,Delivered,393.22
871,317,88,75,2025-12-01 17:54:54,38,Preparing,1004.17
872,674,38,15,2025-12-09 18:02:15,30,Delivered,1528.04
873,880,14,109,2024-08-03 22:46:49,37,Delivered,480.61
874,931,52,202,2025-01-17 08:51:56,19,Delivered,1251.97
875,712,120,154,2026-01-24 16:51:36,59,Delivered,1104.38
876,987,86,158,2026-01-31 19:04:08,34,Delivered,417.76
877,466,11,127,2026-06-02 01:24:19,29,Preparing,1203.97
878,710,59,120,2025-03-07 18:48:28,54,Delivered,943.23
879,787,85,207,2024-08-23 05:11:19,62,Delivered,810.52
880,846,2,93,2025-02-08 00:13:25,15,Delivered,199.53
881,118,37,75,2024-09-12 14:48:00,43,Delivered,1116.38
882,784,93,12,2024-11-02 22:00:12,16,Delivered,618.77
883,225,68,185,2024-08-11 03:49:18,26,Delivered,1064.93
884,183,51,6,2025-11-19 15:09:21,26,Delivered,1652.57
885,22,36,98,2025-05-07 03:49:05,56,Delivered,333.1
886,959,54,79,2026-07-04 07:30:34,44,Delivered,1485.65
887,677,44,241,2026-07-02 01:44:36,48,Preparing,1796.2
888,903,112,225,2025-06-09 01:20:22,60,Delivered,388.31
889,947,34,204,2025-08-18 14:51:03,27,Delivered,774.02
890,384,82,154,2025-10-10 11:13:54,42,Preparing,553.51
891,48,49,219,2026-07-09 03:34:17,49,Delivered,395.14
892,254,14,162,2026-03-17 21:46:23,65,Delivered,358.66
893,521,150,227,2025-12-08 00:59:01,46,Delivered,284.32
894,482,17,43,2025-07-14 17:36:15,47,Delivered,1606.0
895,770,131,96,2025-05-11 08:05:46,46,Delivered,445.35
896,730,96,135,2025-06-22 18:20:35,59,Delivered,1726.99
897,486,69,149,2026-06-22 17:02:43,40,Delivered,1454.53
898,666,10,54,2026-04-01 05:16:43,29,Cancelled,895.93
899,241,102,56,2025-03-25 11:53:47,34,Delivered,772.19
900,161,96,66,2025-11-24 21:20:35,50,Delivered,1390.18
901,303,114,133,2024-09-17 11:01:17,37,Delivered,217.89
902,525,87,110,2025-05-13 03:22:46,43,Delivered,824.77
903,824,128,82,2025-07-08 00:08:42,32,Delivered,446.28
904,240,68,166,2025-10-30 10:12:51,19,Delivered,285.99
905,863,129,132,2026-01-05 22:59:49,49,Delivered,1446.69
906,949,59,26,2026-03-25 15:35:13,22,Delivered,213.16
907,206,86,51,2025-04-25 09:18:54,58,Delivered,649.48
908,836,71,49,2025-05-13 23:32:44,60,Delivered,377.48
909,876,140,234,2025-03-07 11:07:26,31,Delivered,644.13
910,843,89,201,2025-06-24 07:16:16,40,Preparing,1506.07
911,776,4,121,2026-05-15 05:36:17,56,Delivered,1405.91
912,153,102,59,2024-12-10 00:49:58,29,Delivered,496.29
913,240,133,151,2025-02-05 05:07:00,65,Delivered,923.42
914,834,119,88,2025-02-09 05:44:51,65,Delivered,1545.57
915,440,107,54,2025-08-05 13:23:12,43,Delivered,1071.44
916,384,36,148,2026-05-13 17:41:27,70,Delivered,1706.53
917,10,128,208,2024-10-19 17:25:56,57,Delivered,710.71
918,430,109,176,2024-11-12 08:45:56,63,Delivered,1434.76
919,551,77,84,2026-05-10 00:03:11,52,Delivered,1445.84
920,945,36,40,2026-04-19 06:39:26,36,Delivered,1468.59
921,936,147,222,2025-02-09 02:21:39,40,Preparing,486.94
922,401,17,137,2025-07-22 17:05:35,39,Delivered,329.25
923,584,116,164,2025-07-01 07:19:07,34,Delivered,322.12
924,567,46,9,2024-07-31 04:27:17,67,Delivered,956.21
925,192,51,18,2024-10-22 22:31:05,39,Delivered,534.52
926,676,135,18,2024-09-01 08:02:58,44,Delivered,1005.58
927,176,84,221,2025-10-03 02:23:01,41,Delivered,1782.83
928,133,138,108,2024-09-13 04:47:38,45,Delivered,791.84
929,926,53,34,2026-03-18 11:38:58,70,Delivered,863.13
930,727,122,41,2024-10-29 02:42:17,53,Delivered,662.02
931,208,129,184,2026-04-09 07:30:43,58,Delivered,482.81
932,147,115,17,2026-03-29 16:54:00,67,Delivered,1482.48
933,539,85,234,2025-09-01 10:35:32,51,Cancelled,909.34
934,590,11,189,2024-11-01 07:38:31,20,Delivered,1603.64
935,468,89,180,2024-08-28 03:30:46,68,Delivered,640.79
936,628,45,107,2025-01-06 00:22:36,30,Delivered,1169.27
937,443,118,99,2024-08-18 18:13:57,57,Delivered,1088.22
938,403,12,62,2026-04-16 04:15:30,70,Delivered,1606.22
939,551,75,171,2026-07-07 00:31:08,19,Delivered,1341.98
940,223,127,106,2026-02-21 06:17:37,63,Delivered,1792.27
941,79,27,130,2026-04-05 15:21:16,64,Delivered,826.66
942,169,65,54,2025-06-14 12:26:21,47,Delivered,194.08
943,655,119,98,2025-10-02 05:54:52,36,Delivered,1562.03
944,407,10,3,2025-01-23 14:15:29,31,Delivered,1663.28
945,335,119,125,2024-10-15 00:41:33,44,Delivered,1054.91
946,249,113,36,2025-07-13 01:33:56,45,Delivered,1538.58
947,175,5,156,2025-06-03 16:41:00,21,Delivered,354.85
948,760,101,44,2025-02-28 13:42:28,19,Delivered,168.5
949,280,40,113,2026-03-14 01:09:29,37,Delivered,1328.78
950,915,137,56,2024-10-06 22:53:15,43,Delivered,1530.23
951,831,134,165,2025-08-12 20:51:08,57,Delivered,1630.07
952,400,79,114,2024-12-01 19:04:58,18,Delivered,230.3
953,387,52,238,2025-06-23 05:49:44,30,Delivered,543.59
954,94,5,108,2025-09-03 01:40:52,16,Preparing,706.24
955,197,17,57,2024-08-31 04:05:04,21,Delivered,1520.24
956,172,43,12,2025-09-24 21:22:03,41,Delivered,1495.78
957,331,144,161,2024-08-08 06:16:07,27,Delivered,1691.64
958,405,110,31,2025-09-03 12:20:39,29,Delivered,738.35
959,178,4,103,2024-10-12 17:43:18,56,Delivered,792.16
960,470,57,17,2026-04-21 00:34:11,57,Delivered,1222.41
961,378,12,18,2026-02-13 13:22:17,28,Delivered,1416.45
962,512,27,183,2025-12-31 14:51:23,49,Delivered,1671.67
963,583,44,65,2025-05-09 12:48:25,21,Delivered,1769.34
964,714,100,174,2025-07-11 20:24:00,64,Delivered,697.88
965,651,82,218,2024-10-20 11:38:50,57,Delivered,702.92
966,624,150,115,2024-11-21 02:54:33,39,Delivered,1373.99
967,516,4,60,2025-11-01 11:08:17,16,Delivered,1629.69
968,317,61,189,2024-08-21 17:45:09,42,Delivered,1172.61
969,62,36,96,2026-06-03 14:16:58,46,Delivered,400.26
970,210,10,61,2026-02-08 03:25:58,61,Delivered,1710.7
971,757,85,35,2024-10-21 02:10:39,32,Delivered,1448.5
972,41,134,203,2025-04-21 06:16:16,41,Delivered,625.95
973,25,59,217,2026-01-27 02:42:00,61,Delivered,549.71
974,553,14,233,2024-09-14 06:57:56,57,Preparing,1472.4
975,713,57,156,2025-07-24 00:57:35,70,Delivered,680.7
976,453,2,17,2024-10-02 15:30:30,70,Delivered,1723.54
977,54,37,241,2024-12-27 21:38:40,28,Delivered,436.57
978,563,53,61,2025-08-27 22:06:02,47,Delivered,1346.23
979,319,43,185,2024-08-31 00:51:47,27,Delivered,441.12
980,255,78,74,2025-06-11 10:08:12,51,Delivered,1198.75
981,279,124,21,2025-07-15 21:22:15,38,Delivered,426.81
982,452,109,130,2024-10-16 00:43:33,54,Delivered,1404.54
983,840,124,6,2025-02-05 12:40:30,63,Delivered,1559.17
984,778,77,153,2024-09-08 21:58:46,49,Delivered,1348.97
985,264,98,119,2025-07-22 20:49:36,34,Delivered,768.99
986,621,124,19,2026-02-02 13:44:56,36,Delivered,924.28
987,159,49,2,2025-01-23 01:55:07,15,Cancelled,1355.11
988,384,126,104,2025-04-13 01:03:04,41,Preparing,1751.31
989,383,99,126,2024-09-28 23:22:58,34,Delivered,1120.71
990,419,10,236,2024-09-04 04:33:09,22,Delivered,1083.25
991,199,112,246,2026-04-21 12:53:29,31,Delivered,1390.1
992,357,131,182,2026-06-04 23:46:25,46,Delivered,757.5
993,60,99,238,2025-03-09 13:06:52,42,Delivered,549.88
994,36,93,162,2025-05-05 13:18:42,60,Delivered,1300.83
995,661,38,67,2025-09-14 06:22:54,53,Delivered,1273.76
996,261,64,155,2025-02-28 02:06:33,52,Preparing,1538.5
997,13,30,198,2025-08-15 05:41:18,20,Delivered,1662.86
998,408,21,133,2025-03-19 06:20:29,27,Cancelled,423.61
999,438,65,178,2024-12-31 00:22:25,34,Delivered,1029.78
1000,908,98,151,2026-04-12 05:44:42,34,Delivered,1391.56
1001,947,23,28,2025-06-05 05:34:14,55,Delivered,1465.93
1002,834,37,69,2024-12-11 23:24:05,62,Delivered,1384.68
1003,716,79,2,2024-10-25 18:28:39,25,Delivered,152.6
1004,72,107,135,2026-01-26 22:14:39,41,Delivered,1359.52
1005,175,46,96,2024-12-28 17:33:02,26,Delivered,476.73
1006,187,129,243,2024-08-17 07:38:52,22,Delivered,1493.71
1007,191,52,16,2024-08-11 14:26:15,62,Delivered,1402.62
1008,266,105,113,2025-10-11 00:20:07,55,Preparing,330.17
1009,652,43,21,2025-07-02 00:18:18,33,Delivered,355.72
1010,66,88,8,2024-12-17 05:08:30,52,Delivered,950.57
1011,779,26,3,2025-04-26 02:07:09,18,Delivered,1726.1
1012,682,150,203,2025-09-15 00:58:39,17,Delivered,1011.85
1013,8,97,155,2026-05-27 13:59:16,48,Preparing,1406.25
1014,955,125,122,2025-09-12 06:26:23,63,Delivered,858.6
1015,380,88,81,2026-01-05 09:54:16,67,Delivered,746.0
1016,409,97,157,2025-05-01 01:25:22,18,Preparing,1590.58
1017,826,26,1,2025-07-11 02:51:05,44,Cancelled,812.98
1018,856,36,7,2025-06-24 21:02:02,53,Delivered,1025.54
1019,974,64,95,2026-01-26 09:59:49,43,Delivered,1237.15
1020,487,132,106,2025-06-27 15:42:18,57,Delivered,1777.2
1021,981,83,5,2025-11-04 02:45:33,55,Delivered,225.49
1022,827,84,174,2025-02-11 03:58:03,43,Delivered,949.48
1023,757,21,90,2025-08-18 10:52:57,42,Preparing,1703.44
1024,488,26,188,2024-08-21 02:52:36,39,Delivered,471.88
1025,147,134,225,2025-01-03 22:50:10,51,Delivered,1332.5
1026,33,33,128,2024-10-30 15:44:28,65,Delivered,1523.38
1027,562,120,44,2025-10-08 00:07:51,43,Preparing,945.58
1028,554,62,63,2024-08-02 07:25:56,28,Delivered,1707.95
1029,717,23,28,2025-04-14 07:18:50,42,Preparing,198.22
1030,952,84,232,2024-12-30 14:29:55,39,Delivered,513.62
1031,264,122,244,2026-01-01 06:49:08,57,Delivered,374.0
1032,548,126,24,2026-04-14 06:42:42,65,Delivered,1588.7
1033,955,148,197,2026-06-06 11:55:04,53,Delivered,716.32
1034,933,98,168,2026-03-24 13:56:45,56,Delivered,1744.31
1035,448,60,58,2024-12-31 16:36:42,31,Delivered,294.67
1036,92,88,190,2025-11-12 12:07:50,52,Preparing,1378.62
1037,119,147,95,2025-06-06 18:09:30,23,Cancelled,1724.21
1038,591,1,80,2024-11-27 16:28:19,18,Delivered,463.27
1039,398,109,82,2026-04-28 23:37:48,64,Delivered,1270.85
1040,816,33,134,2026-04-19 02:31:24,57,Delivered,516.53
1041,405,3,138,2026-07-13 05:25:55,69,Delivered,388.76
1042,966,76,215,2026-07-28 04:54:58,29,Delivered,902.04
1043,616,73,38,2025-07-05 09:57:24,62,Delivered,1472.13
1044,720,9,154,2026-07-15 04:16:43,35,Delivered,1784.05
1045,127,71,218,2025-02-11 12:33:05,60,Delivered,1191.28
1046,221,127,75,2026-05-11 05:08:35,60,Preparing,247.04
1047,830,86,40,2025-07-03 20:38:55,67,Delivered,1549.32
1048,957,58,180,2026-06-20 01:33:09,62,Delivered,1577.96
1049,184,125,187,2025-05-30 19:12:38,40,Delivered,1494.77
1050,935,41,6,2025-07-03 08:13:59,50,Delivered,847.02
1051,485,90,194,2026-04-29 10:57:26,40,Delivered,1020.94
1052,290,73,179,2024-11-21 17:28:33,27,Delivered,1054.22
1053,100,34,83,2024-09-28 08:57:05,63,Delivered,1578.66
1054,56,78,118,2025-04-29 10:16:48,56,Delivered,376.98
1055,713,124,75,2025-10-26 13:27:37,24,Delivered,1477.19
1056,201,3,93,2024-09-16 19:57:44,61,Cancelled,318.21
1057,805,38,97,2025-09-09 13:04:32,42,Delivered,427.57
1058,58,25,92,2025-01-31 21:39:45,45,Delivered,236.58
1059,528,87,152,2026-05-05 06:46:00,42,Preparing,1184.5
1060,414,63,9,2024-11-13 10:10:16,22,Delivered,956.23
1061,705,45,168,2026-01-23 08:43:37,62,Delivered,1291.46
1062,815,23,200,2026-05-23 04:34:21,44,Cancelled,1223.01
1063,282,114,95,2025-08-02 00:13:52,15,Delivered,286.35
1064,501,131,58,2024-08-12 19:21:00,16,Delivered,1779.13
1065,492,71,178,2024-08-22 23:37:37,62,Delivered,1128.25
1066,394,124,166,2024-09-11 18:54:41,59,Delivered,1092.85
1067,102,84,17,2025-02-20 16:12:25,60,Preparing,1462.12
1068,190,104,209,2025-06-07 01:41:55,59,Delivered,1067.5
1069,550,136,126,2025-06-16 06:02:00,19,Delivered,1114.79
1070,731,32,193,2025-06-24 14:36:20,63,Delivered,1236.66
1071,121,47,221,2024-10-14 20:46:39,53,Delivered,158.78
1072,458,81,32,2025-03-27 07:33:13,17,Delivered,490.28
1073,166,23,144,2025-04-11 15:21:22,31,Cancelled,207.76
1074,128,130,77,2025-11-27 22:37:36,38,Preparing,433.15
1075,968,1,64,2025-10-29 19:08:20,34,Delivered,1710.56
1076,927,76,169,2024-08-17 10:19:04,49,Delivered,1102.17
1077,712,81,134,2026-03-07 13:32:12,37,Delivered,992.47
1078,705,26,170,2024-09-19 17:37:09,67,Delivered,210.61
1079,146,77,220,2026-04-07 15:19:39,68,Delivered,371.44
1080,566,56,152,2024-10-27 12:51:43,37,Delivered,1353.02
1081,433,20,141,2024-09-06 08:21:36,31,Delivered,1222.12
1082,168,103,117,2025-07-11 04:55:51,20,Preparing,1266.27
1083,963,37,138,2025-10-29 04:13:39,28,Delivered,1358.91
1084,649,50,183,2025-08-10 06:46:00,38,Delivered,1218.82
1085,524,42,108,2025-12-28 18:40:03,67,Delivered,1787.54
1086,445,98,7,2025-07-27 01:43:20,53,Delivered,595.71
1087,545,29,176,2024-11-02 15:04:57,50,Delivered,693.44
1088,92,93,233,2026-07-08 22:24:17,36,Delivered,391.44
1089,818,58,71,2025-02-10 01:02:56,15,Delivered,1766.15
1090,228,97,244,2024-08-27 01:47:39,21,Delivered,353.78
1091,540,79,151,2024-08-13 07:47:19,67,Delivered,307.64
1092,358,147,222,2026-03-02 20:19:14,33,Delivered,1152.32
1093,919,13,44,2025-12-19 21:32:05,35,Preparing,792.78
1094,354,137,142,2025-02-18 02:30:02,53,Cancelled,814.37
1095,607,33,67,2025-10-26 21:14:29,15,Delivered,1326.82
1096,674,33,37,2025-01-28 07:59:22,39,Delivered,591.16
1097,941,95,182,2025-09-24 12:08:47,64,Delivered,1154.36
1098,724,118,47,2026-03-17 19:10:01,43,Preparing,1467.47
1099,515,74,71,2025-09-30 20:11:51,42,Delivered,1335.47
1100,946,59,79,2024-09-19 20:06:25,55,Cancelled,1713.3
1101,417,81,217,2026-04-27 09:38:20,20,Delivered,276.54
1102,246,24,43,2026-02-04 08:16:46,51,Delivered,1376.63
1103,568,127,207,2025-10-09 07:07:48,70,Delivered,1714.85
1104,694,131,239,2026-03-09 06:22:59,61,Delivered,971.38
1105,702,137,179,2026-01-23 17:14:21,22,Delivered,1166.87
1106,933,2,183,2026-05-26 10:19:11,42,Delivered,1386.95
1107,251,136,176,2026-01-29 14:25:12,53,Delivered,890.28
1108,173,135,232,2025-12-01 05:36:31,29,Delivered,755.63
1109,137,132,91,2026-01-21 00:04:21,18,Delivered,775.51
1110,383,29,87,2025-02-23 10:25:08,58,Delivered,1039.55
1111,785,31,75,2025-10-18 00:48:33,34,Delivered,586.84
1112,3,146,101,2024-07-31 09:57:05,28,Preparing,1683.03
1113,983,132,212,2025-03-30 18:25:38,17,Preparing,1622.61
1114,869,125,15,2025-02-07 16:38:17,37,Delivered,909.58
1115,306,91,28,2025-12-29 16:32:12,15,Delivered,1342.02
1116,412,91,3,2026-01-29 18:32:57,21,Delivered,475.95
1117,542,132,231,2024-09-18 03:43:56,24,Delivered,1656.63
1118,8,40,197,2025-04-01 00:36:23,57,Delivered,926.65
1119,384,77,94,2026-03-30 08:52:38,42,Cancelled,1035.11
1120,276,28,113,2024-12-09 18:05:10,57,Delivered,417.03
1121,363,112,2,2024-08-30 21:59:52,37,Cancelled,1320.21
1122,114,49,73,2025-02-12 12:47:44,17,Delivered,844.74
1123,340,9,42,2025-11-15 07:09:34,57,Delivered,940.84
1124,682,69,31,2025-11-13 23:17:53,41,Delivered,967.69
1125,699,33,84,2025-08-22 20:25:40,63,Delivered,1604.91
1126,514,100,34,2024-08-27 11:59:32,22,Preparing,1457.98
1127,130,40,89,2026-04-17 12:36:17,47,Delivered,1279.32
1128,54,88,110,2025-10-30 01:19:09,53,Delivered,866.64
1129,297,73,125,2025-03-17 05:43:48,20,Delivered,558.78
1130,157,131,48,2025-12-13 06:43:35,30,Delivered,339.78
1131,270,64,171,2026-05-04 20:17:19,67,Delivered,931.92
1132,802,27,180,2025-11-05 11:48:40,61,Delivered,448.96
1133,876,39,59,2026-04-28 07:20:30,22,Delivered,213.3
1134,197,38,110,2025-08-19 00:31:19,16,Delivered,300.04
1135,53,98,105,2026-07-20 20:12:25,48,Delivered,1194.96
1136,237,57,87,2026-07-07 21:10:27,42,Delivered,991.28
1137,660,14,78,2025-05-31 20:51:49,22,Delivered,612.92
1138,360,108,64,2026-03-29 11:46:42,35,Cancelled,449.89
1139,1,14,170,2025-11-11 20:13:07,62,Delivered,620.77
1140,287,26,111,2025-09-13 02:18:13,26,Delivered,960.62
1141,343,78,29,2025-08-15 20:26:21,21,Delivered,1276.89
1142,789,34,85,2025-12-07 07:08:32,38,Delivered,746.29
1143,798,136,155,2025-01-18 19:14:13,38,Delivered,605.31
1144,599,99,23,2025-12-14 09:37:24,21,Delivered,1375.27
1145,124,11,151,2024-09-17 15:25:32,56,Delivered,468.33
1146,457,26,20,2024-12-30 08:53:14,49,Delivered,647.44
1147,486,52,137,2025-07-23 21:05:24,61,Delivered,360.92
1148,429,141,183,2025-10-30 13:50:07,31,Cancelled,1402.94
1149,867,144,250,2025-07-05 01:24:09,37,Cancelled,890.0
1150,735,31,234,2026-01-12 05:45:15,42,Delivered,841.36
1151,954,129,203,2024-10-30 11:40:09,16,Delivered,602.35
1152,991,34,75,2026-04-22 01:20:48,17,Preparing,250.31
1153,996,49,190,2025-06-16 01:47:16,67,Delivered,1279.75
1154,892,132,249,2025-05-21 22:38:47,19,Delivered,1388.7
1155,394,144,200,2025-11-09 10:01:05,39,Delivered,597.97
1156,189,1,41,2025-10-04 08:13:16,51,Delivered,1299.59
1157,901,132,117,2026-03-03 12:48:04,47,Delivered,1016.37
1158,311,57,76,2025-03-13 08:17:02,60,Delivered,346.52
1159,230,12,137,2024-10-16 07:58:37,30,Delivered,1205.37
1160,965,72,238,2025-06-13 05:01:07,23,Delivered,1454.53
1161,658,64,211,2026-07-04 09:17:06,28,Delivered,152.31
1162,356,95,84,2025-05-21 18:35:49,20,Preparing,1608.58
1163,271,35,105,2024-10-14 09:46:17,54,Delivered,1775.68
1164,641,3,211,2024-11-21 08:38:44,37,Delivered,1742.63
1165,181,66,249,2025-01-13 01:20:39,16,Delivered,1764.96
1166,797,150,28,2025-08-09 17:45:01,61,Delivered,780.27
1167,670,66,223,2025-03-08 17:09:47,55,Delivered,1058.95
1168,837,114,57,2024-09-05 04:53:39,35,Delivered,1109.75
1169,828,102,40,2025-08-09 18:58:48,43,Delivered,1348.37
1170,378,38,231,2025-08-05 19:21:32,45,Delivered,449.5
1171,190,46,49,2025-10-15 14:04:16,51,Delivered,1353.64
1172,664,73,6,2025-02-20 19:22:17,34,Delivered,443.26
1173,404,49,18,2025-02-06 21:05:19,24,Delivered,554.67
1174,931,104,26,2025-01-26 06:31:56,61,Delivered,1349.16
1175,828,4,155,2026-05-05 10:55:53,21,Delivered,184.18
1176,847,4,196,2024-12-11 08:45:50,68,Delivered,222.17
1177,255,22,69,2026-03-13 01:52:21,24,Preparing,1139.4
1178,812,3,246,2025-04-05 09:59:52,65,Delivered,1364.62
1179,347,22,52,2025-07-03 09:48:54,23,Delivered,1078.7
1180,455,42,79,2024-12-18 05:10:45,36,Delivered,552.28
1181,557,69,161,2025-01-08 21:38:50,49,Delivered,1511.13
1182,106,140,76,2026-02-21 11:36:16,21,Delivered,1530.2
1183,146,1,234,2026-01-15 03:15:28,29,Delivered,854.77
1184,151,91,168,2025-09-02 09:03:24,33,Delivered,1600.33
1185,394,29,126,2025-12-31 06:13:34,25,Preparing,520.46
1186,980,73,92,2025-10-31 02:05:59,19,Delivered,345.28
1187,946,22,230,2025-11-03 07:23:31,17,Delivered,443.81
1188,544,86,154,2025-03-10 14:51:01,26,Delivered,397.86
1189,684,78,160,2025-10-24 18:53:50,67,Delivered,1594.41
1190,278,128,170,2025-10-13 14:26:08,38,Preparing,1487.69
1191,729,20,202,2026-07-07 09:52:20,15,Cancelled,1763.78
1192,797,38,82,2024-10-25 13:29:33,24,Delivered,1340.22
1193,805,123,209,2025-11-15 06:55:53,19,Delivered,855.3
1194,745,72,38,2025-07-10 12:50:09,20,Delivered,360.43
1195,786,99,91,2026-04-16 21:20:47,35,Delivered,944.13
1196,997,106,155,2024-08-09 10:49:02,65,Delivered,378.07
1197,967,63,99,2024-09-19 02:24:52,41,Delivered,1038.93
1198,505,137,138,2026-02-01 16:36:10,67,Delivered,287.97
1199,733,108,135,2026-04-28 22:53:39,51,Delivered,1488.63
1200,225,23,61,2026-07-06 17:07:03,38,Delivered,1789.94
1201,18,93,143,2025-02-19 04:57:45,45,Preparing,1669.49
1202,62,90,93,2024-12-04 08:00:34,69,Delivered,1434.77
1203,143,76,118,2026-06-15 05:45:41,24,Delivered,1059.98
1204,954,108,63,2025-06-28 15:58:40,28,Delivered,242.18
1205,142,31,247,2026-05-18 19:39:26,59,Delivered,772.81
1206,27,109,96,2025-12-23 22:49:33,18,Delivered,1243.53
1207,76,123,215,2024-11-14 11:14:09,53,Cancelled,199.81
1208,375,37,21,2024-08-18 11:55:23,30,Delivered,1089.15
1209,834,107,39,2025-01-11 13:09:18,63,Delivered,1376.87
1210,767,136,179,2025-07-27 00:02:30,34,Delivered,1342.22
1211,455,4,74,2024-09-06 15:52:37,22,Delivered,1603.91
1212,33,45,129,2025-09-02 12:28:14,25,Delivered,1523.92
1213,697,117,142,2025-07-21 22:22:32,60,Delivered,1666.6
1214,514,79,182,2026-04-26 19:57:41,29,Delivered,408.72
1215,997,24,134,2026-07-01 06:43:58,39,Preparing,356.47
1216,217,103,159,2025-09-21 22:06:52,18,Delivered,453.09
1217,764,144,155,2026-05-15 19:30:11,68,Delivered,1292.5
1218,489,81,168,2024-12-09 07:02:35,56,Delivered,777.78
1219,56,96,166,2024-10-19 03:45:09,42,Delivered,328.86
1220,80,93,155,2024-10-06 05:01:54,64,Delivered,196.28
1221,289,42,139,2025-06-13 02:18:37,21,Delivered,1135.23
1222,775,80,49,2024-09-09 17:21:18,50,Delivered,1683.18
1223,247,69,22,2026-05-13 07:24:50,51,Delivered,1080.17
1224,810,124,12,2024-11-29 01:32:31,18,Delivered,1706.79
1225,9,92,193,2025-12-24 06:54:35,33,Preparing,975.36
1226,323,101,186,2025-12-27 20:41:52,37,Preparing,1309.38
1227,100,85,105,2025-12-23 03:05:42,62,Delivered,978.59
1228,794,39,7,2024-08-19 08:50:50,52,Delivered,936.97
1229,890,10,75,2025-12-01 00:56:58,25,Delivered,914.13
1230,907,24,244,2026-04-13 23:10:55,60,Delivered,505.82
1231,698,37,197,2025-12-24 01:01:20,60,Delivered,1740.05
1232,529,134,239,2025-11-28 16:00:30,64,Delivered,1445.83
1233,348,75,93,2025-02-15 14:47:52,54,Cancelled,860.99
1234,913,100,62,2024-10-10 21:54:33,28,Preparing,1151.35
1235,982,40,146,2026-05-19 23:34:44,55,Preparing,310.72
1236,16,37,197,2026-07-22 02:33:06,70,Delivered,1581.43
1237,817,23,128,2026-06-29 14:50:19,21,Delivered,430.03
1238,303,42,18,2026-07-26 11:23:19,32,Delivered,733.06
1239,73,46,182,2025-09-25 22:59:59,64,Delivered,1777.14
1240,263,114,167,2026-04-10 19:25:47,23,Preparing,1753.27
1241,500,11,94,2024-10-02 01:35:22,69,Delivered,824.9
1242,635,34,113,2025-01-27 18:10:19,38,Delivered,1180.64
1243,322,96,22,2025-05-11 23:12:43,58,Delivered,892.65
1244,899,11,159,2026-01-11 14:39:47,56,Delivered,1454.47
1245,717,144,3,2026-01-25 04:20:35,24,Cancelled,629.59
1246,163,146,103,2026-03-04 07:47:42,69,Delivered,790.57
1247,474,24,90,2025-11-18 21:51:43,44,Delivered,1032.94
1248,838,120,28,2025-10-16 00:13:21,20,Delivered,328.77
1249,983,102,197,2025-08-31 11:42:17,42,Delivered,692.39
1250,325,88,155,2025-11-03 13:57:53,46,Delivered,1373.12
1251,118,72,117,2025-08-24 21:16:54,17,Delivered,1715.08
1252,150,55,82,2026-06-16 10:12:28,51,Delivered,1141.78
1253,390,16,240,2026-03-26 22:30:53,66,Delivered,859.68
1254,485,55,14,2025-10-26 05:21:55,28,Cancelled,1721.86
1255,701,109,70,2025-07-12 11:40:05,31,Delivered,287.93
1256,71,71,104,2026-06-28 18:15:37,20,Delivered,1325.14
1257,893,108,135,2024-11-19 22:27:28,28,Delivered,578.09
1258,851,14,24,2026-06-26 03:08:51,42,Delivered,1392.74
1259,169,51,90,2024-10-24 00:33:01,41,Delivered,1033.59
1260,803,42,248,2024-10-01 22:05:37,59,Delivered,1655.79
1261,585,100,211,2025-07-09 06:48:05,15,Delivered,1624.74
1262,204,20,186,2024-08-15 11:20:15,57,Delivered,388.62
1263,681,82,4,2026-02-16 19:32:49,24,Cancelled,1690.8
1264,512,82,30,2026-05-09 14:55:13,65,Preparing,820.54
1265,534,1,116,2025-09-19 13:17:10,68,Cancelled,1196.58
1266,655,149,25,2025-08-24 06:14:01,17,Delivered,1765.4
1267,431,140,199,2025-11-27 06:16:43,25,Delivered,506.63
1268,215,49,249,2025-10-28 12:04:03,58,Delivered,173.71
1269,834,94,5,2025-03-11 03:10:04,34,Cancelled,978.44
1270,889,32,180,2026-07-19 17:02:04,46,Delivered,902.4
1271,421,91,91,2025-12-24 20:31:31,68,Delivered,1013.23
1272,784,86,30,2025-08-27 19:23:13,26,Delivered,765.65
1273,567,42,139,2024-08-21 18:45:15,42,Delivered,1544.4
1274,706,112,163,2026-04-23 08:10:16,33,Delivered,1697.54
1275,928,26,23,2026-04-27 05:55:53,66,Delivered,297.9
1276,17,106,27,2026-05-21 08:47:00,46,Delivered,1179.31
1277,558,26,163,2024-09-21 21:46:49,43,Delivered,1479.69
1278,684,75,219,2025-09-26 15:13:37,41,Delivered,1431.85
1279,565,98,30,2026-07-19 22:06:42,27,Cancelled,1718.41
1280,360,119,106,2025-06-03 23:27:21,67,Delivered,1444.65
1281,406,2,241,2026-06-23 13:56:36,38,Delivered,987.48
1282,275,68,79,2025-02-16 00:56:36,68,Preparing,1650.41
1283,690,62,2,2025-03-22 06:37:24,41,Delivered,193.31
1284,810,96,216,2025-09-17 16:35:12,67,Delivered,1373.05
1285,326,86,44,2024-11-13 10:31:06,51,Preparing,549.02
1286,997,101,50,2024-11-30 21:29:43,54,Delivered,1517.11
1287,821,148,110,2026-03-09 16:33:03,23,Preparing,794.18
1288,746,45,104,2024-10-30 11:00:57,35,Delivered,871.71
1289,102,33,130,2025-07-14 14:12:23,22,Delivered,1444.06
1290,864,67,215,2026-06-12 17:13:14,50,Delivered,681.97
1291,96,24,7,2026-06-15 06:03:59,42,Delivered,1420.55
1292,157,8,159,2025-05-01 14:47:42,60,Delivered,1754.46
1293,586,98,7,2025-09-07 11:18:36,62,Delivered,1772.63
1294,650,92,48,2025-08-31 15:14:54,30,Delivered,515.9
1295,199,138,216,2026-02-21 20:30:28,30,Delivered,1481.71
1296,388,67,169,2026-07-19 03:57:55,18,Delivered,1692.71
1297,643,6,164,2025-01-26 03:31:48,52,Cancelled,333.04
1298,950,32,28,2025-10-15 15:22:15,24,Delivered,1626.1
1299,96,20,127,2025-07-06 02:18:43,69,Delivered,1533.22
1300,401,26,126,2025-08-26 17:51:26,65,Delivered,271.4
1301,983,20,54,2025-05-15 09:38:59,58,Delivered,1618.03
1302,649,116,207,2025-07-04 00:14:45,25,Delivered,166.73
1303,183,146,162,2026-07-23 08:42:57,53,Cancelled,343.39
1304,352,89,124,2024-08-07 00:32:09,54,Delivered,158.27
1305,535,66,238,2025-09-20 19:04:26,22,Delivered,198.77
1306,24,133,132,2024-12-10 02:33:28,63,Delivered,1580.34
1307,118,56,8,2024-09-14 23:58:02,35,Delivered,287.68
1308,709,33,69,2026-04-20 15:53:06,32,Delivered,1722.83
1309,357,142,167,2024-08-18 00:28:38,33,Delivered,1484.87
1310,447,132,243,2025-02-15 14:58:09,40,Preparing,562.65
1311,203,72,247,2025-09-21 13:37:34,40,Delivered,1458.7
1312,602,80,43,2024-09-03 10:21:27,65,Delivered,1341.4
1313,444,115,109,2025-06-19 08:17:32,53,Delivered,1496.22
1314,638,28,156,2025-08-01 11:15:40,39,Delivered,1085.78
1315,383,17,116,2025-04-03 18:27:07,25,Cancelled,1730.86
1316,260,105,76,2025-07-31 16:00:58,53,Delivered,1214.41
1317,989,136,91,2025-12-28 19:33:11,40,Delivered,446.84
1318,331,110,203,2024-10-09 20:09:57,26,Delivered,269.86
1319,673,96,96,2026-05-03 19:40:34,24,Delivered,351.8
1320,327,3,184,2026-05-14 12:35:27,36,Delivered,1086.32
1321,330,60,144,2024-12-15 17:47:58,19,Delivered,1142.97
1322,540,56,27,2026-05-14 03:45:27,50,Delivered,1153.04
1323,905,20,147,2024-12-22 19:08:40,56,Delivered,1397.73
1324,326,82,51,2025-05-20 09:53:53,27,Delivered,964.99
1325,48,71,108,2025-10-09 16:36:20,22,Delivered,432.38
1326,335,99,61,2024-10-03 04:25:39,51,Delivered,179.43
1327,803,148,2,2025-03-18 17:38:54,44,Delivered,1538.71
1328,413,10,230,2025-11-03 17:48:48,49,Preparing,214.55
1329,661,5,18,2025-06-07 06:16:08,45,Delivered,1474.15
1330,741,78,71,2024-10-08 03:16:43,35,Delivered,810.57
1331,570,81,127,2026-03-14 22:52:52,54,Delivered,642.43
1332,466,127,218,2025-12-14 08:13:36,56,Preparing,350.33
1333,383,27,8,2025-12-29 21:38:44,29,Delivered,167.15
1334,108,83,221,2024-10-02 08:00:20,59,Delivered,523.46
1335,91,49,186,2026-07-24 15:19:10,66,Delivered,1639.75
1336,6,14,67,2024-11-28 15:42:31,65,Delivered,229.21
1337,312,20,68,2025-08-29 21:21:37,36,Delivered,1456.19
1338,389,70,179,2026-06-21 02:46:57,25,Preparing,1112.7
1339,123,33,82,2025-08-21 04:19:02,70,Delivered,1113.81
1340,871,106,164,2026-01-03 20:08:36,43,Delivered,1010.91
1341,247,148,123,2026-04-24 18:09:35,57,Delivered,612.89
1342,792,124,58,2025-10-30 15:56:16,20,Delivered,638.79
1343,85,91,143,2025-02-24 02:26:52,68,Cancelled,1238.14
1344,753,53,178,2026-04-04 19:28:16,19,Delivered,966.1
1345,218,4,172,2024-12-04 11:51:46,28,Delivered,785.35
1346,500,27,88,2025-11-07 00:30:16,28,Delivered,1406.64
1347,527,81,195,2025-12-31 18:55:04,34,Delivered,1231.23
1348,869,130,28,2025-06-22 23:39:47,23,Delivered,750.01
1349,999,116,223,2025-10-06 18:53:00,54,Delivered,1437.03
1350,193,18,72,2026-07-01 01:47:45,42,Delivered,656.79
1351,891,148,166,2025-08-25 01:34:05,21,Delivered,1595.72
1352,763,29,62,2024-11-22 21:52:31,16,Cancelled,458.6
1353,30,122,170,2025-07-23 23:09:54,48,Delivered,588.2
1354,950,141,22,2026-02-13 02:58:36,37,Delivered,398.52
1355,515,111,131,2026-03-05 06:44:26,36,Delivered,599.77
1356,101,13,167,2025-05-29 14:53:03,39,Delivered,847.27
1357,302,49,104,2025-10-21 11:20:13,26,Delivered,1023.78
1358,506,133,111,2025-12-31 16:22:45,21,Delivered,1216.47
1359,982,29,57,2026-07-21 13:59:25,22,Delivered,208.89
1360,273,62,17,2026-05-18 16:07:52,49,Delivered,523.67
1361,636,104,101,2025-08-03 15:58:49,40,Delivered,1360.98
1362,901,69,127,2025-12-27 06:15:32,28,Delivered,485.9
1363,653,74,181,2025-12-04 14:01:39,53,Delivered,155.13
1364,190,129,233,2024-09-05 22:04:00,59,Delivered,1369.5
1365,874,62,44,2025-02-21 13:16:24,35,Delivered,424.96
1366,341,117,37,2024-08-31 13:36:54,15,Delivered,856.07
1367,22,46,250,2025-10-29 10:19:50,31,Cancelled,431.7
1368,779,3,153,2025-04-30 12:31:05,37,Preparing,1112.21
1369,501,64,121,2025-01-23 04:40:57,22,Delivered,178.69
1370,697,75,214,2026-02-03 03:55:49,29,Delivered,426.05
1371,151,25,26,2024-10-28 15:36:07,34,Delivered,703.87
1372,503,90,140,2025-02-14 23:08:18,31,Delivered,568.34
1373,470,4,212,2026-07-01 18:45:26,37,Delivered,700.67
1374,531,124,29,2026-04-04 00:58:15,32,Delivered,1351.56
1375,22,38,106,2024-10-05 18:06:39,69,Delivered,1790.24
1376,366,128,8,2026-04-03 18:22:01,30,Delivered,1298.08
1377,442,93,53,2025-10-23 07:40:48,62,Delivered,1669.07
1378,387,28,248,2025-06-23 00:33:47,32,Cancelled,1270.02
1379,921,116,246,2024-10-24 10:32:51,48,Delivered,1652.04
1380,358,85,101,2025-04-30 11:56:11,52,Delivered,1790.01
1381,317,49,11,2025-06-25 20:10:22,52,Delivered,716.4
1382,628,32,111,2024-09-01 06:08:26,65,Delivered,1747.45
1383,812,89,74,2025-08-17 00:58:48,22,Preparing,973.23
1384,702,38,120,2026-06-27 19:02:34,58,Delivered,1745.01
1385,639,143,171,2025-09-30 16:43:06,25,Delivered,625.63
1386,819,76,4,2025-12-09 23:21:56,44,Delivered,616.98
1387,608,32,14,2025-02-06 18:39:36,46,Delivered,860.03
1388,677,1,13,2024-12-13 13:35:28,31,Delivered,1599.89
1389,805,129,171,2025-08-11 17:18:40,64,Delivered,1723.58
1390,731,70,37,2025-03-06 17:51:34,61,Delivered,1115.62
1391,83,75,57,2026-01-03 17:23:03,17,Delivered,735.14
1392,832,99,109,2026-06-23 06:28:20,40,Preparing,311.93
1393,268,78,153,2026-04-18 00:41:03,34,Delivered,869.1
1394,897,83,206,2026-01-16 17:24:11,52,Delivered,1416.64
1395,257,35,107,2025-10-01 18:08:00,50,Delivered,653.24
1396,305,146,238,2025-10-05 14:53:51,55,Delivered,452.56
1397,802,112,25,2025-01-19 03:37:30,23,Delivered,1295.32
1398,516,92,120,2025-04-13 22:49:02,37,Delivered,843.83
1399,421,119,8,2026-02-10 12:42:43,50,Delivered,1415.17
1400,91,36,158,2025-05-18 04:31:36,34,Delivered,1107.53
1401,383,33,159,2025-04-30 01:21:29,49,Cancelled,1598.38
1402,55,101,33,2024-10-20 04:18:58,40,Delivered,913.63
1403,782,133,118,2026-03-26 03:42:38,68,Delivered,240.24
1404,850,28,86,2026-07-22 04:48:48,53,Delivered,629.45
1405,494,85,222,2025-07-21 13:00:43,18,Delivered,1114.62
1406,524,14,180,2025-10-23 08:46:48,28,Delivered,1077.38
1407,991,127,35,2026-04-09 18:47:32,29,Cancelled,1205.45
1408,159,78,161,2026-05-27 06:19:19,34,Delivered,1695.28
1409,825,125,160,2026-04-15 04:18:03,59,Delivered,260.78
1410,157,31,134,2025-12-22 15:18:02,21,Delivered,320.95
1411,26,130,114,2025-12-31 11:45:43,40,Delivered,350.99
1412,415,124,48,2025-12-09 01:55:47,67,Delivered,1548.75
1413,267,113,220,2025-06-03 07:43:57,57,Delivered,863.38
1414,652,6,48,2024-12-17 05:07:49,24,Delivered,1234.82
1415,175,131,190,2025-03-13 12:38:36,59,Delivered,935.66
1416,297,75,171,2025-12-08 03:57:54,21,Preparing,963.39
1417,684,71,101,2024-09-02 03:30:38,39,Delivered,327.1
1418,427,109,38,2026-06-16 06:47:13,16,Delivered,348.21
1419,399,3,149,2025-11-10 18:49:25,34,Delivered,1223.2
1420,673,114,11,2026-07-18 11:39:02,37,Preparing,922.05
1421,741,118,71,2025-06-21 13:19:32,15,Preparing,740.28
1422,877,129,54,2026-01-25 07:57:36,37,Preparing,1016.34
1423,526,17,45,2025-12-07 21:32:27,56,Delivered,1232.29
1424,577,87,118,2025-03-05 21:46:25,60,Cancelled,381.06
1425,804,78,237,2026-05-08 16:40:07,40,Delivered,1534.89
1426,496,97,247,2025-11-14 17:29:03,45,Delivered,447.62
1427,726,130,199,2025-05-17 08:32:19,57,Delivered,363.55
1428,332,149,90,2025-05-23 02:47:03,52,Delivered,816.23
1429,47,8,219,2025-09-26 18:35:16,61,Delivered,309.29
1430,109,128,240,2025-02-07 04:47:23,58,Delivered,1403.85
1431,791,61,27,2026-02-08 13:54:55,26,Delivered,783.74
1432,997,108,237,2025-02-19 18:20:26,19,Delivered,563.3
1433,39,19,114,2026-07-25 17:33:48,63,Delivered,1191.64
1434,31,45,83,2025-11-16 06:22:41,21,Delivered,773.09
1435,653,147,143,2025-06-27 12:24:42,27,Delivered,960.32
1436,696,74,58,2024-08-17 23:08:12,27,Delivered,866.2
1437,542,50,23,2025-02-20 09:30:07,52,Delivered,1733.72
1438,99,53,9,2025-07-15 23:10:20,66,Delivered,158.64
1439,793,105,146,2025-08-30 12:19:01,49,Cancelled,712.17
1440,699,136,128,2025-03-28 16:57:58,27,Delivered,1091.11
1441,486,129,91,2024-11-23 21:13:17,37,Delivered,1071.85
1442,142,18,113,2024-09-17 08:44:19,42,Delivered,1592.06
1443,583,21,33,2025-07-08 21:17:14,65,Delivered,316.51
1444,511,60,14,2024-08-07 02:03:00,53,Delivered,187.2
1445,842,75,237,2024-11-24 20:42:24,68,Delivered,1310.4
1446,70,41,248,2025-10-07 16:12:49,33,Delivered,1099.34
1447,874,133,239,2025-04-17 14:38:12,54,Delivered,808.71
1448,59,140,179,2024-10-16 10:51:09,22,Delivered,1695.93
1449,270,8,9,2025-05-24 19:52:47,36,Delivered,480.84
1450,910,16,36,2024-11-16 14:55:49,28,Delivered,1360.89
1451,947,16,61,2024-11-30 04:32:56,46,Delivered,1714.2
1452,927,10,89,2026-07-24 01:41:28,19,Preparing,1136.94
1453,628,21,228,2025-05-01 05:51:24,50,Delivered,363.62
1454,741,11,27,2025-10-22 13:27:40,17,Delivered,521.65
1455,359,111,123,2026-03-11 09:52:13,34,Delivered,1596.14
1456,234,6,239,2025-02-02 22:19:14,18,Delivered,1440.01
1457,201,137,156,2026-05-01 06:19:50,70,Delivered,1277.93
1458,19,142,124,2025-11-30 15:28:15,18,Delivered,772.43
1459,129,111,180,2025-06-09 21:40:35,42,Delivered,340.71
1460,121,95,91,2025-02-27 19:56:49,27,Delivered,1664.81
1461,244,60,24,2025-09-23 12:41:22,52,Delivered,831.56
1462,771,138,146,2025-09-26 16:58:28,17,Preparing,174.58
1463,738,64,209,2024-11-03 04:46:14,18,Delivered,359.08
1464,185,73,12,2024-07-29 07:55:32,35,Delivered,1231.09
1465,251,75,34,2025-08-23 09:25:02,53,Delivered,1235.01
1466,673,20,20,2025-10-17 19:14:40,31,Preparing,489.67
1467,723,92,230,2026-04-03 03:58:03,69,Delivered,1326.67
1468,965,94,200,2026-03-25 20:53:56,50,Delivered,1228.51
1469,540,69,82,2025-01-17 11:57:15,59,Delivered,322.22
1470,355,106,181,2025-02-20 14:36:03,54,Delivered,279.44
1471,934,36,216,2025-09-17 07:36:14,48,Delivered,1374.15
1472,216,32,96,2025-06-04 20:30:00,61,Delivered,384.24
1473,241,113,167,2025-09-15 19:50:16,63,Delivered,338.49
1474,511,9,70,2026-01-21 04:43:42,32,Delivered,645.68
1475,989,22,16,2025-08-22 19:55:11,32,Cancelled,783.49
1476,20,98,99,2025-01-22 02:51:37,43,Delivered,489.45
1477,189,111,137,2025-11-18 00:48:41,18,Delivered,201.66
1478,782,90,240,2024-08-29 23:27:38,16,Preparing,1394.89
1479,345,68,208,2026-06-12 20:08:47,63,Delivered,1399.47
1480,350,112,222,2025-07-02 15:26:40,42,Delivered,1682.13
1481,771,15,207,2024-11-12 19:57:17,21,Delivered,1721.58
1482,955,74,220,2025-02-14 20:54:14,49,Delivered,1094.79
1483,582,133,67,2025-06-01 00:22:26,25,Preparing,921.1
1484,947,61,34,2025-08-05 12:29:38,15,Delivered,1276.29
1485,281,22,64,2024-11-23 14:41:01,64,Delivered,706.93
1486,405,10,158,2026-03-05 20:30:40,32,Delivered,1237.73
1487,802,4,32,2025-09-11 13:25:11,34,Delivered,679.63
1488,271,46,114,2025-07-09 20:10:36,44,Delivered,164.64
1489,38,92,123,2025-11-08 14:32:48,55,Delivered,509.44
1490,60,149,241,2025-10-19 06:17:19,20,Delivered,1157.04
1491,322,17,113,2024-09-19 23:55:53,26,Delivered,1448.11
1492,266,127,33,2025-06-24 02:30:19,29,Delivered,392.39
1493,633,13,60,2024-08-15 04:39:28,22,Delivered,454.02
1494,519,113,149,2025-11-25 03:32:39,35,Delivered,1333.64
1495,63,67,250,2026-05-07 02:09:21,31,Delivered,1544.14
1496,870,91,139,2024-09-16 07:34:25,60,Delivered,537.25
1497,112,20,130,2024-10-06 07:59:46,43,Delivered,277.79
1498,209,84,147,2025-03-19 00:03:41,38,Delivered,1273.68
1499,74,110,225,2024-09-24 10:14:48,33,Delivered,688.79
1500,808,93,86,2025-01-11 15:11:50,41,Cancelled,768.28
1501,966,76,160,2026-05-04 12:11:07,16,Delivered,223.61
1502,953,39,234,2024-10-24 18:59:45,52,Delivered,1154.91
1503,828,81,131,2025-10-27 14:38:24,60,Delivered,988.5
1504,596,89,241,2026-06-25 01:17:24,28,Delivered,1111.43
1505,673,39,98,2026-03-08 19:13:26,63,Preparing,279.43
1506,80,58,145,2026-02-12 00:14:02,47,Preparing,1190.04
1507,752,108,138,2025-02-06 21:53:48,61,Delivered,1599.49
1508,818,14,156,2025-05-02 22:24:56,45,Delivered,1008.55
1509,325,69,50,2025-12-24 14:50:08,68,Delivered,1653.26
1510,337,63,205,2026-03-07 20:54:00,64,Preparing,530.97
1511,323,30,178,2025-11-06 20:33:32,30,Delivered,1730.05
1512,420,93,21,2025-12-08 05:47:56,37,Delivered,276.13
1513,371,124,155,2026-04-22 23:40:49,29,Delivered,841.1
1514,584,33,237,2024-12-02 20:38:07,49,Delivered,1650.29
1515,691,150,171,2026-04-27 13:23:10,23,Delivered,1463.16
1516,350,81,31,2026-06-07 05:54:04,20,Delivered,983.29
1517,152,148,127,2025-01-03 23:00:26,55,Cancelled,476.87
1518,185,117,4,2026-02-04 05:08:52,25,Delivered,584.57
1519,568,121,191,2025-06-10 11:37:49,21,Delivered,206.22
1520,442,7,177,2024-10-20 22:03:18,25,Preparing,368.42
1521,888,136,236,2025-01-25 18:24:57,39,Preparing,734.71
1522,412,143,62,2025-01-10 18:32:33,60,Delivered,705.73
1523,845,87,152,2025-08-02 02:13:32,53,Delivered,1790.32
1524,47,19,190,2026-02-08 01:58:33,37,Preparing,1652.61
1525,646,116,190,2025-06-10 16:20:47,68,Delivered,1400.14
1526,717,35,188,2026-06-23 19:08:32,26,Delivered,1122.77
1527,840,131,22,2024-07-29 09:26:16,24,Cancelled,1129.36
1528,379,117,98,2025-04-20 11:49:00,35,Delivered,989.3
1529,603,72,242,2024-12-20 23:38:10,64,Delivered,640.63
1530,350,13,145,2025-02-07 04:14:20,48,Cancelled,1106.72
1531,865,110,74,2024-09-01 01:50:48,35,Delivered,1399.55
1532,977,37,11,2026-07-12 08:49:22,67,Preparing,1605.93
1533,749,54,111,2025-02-11 17:59:00,48,Delivered,1601.31
1534,322,26,89,2025-04-04 13:27:19,33,Delivered,624.94
1535,499,113,58,2025-10-04 03:35:37,25,Delivered,1664.19
1536,621,28,237,2025-08-30 00:04:07,29,Delivered,382.66
1537,212,142,215,2024-10-10 09:11:12,47,Delivered,195.13
1538,925,11,246,2025-06-05 05:24:21,49,Delivered,471.97
1539,501,7,95,2025-04-13 06:51:23,28,Delivered,1714.0
1540,437,114,134,2026-03-26 17:17:04,23,Delivered,636.65
1541,113,31,114,2026-05-04 18:56:36,42,Delivered,293.33
1542,141,72,188,2026-01-24 00:39:21,57,Delivered,733.64
1543,81,57,187,2024-08-15 02:20:49,19,Delivered,986.65
1544,283,117,162,2026-07-05 21:20:15,62,Delivered,1432.13
1545,724,81,229,2024-12-04 16:02:14,17,Delivered,1688.41
1546,814,134,82,2025-05-04 22:18:23,27,Delivered,1240.87
1547,899,10,243,2026-07-03 02:35:19,55,Delivered,555.76
1548,601,97,224,2025-03-02 07:35:19,29,Delivered,587.72
1549,156,125,209,2026-03-03 23:25:16,26,Delivered,616.29
1550,204,23,244,2025-03-20 16:51:27,48,Cancelled,1386.59
1551,4,112,18,2025-08-18 00:01:47,46,Delivered,494.1
1552,183,10,108,2024-11-18 09:53:46,59,Delivered,777.48
1553,598,61,164,2025-02-17 16:57:59,37,Delivered,1233.95
1554,185,77,216,2024-11-02 19:40:00,29,Cancelled,1252.16
1555,502,101,154,2025-11-19 17:48:39,37,Delivered,637.44
1556,225,29,247,2024-10-12 16:28:30,63,Delivered,842.33
1557,458,84,64,2025-06-27 05:07:55,57,Delivered,440.72
1558,980,82,170,2025-04-01 23:18:26,22,Delivered,806.85
1559,132,124,216,2025-12-16 03:43:52,66,Cancelled,1141.75
1560,704,61,8,2024-08-22 13:57:18,33,Delivered,504.93
1561,872,105,16,2026-06-07 04:12:24,50,Delivered,581.65
1562,326,106,101,2024-12-26 03:56:28,66,Delivered,807.82
1563,935,14,69,2026-01-21 10:49:08,46,Delivered,710.74
1564,839,12,79,2025-03-10 15:42:47,43,Delivered,1094.63
1565,171,138,53,2025-02-26 13:48:05,64,Delivered,1714.0
1566,629,85,34,2024-08-20 00:14:12,53,Delivered,1717.96
1567,22,98,24,2026-04-01 21:16:49,64,Delivered,1655.18
1568,786,142,17,2025-10-12 15:15:39,56,Delivered,497.26
1569,549,51,41,2025-06-17 11:36:52,68,Delivered,1568.54
1570,235,75,206,2025-06-06 08:33:22,25,Preparing,696.98
1571,221,142,188,2026-05-16 11:51:10,30,Preparing,209.52
1572,21,135,27,2024-09-16 03:16:44,47,Delivered,950.08
1573,161,73,78,2025-07-29 03:49:21,16,Delivered,1424.48
1574,254,9,70,2026-03-07 23:02:00,62,Delivered,1443.69
1575,672,103,34,2026-02-24 02:22:52,67,Delivered,595.5
1576,87,20,19,2025-08-09 04:24:22,47,Delivered,1407.94
1577,426,6,4,2026-06-25 10:54:30,62,Delivered,1148.04
1578,156,25,189,2026-07-07 02:07:31,52,Delivered,470.57
1579,621,80,201,2026-07-22 11:17:50,35,Delivered,1376.75
1580,310,71,118,2026-03-01 16:20:33,27,Delivered,1749.28
1581,591,121,97,2024-09-17 19:25:56,33,Delivered,516.72
1582,417,144,72,2026-03-21 00:06:11,45,Delivered,1309.75
1583,519,63,98,2025-09-02 16:29:48,16,Preparing,1350.47
1584,975,96,196,2024-11-04 12:49:33,49,Delivered,896.25
1585,592,7,102,2026-01-23 22:05:58,64,Delivered,760.21
1586,577,28,165,2025-02-14 23:53:30,34,Delivered,1485.97
1587,1000,22,25,2025-11-02 20:41:20,50,Delivered,1576.97
1588,502,64,22,2025-09-20 03:02:58,24,Delivered,1532.82
1589,536,146,195,2025-10-17 07:23:35,29,Delivered,964.14
1590,422,80,190,2026-03-05 22:36:56,36,Delivered,210.24
1591,706,145,154,2025-09-26 15:16:59,41,Cancelled,592.44
1592,215,144,204,2025-11-30 18:39:15,46,Delivered,666.48
1593,668,61,83,2024-08-30 13:18:38,44,Delivered,998.81
1594,880,21,236,2025-09-26 16:50:03,21,Delivered,277.88
1595,131,4,42,2025-09-22 07:16:35,48,Delivered,424.23
1596,449,30,10,2026-07-03 23:32:32,42,Delivered,1183.17
1597,538,125,36,2026-02-15 16:07:35,62,Cancelled,839.94
1598,10,76,31,2024-07-31 06:40:58,42,Preparing,1337.91
1599,902,70,134,2026-06-01 22:30:19,35,Delivered,763.19
1600,666,43,37,2025-06-05 07:12:06,33,Delivered,487.36
1601,629,96,133,2025-07-22 16:42:18,53,Delivered,913.75
1602,959,85,238,2026-05-07 07:53:05,62,Delivered,1556.45
1603,139,43,135,2025-09-30 03:45:42,60,Delivered,166.2
1604,427,46,39,2024-11-19 01:06:02,45,Delivered,1762.01
1605,320,49,52,2024-10-12 07:50:16,59,Delivered,906.68
1606,97,16,160,2025-02-24 22:37:36,44,Delivered,260.17
1607,652,144,227,2024-09-28 21:44:25,29,Delivered,173.31
1608,198,71,73,2025-07-08 00:51:59,67,Preparing,853.17
1609,747,79,95,2025-02-24 10:54:37,54,Delivered,1691.61
1610,575,139,165,2025-06-15 09:26:35,57,Delivered,1127.85
1611,106,56,72,2025-09-03 14:34:30,26,Delivered,318.83
1612,817,134,151,2026-05-18 13:29:38,56,Delivered,694.76
1613,791,71,248,2024-10-18 07:09:19,66,Delivered,1166.21
1614,932,122,54,2026-04-01 13:25:50,25,Delivered,532.52
1615,222,24,238,2025-01-20 23:18:37,66,Delivered,386.5
1616,487,1,83,2026-05-12 07:18:51,19,Cancelled,236.11
1617,524,113,109,2025-04-08 14:57:30,57,Delivered,649.22
1618,779,31,62,2025-11-24 14:39:10,50,Delivered,1426.97
1619,724,122,91,2024-12-19 12:43:55,34,Delivered,673.0
1620,81,55,245,2026-07-12 23:06:13,25,Preparing,1525.45
1621,729,37,216,2025-05-31 11:54:19,42,Delivered,958.65
1622,808,65,176,2025-11-27 18:00:43,22,Delivered,868.43
1623,357,46,7,2025-05-17 12:35:12,70,Delivered,919.03
1624,687,89,187,2025-02-19 21:58:38,42,Delivered,1073.66
1625,943,49,98,2025-09-26 02:07:10,38,Delivered,1383.59
1626,11,51,114,2025-06-21 23:37:36,38,Delivered,159.26
1627,318,85,25,2025-11-19 21:19:32,38,Preparing,979.61
1628,14,70,9,2025-12-26 03:52:21,56,Delivered,939.91
1629,45,65,71,2025-09-20 06:05:58,55,Delivered,1094.1
1630,32,121,156,2025-11-20 14:49:13,55,Delivered,436.72
1631,768,140,207,2026-04-15 03:27:29,21,Delivered,197.58
1632,916,40,181,2026-07-09 20:56:10,62,Delivered,1554.06
1633,85,108,214,2025-02-07 10:46:15,69,Delivered,881.57
1634,728,16,81,2026-01-22 21:36:26,21,Cancelled,607.84
1635,874,50,168,2025-10-23 22:29:50,54,Delivered,698.9
1636,689,82,230,2025-06-01 12:17:12,60,Delivered,1777.35
1637,740,94,133,2026-01-21 00:50:28,15,Preparing,815.24
1638,858,16,17,2025-11-21 12:02:32,27,Delivered,977.52
1639,747,69,22,2025-09-28 21:55:12,26,Delivered,604.62
1640,204,130,105,2025-07-06 02:10:56,26,Delivered,1539.5
1641,964,1,80,2025-03-28 02:27:55,32,Delivered,344.23
1642,478,146,215,2026-07-21 15:45:27,59,Delivered,1684.95
1643,91,30,236,2025-08-26 15:31:51,20,Delivered,292.59
1644,326,6,197,2025-05-21 02:54:30,25,Delivered,508.92
1645,384,118,21,2025-10-12 15:17:57,61,Preparing,657.84
1646,698,49,192,2025-03-28 16:09:28,63,Delivered,662.3
1647,389,74,46,2026-01-14 23:37:19,32,Delivered,670.64
1648,232,49,70,2026-06-22 07:21:51,27,Delivered,636.64
1649,715,113,68,2026-06-02 06:35:10,20,Delivered,1104.85
1650,358,134,116,2024-10-07 04:45:47,68,Delivered,1522.36
1651,38,150,99,2025-04-09 07:20:11,24,Delivered,497.59
1652,720,112,89,2025-04-19 08:53:53,56,Delivered,1463.85
1653,213,88,180,2025-10-29 01:12:21,47,Delivered,1376.17
1654,276,24,132,2025-02-16 22:59:55,64,Delivered,510.12
1655,268,9,237,2025-03-29 14:37:38,22,Delivered,1191.34
1656,487,36,120,2026-04-14 05:19:47,52,Delivered,1080.22
1657,675,9,83,2025-12-23 15:04:36,59,Delivered,742.16
1658,923,3,41,2024-09-05 08:33:16,41,Delivered,705.51
1659,925,26,48,2024-10-23 00:07:00,37,Delivered,920.29
1660,191,6,113,2024-11-02 11:13:52,66,Delivered,1129.4
1661,712,112,188,2025-11-17 17:40:09,40,Delivered,551.92
1662,741,96,154,2024-11-10 17:46:40,36,Delivered,811.9
1663,42,60,196,2026-02-10 03:41:41,47,Delivered,852.73
1664,276,148,103,2025-11-06 09:42:40,52,Delivered,995.14
1665,945,77,227,2026-01-07 20:45:13,53,Preparing,1705.7
1666,204,146,193,2024-12-16 07:48:28,23,Delivered,699.69
1667,983,14,249,2024-09-12 13:41:13,20,Delivered,1413.61
1668,821,89,118,2026-05-16 06:05:02,40,Delivered,151.39
1669,152,52,227,2026-01-14 00:34:18,26,Delivered,282.62
1670,242,53,112,2026-03-27 17:16:43,20,Delivered,404.33
1671,569,96,2,2025-08-04 03:33:24,45,Delivered,314.86
1672,564,101,179,2025-05-05 16:56:45,28,Preparing,1252.92
1673,852,119,181,2025-02-05 10:41:23,30,Delivered,308.11
1674,132,82,196,2026-01-21 10:22:40,23,Delivered,689.73
1675,290,109,153,2026-07-20 10:38:59,40,Delivered,722.33
1676,686,7,57,2025-05-21 09:00:48,53,Delivered,538.01
1677,371,88,129,2026-06-19 16:33:16,67,Delivered,1138.63
1678,408,20,166,2026-01-19 16:54:56,29,Delivered,460.15
1679,217,78,112,2024-09-01 14:51:02,20,Delivered,1229.17
1680,436,39,73,2025-04-27 21:30:23,34,Delivered,1505.1
1681,36,67,246,2024-10-25 03:14:28,41,Delivered,807.06
1682,530,28,120,2024-09-21 17:34:21,66,Delivered,1282.01
1683,104,104,206,2025-08-01 14:29:23,66,Delivered,676.39
1684,589,130,99,2024-09-28 02:51:15,58,Delivered,952.13
1685,983,103,109,2025-06-22 05:09:51,64,Delivered,851.22
1686,760,30,155,2026-01-10 09:12:28,66,Delivered,892.95
1687,382,122,183,2026-02-14 16:06:51,36,Delivered,1753.42
1688,115,46,109,2024-09-15 02:48:46,49,Delivered,1586.02
1689,82,39,2,2025-01-21 10:24:11,36,Preparing,1317.48
1690,265,51,132,2026-05-06 16:53:55,67,Delivered,1589.14
1691,446,13,119,2025-11-03 23:53:35,33,Delivered,1582.03
1692,472,94,13,2025-09-19 19:10:13,53,Delivered,566.34
1693,346,76,197,2026-03-05 16:59:20,67,Delivered,590.94
1694,301,92,107,2026-03-20 03:27:30,16,Delivered,641.18
1695,37,29,92,2025-10-03 07:56:18,61,Delivered,1368.82
1696,255,45,22,2026-04-17 06:29:23,49,Delivered,1349.2
1697,649,127,111,2025-05-31 18:43:49,32,Delivered,905.75
1698,633,63,236,2025-01-05 22:55:27,67,Preparing,1688.24
1699,841,135,146,2025-06-21 06:10:24,44,Delivered,688.87
1700,40,38,156,2025-03-30 06:08:36,61,Delivered,1605.36
1701,392,132,186,2025-02-07 02:53:14,20,Delivered,1200.62
1702,310,109,103,2025-06-13 03:11:56,16,Delivered,1382.17
1703,739,21,215,2026-01-31 00:53:31,42,Preparing,1459.51
1704,585,67,78,2025-12-14 02:00:35,54,Delivered,1559.5
1705,250,13,96,2024-11-03 17:55:08,51,Delivered,1405.19
1706,448,71,192,2024-10-14 17:48:58,59,Delivered,606.81
1707,688,12,155,2025-09-01 19:37:44,40,Preparing,1269.04
1708,280,2,105,2025-10-21 23:52:48,28,Delivered,833.64
1709,133,71,69,2025-02-15 22:30:46,44,Delivered,1760.23
1710,326,25,57,2025-04-09 13:26:11,29,Delivered,685.6
1711,66,74,187,2025-05-14 07:20:54,60,Delivered,910.06
1712,431,85,139,2025-11-06 16:54:05,39,Delivered,1070.13
1713,352,88,82,2024-09-10 09:55:31,37,Delivered,400.43
1714,875,128,54,2025-05-19 10:16:47,49,Delivered,1260.43
1715,262,104,9,2025-08-10 04:03:13,57,Cancelled,1746.74
1716,647,125,144,2024-08-04 00:39:38,37,Delivered,1384.22
1717,543,95,78,2024-09-05 05:46:50,33,Delivered,894.97
1718,479,8,40,2024-08-17 07:19:55,54,Delivered,1180.04
1719,579,111,107,2025-11-02 12:40:37,63,Delivered,1756.04
1720,570,126,61,2025-12-20 15:26:43,39,Preparing,367.3
1721,622,32,25,2025-12-16 23:08:52,40,Delivered,1787.02
1722,585,75,46,2025-10-16 15:49:57,70,Delivered,1432.92
1723,753,103,141,2025-03-19 23:02:51,41,Delivered,509.29
1724,923,72,82,2026-04-16 20:58:35,64,Delivered,324.3
1725,906,82,129,2024-11-11 14:38:19,49,Delivered,521.41
1726,414,127,194,2025-03-18 01:56:49,44,Delivered,1675.51
1727,161,46,103,2025-09-14 00:01:11,33,Delivered,1519.28
1728,782,119,168,2025-10-22 20:17:35,26,Delivered,312.23
1729,595,108,250,2025-02-08 09:55:23,41,Delivered,1200.09
1730,634,58,36,2024-12-15 00:58:38,54,Delivered,1798.2
1731,614,147,188,2024-09-03 12:53:32,41,Preparing,686.28
1732,256,43,146,2025-03-13 21:21:28,55,Delivered,300.09
1733,380,6,191,2026-07-14 01:02:50,53,Cancelled,1229.29
1734,566,131,222,2025-05-17 08:55:42,27,Cancelled,416.28
1735,378,62,45,2025-05-16 08:51:55,45,Preparing,1670.29
1736,331,34,76,2026-01-10 02:32:27,19,Cancelled,491.56
1737,473,118,63,2026-06-01 01:43:23,58,Delivered,1783.03
1738,816,46,250,2025-02-26 20:43:43,44,Delivered,333.41
1739,619,85,224,2026-03-31 04:37:36,25,Delivered,1341.38
1740,72,2,192,2026-06-30 11:13:06,17,Delivered,820.47
1741,533,121,221,2026-02-24 06:33:58,39,Delivered,838.2
1742,267,138,31,2026-05-29 06:14:53,60,Delivered,1217.7
1743,547,7,113,2025-10-04 12:08:33,45,Delivered,248.65
1744,832,102,213,2025-11-17 11:57:11,67,Delivered,215.85
1745,410,131,162,2025-07-01 20:47:56,56,Delivered,1449.25
1746,107,38,217,2025-06-29 02:17:11,31,Delivered,1106.69
1747,811,29,185,2025-08-19 11:39:45,25,Delivered,1233.29
1748,146,63,204,2025-06-12 21:03:38,45,Delivered,310.26
1749,658,19,118,2024-09-05 21:38:14,60,Delivered,553.8
1750,267,88,76,2025-04-08 22:54:29,59,Delivered,1449.17
1751,717,67,146,2026-04-03 00:52:07,32,Delivered,1406.18
1752,152,134,74,2025-07-02 13:30:04,16,Delivered,761.9
1753,372,75,79,2025-02-17 15:59:54,60,Delivered,1195.93
1754,487,113,173,2024-12-01 18:14:33,33,Delivered,1478.58
1755,132,38,156,2024-08-09 05:07:26,33,Cancelled,574.55
1756,234,8,218,2026-04-27 03:00:05,28,Delivered,394.8
1757,13,67,94,2026-04-04 01:34:10,61,Delivered,1585.88
1758,530,104,123,2026-07-22 11:56:53,54,Preparing,1754.47
1759,660,40,151,2025-03-27 10:10:42,69,Delivered,1013.51
1760,388,125,166,2025-03-30 12:50:48,25,Cancelled,945.39
1761,496,98,4,2025-06-23 01:49:43,57,Preparing,714.91
1762,317,53,58,2026-06-01 01:37:12,24,Delivered,1433.72
1763,809,31,167,2025-05-07 22:28:24,27,Delivered,907.88
1764,935,4,216,2025-08-13 16:20:03,62,Delivered,1442.09
1765,537,59,190,2026-03-08 11:21:06,27,Delivered,204.19
1766,642,26,244,2025-07-08 05:26:07,36,Delivered,597.93
1767,985,137,217,2025-04-19 02:02:00,62,Delivered,281.09
1768,818,15,115,2025-09-19 13:35:13,51,Delivered,553.74
1769,817,47,177,2026-06-22 06:15:13,56,Cancelled,526.76
1770,735,117,46,2024-08-20 17:33:32,17,Preparing,588.51
1771,285,24,191,2025-10-15 17:39:18,27,Delivered,1663.82
1772,928,34,134,2025-07-14 01:42:56,34,Delivered,525.52
1773,600,149,123,2026-03-28 20:41:49,44,Delivered,1604.71
1774,53,82,203,2025-03-25 16:46:54,55,Delivered,939.19
1775,453,22,122,2026-03-17 14:11:03,27,Delivered,1122.47
1776,613,125,77,2025-04-02 18:51:15,51,Delivered,859.1
1777,927,29,185,2025-01-16 12:16:53,43,Delivered,471.42
1778,826,117,1,2024-12-25 10:01:30,31,Delivered,1142.23
1779,505,46,85,2026-03-27 21:15:31,47,Delivered,618.2
1780,661,77,68,2025-08-26 09:54:49,70,Delivered,712.88
1781,695,144,129,2026-04-15 12:44:48,34,Delivered,333.93
1782,775,47,125,2025-11-13 18:51:08,15,Delivered,1757.68
1783,482,127,42,2024-08-20 12:05:58,26,Delivered,862.82
1784,312,25,237,2025-06-24 06:55:25,70,Delivered,1202.51
1785,552,47,50,2024-11-07 16:51:20,64,Delivered,532.47
1786,315,129,79,2025-02-02 10:21:49,35,Delivered,928.59
1787,702,77,238,2026-05-25 17:51:35,54,Delivered,1258.61
1788,332,41,50,2026-03-28 15:21:37,64,Delivered,433.43
1789,162,41,84,2025-05-12 02:03:30,48,Preparing,1228.26
1790,808,107,200,2025-02-14 12:38:42,61,Delivered,1689.19
1791,484,78,95,2026-04-10 14:39:36,24,Delivered,1349.07
1792,850,81,116,2025-06-08 04:46:12,34,Delivered,799.34
1793,428,2,196,2026-06-09 09:13:04,40,Delivered,824.5
1794,662,36,250,2025-05-21 04:44:06,44,Delivered,182.14
1795,722,52,54,2026-03-29 10:54:25,57,Delivered,636.41
1796,383,7,83,2024-11-07 15:55:44,42,Delivered,687.38
1797,574,52,205,2026-05-23 14:36:46,28,Delivered,876.17
1798,281,28,20,2025-12-03 03:26:36,30,Delivered,1342.7
1799,965,121,244,2024-12-19 05:35:59,17,Delivered,793.6
1800,983,125,64,2026-03-19 11:17:00,32,Preparing,1117.09
1801,61,26,15,2025-06-19 07:17:35,55,Delivered,1037.53
1802,449,73,29,2025-04-16 10:28:38,45,Delivered,1387.21
1803,333,106,212,2026-01-24 05:37:38,24,Cancelled,1123.18
1804,588,52,144,2025-03-10 16:25:36,20,Delivered,690.94
1805,560,67,143,2024-09-09 03:44:44,48,Delivered,1287.79
1806,144,18,223,2024-10-21 06:13:27,65,Delivered,1369.45
1807,981,93,232,2025-06-02 00:38:33,64,Delivered,1609.57
1808,189,83,120,2025-12-02 10:29:32,29,Delivered,699.47
1809,694,67,66,2025-04-14 11:46:34,53,Delivered,188.18
1810,123,106,110,2025-11-09 22:23:10,40,Delivered,1466.86
1811,852,136,16,2025-11-13 11:56:39,47,Delivered,1083.43
1812,33,130,224,2025-04-24 14:30:45,66,Delivered,1039.04
1813,290,148,86,2025-01-22 20:34:14,55,Delivered,274.66
1814,95,143,200,2026-07-17 19:20:35,22,Delivered,1467.68
1815,867,23,147,2024-09-08 18:32:57,44,Delivered,1788.37
1816,770,19,197,2024-08-05 04:12:29,58,Delivered,606.83
1817,463,39,167,2026-01-19 17:23:52,36,Delivered,1218.94
1818,348,117,136,2026-07-22 21:41:18,64,Delivered,1503.34
1819,443,6,103,2026-01-04 13:25:32,51,Delivered,1179.09
1820,400,5,3,2025-06-24 13:20:23,29,Delivered,398.32
1821,877,58,150,2024-11-30 13:03:58,58,Delivered,1028.4
1822,670,52,198,2026-05-24 14:36:33,67,Delivered,735.16
1823,902,148,40,2024-12-21 02:34:32,27,Delivered,490.14
1824,186,26,7,2024-10-29 00:55:42,49,Delivered,1543.75
1825,799,33,139,2024-12-11 22:02:45,37,Preparing,690.31
1826,323,59,169,2024-11-24 05:54:58,28,Delivered,419.43
1827,278,60,240,2025-03-14 12:10:38,28,Delivered,195.04
1828,899,113,32,2024-12-16 16:25:47,68,Preparing,191.95
1829,889,54,98,2026-03-12 22:55:02,18,Delivered,808.64
1830,211,98,152,2026-04-10 00:54:05,67,Delivered,1749.25
1831,519,149,186,2025-07-15 02:02:37,48,Delivered,1398.4
1832,124,126,190,2025-06-26 15:25:00,53,Delivered,1792.34
1833,426,49,54,2026-06-13 15:09:33,20,Delivered,743.77
1834,262,131,29,2025-08-04 14:53:38,44,Delivered,777.05
1835,431,103,247,2026-01-19 01:41:05,69,Delivered,744.65
1836,318,17,112,2025-12-21 02:15:36,69,Delivered,528.44
1837,719,22,167,2025-08-01 04:33:54,56,Delivered,1595.3
1838,17,71,187,2025-03-27 07:49:58,56,Cancelled,224.86
1839,868,64,46,2025-06-05 17:06:32,51,Delivered,1005.73
1840,144,121,196,2024-11-10 09:44:27,17,Delivered,1473.93
1841,888,76,96,2026-03-14 07:57:22,54,Delivered,409.85
1842,177,45,240,2025-03-31 12:17:26,48,Preparing,1374.25
1843,830,47,94,2025-11-17 09:45:57,22,Delivered,199.47
1844,209,79,104,2024-09-19 08:41:26,55,Delivered,1538.35
1845,637,83,8,2025-05-28 02:19:42,65,Delivered,197.02
1846,482,9,189,2024-08-19 14:48:11,70,Delivered,822.63
1847,553,97,196,2024-10-17 13:49:10,53,Delivered,430.07
1848,103,4,90,2024-09-28 11:24:21,29,Delivered,1780.52
1849,116,122,119,2024-12-13 10:45:43,41,Cancelled,1035.6
1850,138,1,80,2025-03-04 06:27:07,45,Delivered,1639.76
1851,132,83,169,2026-01-30 20:52:18,49,Delivered,1162.46
1852,734,25,123,2024-10-14 16:04:16,46,Delivered,1555.75
1853,201,33,57,2024-10-08 18:07:32,47,Delivered,1704.78
1854,231,22,191,2025-05-14 09:36:07,21,Delivered,615.79
1855,630,27,64,2026-07-06 10:33:26,29,Delivered,1354.55
1856,309,85,182,2026-05-21 15:59:01,44,Delivered,1007.86
1857,592,69,195,2025-08-24 00:50:44,23,Delivered,768.37
1858,149,149,189,2026-04-23 07:32:58,69,Delivered,1644.92
1859,395,13,204,2025-02-09 04:15:10,27,Preparing,173.63
1860,650,9,214,2025-09-16 08:59:19,65,Delivered,804.66
1861,12,147,124,2026-04-09 00:28:56,45,Cancelled,459.78
1862,891,148,104,2025-09-03 16:24:00,43,Preparing,897.77
1863,270,140,113,2025-12-07 17:08:21,22,Delivered,1231.51
1864,527,87,87,2025-05-26 14:56:09,26,Delivered,1481.53
1865,500,141,117,2024-09-13 15:25:19,57,Delivered,1562.75
1866,782,133,68,2024-08-02 19:35:52,19,Delivered,853.75
1867,27,140,33,2026-03-11 18:08:31,21,Delivered,904.77
1868,114,31,141,2026-07-01 13:27:30,60,Delivered,1590.96
1869,315,116,112,2025-09-19 01:08:37,50,Preparing,286.9
1870,888,130,47,2024-08-09 17:24:27,40,Delivered,1611.28
1871,524,50,37,2024-10-21 05:16:35,68,Delivered,1430.25
1872,204,91,135,2025-08-01 16:26:16,53,Delivered,1078.76
1873,544,135,13,2025-10-29 09:44:19,66,Delivered,1040.1
1874,711,136,43,2025-09-03 01:30:12,38,Delivered,1272.65
1875,651,58,216,2025-06-01 17:00:37,63,Delivered,1042.36
1876,979,109,220,2025-08-06 19:45:03,27,Delivered,1732.44
1877,972,103,76,2026-02-01 06:54:45,39,Preparing,1753.81
1878,916,122,120,2025-08-17 04:18:43,35,Delivered,1697.94
1879,1,20,65,2025-10-06 02:51:38,60,Delivered,664.15
1880,946,18,16,2024-11-05 08:51:46,63,Delivered,387.26
1881,843,42,196,2024-12-28 05:03:53,66,Preparing,1764.27
1882,401,41,166,2026-06-08 09:36:08,41,Delivered,469.06
1883,855,90,19,2024-09-28 12:39:22,29,Preparing,605.76
1884,915,103,32,2024-12-10 08:24:48,61,Delivered,1708.16
1885,156,53,114,2025-10-20 21:14:11,24,Delivered,1404.96
1886,12,31,134,2025-11-03 14:54:19,34,Delivered,1423.24
1887,613,121,60,2026-06-14 12:07:06,57,Delivered,1506.7
1888,555,117,40,2025-05-03 09:55:56,19,Cancelled,1394.51
1889,738,88,225,2025-07-08 23:55:57,32,Preparing,217.6
1890,859,66,29,2026-07-21 23:30:05,55,Delivered,1115.21
1891,898,125,195,2026-03-31 06:02:59,33,Delivered,320.03
1892,750,93,62,2026-06-25 23:45:54,70,Delivered,965.98
1893,719,111,108,2024-08-08 15:25:14,18,Delivered,1577.53
1894,287,71,232,2026-07-22 04:21:04,31,Delivered,692.57
1895,683,65,92,2026-04-12 22:17:12,20,Delivered,1326.61
1896,498,63,150,2025-02-26 06:17:22,46,Delivered,865.72
1897,273,27,200,2025-07-10 13:43:09,67,Delivered,1075.11
1898,858,145,97,2024-11-10 20:25:51,53,Delivered,1676.65
1899,392,11,155,2026-02-06 23:12:16,21,Delivered,1459.44
1900,977,26,148,2025-06-11 09:25:31,21,Delivered,1410.65
1901,370,149,173,2026-04-05 15:19:29,60,Preparing,846.02
1902,404,11,89,2025-02-18 10:28:47,56,Delivered,1556.18
1903,588,134,10,2026-05-22 09:47:07,40,Delivered,1186.4
1904,797,111,172,2024-12-03 12:45:25,16,Delivered,448.22
1905,646,85,26,2025-12-07 01:46:55,33,Preparing,1473.13
1906,747,117,218,2026-04-20 18:05:52,31,Delivered,1276.97
1907,361,64,71,2025-06-24 03:52:47,43,Delivered,685.45
1908,716,68,197,2024-09-26 04:52:22,65,Delivered,1071.49
1909,885,141,166,2024-11-20 10:55:34,35,Delivered,1392.98
1910,800,45,217,2026-02-16 10:02:33,46,Cancelled,700.71
1911,632,138,190,2024-10-23 04:59:45,66,Delivered,525.49
1912,849,79,26,2026-07-13 06:39:14,61,Delivered,820.01
1913,637,128,164,2024-12-03 22:20:16,26,Delivered,483.55
1914,877,125,90,2024-09-08 14:18:06,36,Delivered,1628.04
1915,773,41,246,2025-01-03 10:19:43,25,Delivered,333.94
1916,596,80,233,2025-09-12 18:21:43,47,Delivered,1074.8
1917,775,144,138,2025-02-09 04:45:54,26,Delivered,1297.8
1918,204,24,24,2025-01-22 18:48:29,60,Delivered,1596.94
1919,415,68,38,2026-02-20 06:40:10,60,Delivered,733.77
1920,137,99,27,2026-03-11 03:46:24,69,Preparing,1494.05
1921,909,76,158,2026-06-16 01:45:46,51,Preparing,684.33
1922,231,114,212,2025-08-04 21:32:50,17,Delivered,405.77
1923,281,7,127,2025-04-20 19:40:13,29,Delivered,1772.38
1924,252,58,113,2025-01-22 03:18:20,56,Delivered,389.87
1925,304,63,247,2025-06-28 02:52:03,16,Cancelled,947.4
1926,450,107,143,2025-04-23 14:11:58,50,Preparing,467.19
1927,191,133,149,2026-01-21 00:00:08,40,Delivered,1616.2
1928,397,67,181,2025-10-29 08:28:34,65,Preparing,1475.65
1929,270,111,95,2026-02-15 16:19:17,38,Preparing,1695.92
1930,328,139,92,2025-05-24 18:39:14,19,Preparing,371.91
1931,881,64,204,2026-06-02 00:21:44,49,Delivered,309.43
1932,940,130,182,2026-03-05 14:14:32,45,Delivered,322.93
1933,847,59,185,2025-09-15 12:07:47,37,Delivered,1214.19
1934,568,58,120,2024-09-04 10:03:26,32,Delivered,237.78
1935,634,113,128,2025-07-22 06:59:48,52,Delivered,1722.72
1936,176,6,144,2025-10-02 10:50:27,43,Delivered,244.95
1937,356,123,223,2025-04-27 04:36:20,60,Delivered,1275.31
1938,67,71,146,2026-04-26 04:48:39,31,Preparing,1350.8
1939,731,126,111,2025-12-04 17:11:10,60,Delivered,370.04
1940,406,56,170,2024-12-07 04:15:13,43,Delivered,1300.39
1941,312,85,60,2025-05-11 06:47:07,51,Delivered,988.13
1942,417,37,197,2025-02-19 16:23:48,49,Preparing,1118.34
1943,884,2,249,2025-09-01 08:13:35,54,Delivered,1394.87
1944,602,31,199,2024-12-11 20:33:51,19,Delivered,1024.12
1945,748,42,188,2025-03-26 15:55:33,27,Delivered,1142.52
1946,778,46,214,2024-11-05 10:03:58,26,Delivered,1682.56
1947,747,31,85,2024-11-01 21:58:43,20,Delivered,815.87
1948,718,100,207,2026-01-01 19:50:14,41,Delivered,932.77
1949,868,88,47,2025-10-05 01:55:54,21,Delivered,442.73
1950,441,65,128,2026-01-19 15:58:23,20,Delivered,812.36
1951,233,90,166,2026-03-04 12:30:33,55,Delivered,895.35
1952,97,135,66,2025-01-25 16:46:20,16,Cancelled,250.49
1953,571,16,175,2025-08-24 02:45:03,38,Delivered,152.85
1954,542,4,2,2025-04-06 22:53:43,35,Delivered,195.63
1955,927,146,145,2026-06-11 12:44:54,38,Cancelled,1726.92
1956,194,128,47,2025-02-10 17:50:52,49,Delivered,719.66
1957,894,40,154,2025-05-06 06:14:20,38,Delivered,1620.87
1958,724,46,130,2026-04-09 01:06:55,24,Delivered,884.43
1959,638,10,240,2026-03-05 11:40:42,49,Cancelled,1459.52
1960,124,80,240,2025-02-22 12:01:16,33,Delivered,1277.0
1961,605,133,43,2024-09-03 16:26:55,21,Delivered,1145.78
1962,628,87,241,2024-08-22 11:31:36,44,Preparing,1054.17
1963,399,115,242,2026-01-04 23:44:08,22,Delivered,258.01
1964,253,94,37,2025-06-27 11:05:18,30,Preparing,959.77
1965,814,104,11,2025-02-11 17:05:29,37,Delivered,1770.87
1966,492,26,218,2025-03-23 08:30:58,48,Delivered,1230.43
1967,934,135,145,2025-12-18 02:59:46,51,Delivered,1010.76
1968,776,140,165,2025-05-10 10:51:58,27,Delivered,373.53
1969,782,51,75,2025-03-07 14:10:08,55,Delivered,867.98
1970,85,126,7,2025-12-17 15:32:47,46,Delivered,1076.07
1971,625,100,79,2025-07-26 23:12:49,46,Preparing,1421.72
1972,790,15,136,2025-04-18 00:21:15,68,Delivered,1712.19
1973,315,147,139,2026-02-23 15:47:31,26,Delivered,1369.77
1974,548,8,13,2024-11-19 04:29:22,34,Delivered,730.41
1975,551,14,211,2026-06-04 17:05:03,67,Delivered,865.78
1976,521,135,218,2024-12-28 22:19:04,26,Delivered,1273.87
1977,46,55,26,2026-05-16 18:58:25,44,Preparing,1622.39
1978,730,82,19,2026-06-12 14:55:50,60,Delivered,491.12
1979,656,4,12,2024-09-26 15:23:18,39,Delivered,1287.49
1980,947,75,2,2024-10-23 14:14:27,30,Delivered,1660.15
1981,339,46,100,2024-11-14 18:15:56,67,Delivered,1664.01
1982,412,12,40,2024-12-26 09:32:33,24,Delivered,1175.91
1983,265,109,175,2024-11-25 19:20:53,51,Delivered,1638.44
1984,318,53,241,2026-07-25 00:45:13,56,Delivered,599.81
1985,707,3,107,2026-02-02 19:24:56,67,Delivered,608.84
1986,923,49,210,2025-07-11 14:35:15,64,Delivered,1140.21
1987,642,102,11,2025-03-07 18:59:50,59,Delivered,362.67
1988,707,58,19,2026-03-18 22:43:24,55,Delivered,412.22
1989,811,126,18,2025-09-19 08:54:25,26,Delivered,426.16
1990,758,66,245,2025-11-18 13:47:34,58,Delivered,1296.78
1991,292,138,74,2026-03-15 12:41:02,33,Cancelled,581.47
1992,780,31,102,2026-02-21 02:29:21,67,Cancelled,483.51
1993,89,143,217,2026-02-16 19:50:08,46,Delivered,1005.07
1994,37,121,123,2025-08-14 15:09:15,21,Delivered,212.75
1995,398,48,22,2026-01-09 22:08:08,63,Delivered,261.21
1996,447,95,113,2026-07-29 05:58:48,62,Delivered,1135.05
1997,43,129,197,2025-11-23 05:53:27,27,Delivered,1346.1
1998,45,146,4,2026-02-18 17:50:07,24,Delivered,1718.18
1999,944,45,90,2026-04-23 13:23:29,44,Delivered,1212.82
2000,401,98,40,2024-10-02 23:33:27,33,Delivered,521.64
2001,643,50,86,2025-07-14 04:07:02,57,Delivered,191.76
2002,452,18,216,2025-07-04 13:40:38,30,Delivered,624.88
2003,165,37,141,2026-06-29 00:33:34,35,Delivered,1279.86
2004,420,133,137,2026-03-21 21:36:40,16,Delivered,430.36
2005,956,83,95,2025-06-03 07:28:04,17,Delivered,321.26
2006,240,2,98,2026-03-14 14:27:00,15,Delivered,1492.62
2007,788,146,31,2025-01-05 06:51:46,69,Delivered,1186.67
2008,578,140,19,2025-02-02 17:26:22,16,Delivered,1652.84
2009,960,147,166,2025-12-27 04:40:03,39,Delivered,1166.48
2010,461,61,175,2025-03-14 00:12:00,46,Delivered,719.49
2011,652,117,123,2025-12-12 02:24:26,24,Delivered,1601.08
2012,230,37,74,2025-12-09 08:14:41,55,Delivered,1739.02
2013,398,66,226,2026-01-07 02:01:20,25,Delivered,184.55
2014,825,77,37,2026-02-25 14:16:59,17,Delivered,1322.63
2015,555,59,103,2024-12-05 06:39:26,23,Delivered,732.35
2016,965,104,108,2025-08-13 02:27:48,41,Delivered,896.31
2017,976,100,119,2024-12-07 21:21:20,38,Delivered,1247.87
2018,137,136,53,2024-08-21 21:54:38,30,Delivered,465.09
2019,200,94,231,2024-12-24 21:44:01,44,Delivered,1410.56
2020,419,96,165,2026-06-02 22:56:44,34,Delivered,383.2
2021,112,139,167,2026-05-06 18:23:24,43,Delivered,1524.27
2022,794,106,14,2025-10-03 05:07:55,27,Delivered,1060.29
2023,161,99,240,2025-09-20 15:16:29,48,Delivered,1706.28
2024,25,53,99,2025-05-19 20:02:55,51,Delivered,600.98
2025,764,145,197,2026-01-12 04:23:55,24,Delivered,1098.86
2026,821,51,39,2024-12-07 21:15:38,41,Delivered,555.4
2027,757,34,196,2026-04-26 16:52:03,46,Delivered,1689.48
2028,628,136,189,2024-09-23 14:10:06,55,Cancelled,1265.71
2029,806,17,22,2026-06-26 08:35:55,16,Delivered,1572.71
2030,55,85,219,2025-08-01 19:11:13,20,Delivered,1637.98
2031,208,39,246,2025-04-29 17:40:14,28,Delivered,258.94
2032,639,81,150,2026-02-03 19:29:30,68,Delivered,708.72
2033,180,75,78,2024-08-07 20:41:51,21,Delivered,413.69
2034,902,39,42,2025-12-19 20:37:57,41,Delivered,1651.88
2035,420,41,144,2025-09-23 17:57:09,50,Delivered,1304.77
2036,288,64,250,2024-09-14 06:30:50,22,Delivered,391.97
2037,456,25,194,2026-04-12 08:54:15,17,Delivered,778.57
2038,389,123,44,2026-05-17 18:55:36,64,Delivered,1285.4
2039,838,93,239,2024-09-19 07:33:31,43,Delivered,450.03
2040,916,6,249,2025-11-12 07:59:21,46,Preparing,1085.19
2041,907,87,22,2026-03-30 01:03:24,38,Delivered,372.66
2042,308,101,235,2025-05-25 16:11:33,24,Delivered,1692.8
2043,984,51,247,2025-02-05 20:47:00,55,Delivered,1323.82
2044,972,22,91,2026-05-02 04:21:37,53,Preparing,966.34
2045,637,107,44,2024-08-30 10:55:04,38,Cancelled,466.84
2046,287,134,232,2025-02-12 01:45:51,16,Delivered,1644.6
2047,54,62,180,2025-04-10 13:37:22,34,Delivered,1793.65
2048,346,11,70,2026-02-04 05:35:03,62,Preparing,1233.54
2049,676,21,86,2025-12-04 13:09:10,50,Delivered,1588.87
2050,949,3,189,2024-12-27 00:41:41,51,Delivered,778.11
2051,927,121,98,2024-08-23 20:25:17,39,Delivered,1258.64
2052,714,97,86,2025-05-25 08:30:53,38,Delivered,1558.48
2053,803,109,105,2025-11-13 23:53:11,60,Delivered,1705.8
2054,737,67,142,2026-04-05 20:52:37,27,Delivered,590.01
2055,936,116,236,2025-01-23 08:32:38,57,Delivered,1249.27
2056,327,131,230,2025-04-07 11:57:35,22,Delivered,362.07
2057,781,28,63,2026-02-07 16:08:10,19,Delivered,257.18
2058,586,61,200,2025-09-25 15:00:10,20,Cancelled,165.91
2059,14,88,223,2025-08-23 18:53:45,54,Delivered,1111.55
2060,989,118,162,2026-05-04 13:03:58,70,Delivered,1247.15
2061,628,32,15,2024-11-18 13:17:05,60,Delivered,1664.7
2062,949,21,48,2025-02-21 06:23:32,20,Delivered,301.12
2063,444,60,54,2025-11-25 20:07:59,18,Delivered,788.39
2064,641,136,50,2026-06-23 07:03:29,45,Delivered,1318.59
2065,508,48,121,2025-01-23 06:32:47,33,Delivered,1126.49
2066,882,16,114,2025-04-12 04:15:43,26,Delivered,281.27
2067,998,51,68,2026-05-18 13:06:46,24,Cancelled,1099.47
2068,194,32,180,2025-01-23 08:03:32,63,Delivered,458.63
2069,330,59,42,2026-06-13 10:21:24,40,Delivered,1127.31
2070,616,106,130,2025-03-23 10:01:08,55,Delivered,853.76
2071,845,89,189,2024-08-07 05:46:45,30,Delivered,1230.49
2072,992,65,73,2024-08-25 20:12:49,63,Delivered,251.67
2073,506,89,232,2026-05-26 08:47:39,61,Delivered,1396.82
2074,441,21,173,2026-07-14 07:05:19,63,Cancelled,885.79
2075,763,23,82,2026-05-30 13:09:55,52,Delivered,1658.89
2076,715,17,146,2026-01-23 18:33:31,31,Delivered,676.46
2077,367,123,95,2026-04-01 23:54:51,46,Delivered,956.99
2078,560,49,59,2025-12-03 19:01:29,52,Delivered,1289.93
2079,420,120,226,2026-02-24 01:50:09,44,Delivered,1463.82
2080,968,104,119,2024-10-17 17:11:14,70,Cancelled,896.09
2081,146,99,108,2025-09-01 20:16:15,16,Cancelled,1450.64
2082,391,39,103,2024-09-20 18:04:58,38,Delivered,1455.77
2083,678,45,39,2026-02-04 12:59:19,52,Preparing,508.04
2084,17,101,121,2026-06-06 19:43:33,24,Delivered,476.3
2085,510,101,41,2025-06-01 21:49:15,34,Delivered,1558.79
2086,285,59,49,2025-07-06 05:48:59,46,Delivered,973.58
2087,446,41,125,2025-08-01 08:42:26,57,Delivered,1736.38
2088,69,83,181,2025-08-25 10:19:31,45,Delivered,383.44
2089,532,127,206,2025-03-08 16:14:39,28,Delivered,171.4
2090,316,41,87,2025-09-01 10:41:45,55,Delivered,1170.49
2091,627,32,154,2026-07-02 00:00:16,23,Delivered,712.81
2092,383,33,95,2024-09-19 01:46:01,51,Preparing,254.16
2093,458,95,107,2026-05-14 11:59:09,30,Delivered,688.23
2094,240,81,163,2025-06-24 03:48:51,45,Delivered,1065.74
2095,592,85,179,2025-04-23 07:08:14,27,Preparing,1743.03
2096,801,147,249,2024-12-09 20:29:54,29,Delivered,1155.49
2097,833,64,126,2025-03-02 15:44:38,51,Delivered,182.01
2098,524,25,99,2025-02-11 10:20:31,63,Delivered,680.73
2099,542,126,119,2025-02-11 15:45:39,53,Preparing,1712.79
2100,746,69,18,2026-07-11 03:43:33,43,Delivered,468.75
2101,789,71,183,2025-12-31 11:42:53,24,Delivered,1433.3
2102,486,64,58,2025-05-04 06:25:45,55,Delivered,737.68
2103,636,124,144,2025-02-17 07:05:13,24,Delivered,1728.5
2104,497,81,155,2025-02-17 11:27:51,49,Delivered,1487.7
2105,193,31,76,2025-06-26 02:39:24,61,Delivered,1609.87
2106,537,130,73,2024-09-08 14:35:59,30,Delivered,847.94
2107,839,3,77,2026-05-01 12:31:13,31,Delivered,638.57
2108,30,108,21,2025-09-15 01:49:18,38,Delivered,1651.18
2109,152,115,161,2025-01-08 09:10:07,39,Delivered,1129.84
2110,777,81,28,2026-04-26 13:10:01,32,Delivered,476.34
2111,622,117,73,2025-09-17 16:08:39,25,Delivered,682.63
2112,18,32,14,2026-06-11 19:25:34,70,Delivered,937.22
2113,146,81,213,2025-05-05 22:49:50,61,Delivered,192.02
2114,445,83,102,2026-01-14 18:51:59,26,Delivered,1529.52
2115,36,73,83,2024-09-18 07:03:39,51,Delivered,214.98
2116,524,15,186,2025-08-02 02:14:42,60,Delivered,969.52
2117,950,18,36,2025-11-09 05:55:29,24,Delivered,419.58
2118,731,61,24,2025-11-22 06:36:32,63,Delivered,739.18
2119,84,106,88,2025-01-13 22:57:06,63,Delivered,810.92
2120,64,135,107,2025-07-13 20:24:21,56,Delivered,1296.07
2121,562,23,209,2026-01-27 07:47:22,28,Delivered,340.16
2122,934,67,59,2026-03-30 05:31:54,30,Delivered,1277.81
2123,25,14,165,2025-10-01 04:19:59,68,Delivered,939.84
2124,44,57,195,2024-10-20 07:00:19,29,Preparing,1724.79
2125,141,129,82,2024-08-10 03:45:51,35,Delivered,1196.65
2126,406,5,131,2025-12-09 13:18:09,63,Delivered,188.8
2127,732,107,141,2026-01-13 01:58:28,19,Delivered,1122.95
2128,214,59,150,2025-12-16 15:23:08,46,Delivered,1308.01
2129,596,95,131,2026-03-07 23:53:45,68,Delivered,501.08
2130,550,2,235,2026-07-06 03:38:54,55,Delivered,614.34
2131,570,96,131,2026-04-11 19:03:09,39,Delivered,482.62
2132,623,66,86,2026-02-12 23:38:59,27,Delivered,579.56
2133,123,74,116,2025-12-31 02:14:53,16,Delivered,1746.76
2134,688,132,198,2025-04-04 00:03:09,40,Delivered,335.94
2135,397,28,191,2025-02-01 04:40:00,70,Delivered,1403.6
2136,754,77,214,2025-12-11 00:01:13,59,Delivered,1612.98
2137,838,78,93,2025-11-03 19:13:50,44,Delivered,1183.09
2138,581,65,56,2024-11-01 20:37:01,47,Delivered,170.39
2139,850,47,221,2024-11-20 07:21:44,36,Delivered,1712.21
2140,398,84,118,2025-09-18 21:03:02,40,Delivered,422.67
2141,504,123,144,2025-07-18 15:10:42,53,Delivered,1778.19
2142,878,64,20,2025-08-23 05:48:28,54,Delivered,150.45
2143,32,13,220,2025-08-31 03:04:32,15,Preparing,1684.76
2144,311,114,98,2025-12-24 12:46:22,61,Delivered,413.15
2145,55,95,56,2025-02-12 11:35:07,56,Delivered,848.22
2146,898,96,20,2026-06-08 00:33:17,32,Delivered,186.95
2147,789,9,231,2025-09-20 14:43:44,22,Delivered,583.5
2148,953,53,31,2026-02-20 05:16:42,55,Delivered,1275.02
2149,32,122,45,2025-05-24 21:01:25,15,Delivered,1345.93
2150,467,149,178,2026-04-14 11:24:13,50,Delivered,187.22
2151,577,123,17,2025-11-24 06:17:25,61,Delivered,505.53
2152,408,97,8,2025-10-13 03:55:19,17,Delivered,1520.24
2153,423,45,250,2025-10-22 00:04:58,15,Delivered,222.66
2154,65,72,182,2025-06-24 15:00:16,33,Delivered,484.45
2155,274,7,172,2025-10-27 11:25:55,32,Preparing,460.32
2156,707,115,208,2025-09-11 22:27:04,15,Preparing,222.8
2157,577,112,144,2025-09-01 16:21:38,59,Delivered,532.01
2158,869,13,74,2026-03-24 02:52:48,38,Delivered,756.04
2159,841,121,140,2024-11-26 11:00:06,25,Delivered,1638.0
2160,744,142,139,2026-06-16 07:22:44,24,Delivered,1204.87
2161,417,45,149,2026-06-17 19:16:28,40,Delivered,1772.8
2162,786,75,38,2026-03-14 17:44:52,67,Delivered,1617.56
2163,692,139,105,2026-01-16 11:14:29,38,Preparing,292.64
2164,260,36,86,2025-11-06 04:54:26,37,Delivered,893.77
2165,553,43,228,2024-09-14 09:10:24,17,Delivered,1665.19
2166,641,38,154,2025-03-23 19:10:42,36,Delivered,1522.82
2167,164,147,36,2025-03-30 08:16:11,67,Delivered,1510.73
2168,406,21,211,2025-08-06 20:30:21,41,Cancelled,1784.33
2169,558,11,134,2025-10-21 14:40:38,21,Delivered,570.28
2170,564,43,190,2026-01-26 03:50:31,29,Delivered,1449.75
2171,501,30,84,2024-11-09 05:56:04,61,Delivered,765.98
2172,960,102,134,2026-05-10 13:51:08,57,Delivered,511.47
2173,360,105,177,2025-08-05 09:05:42,63,Preparing,522.59
2174,660,117,40,2024-10-18 08:25:13,68,Delivered,1392.98
2175,734,1,229,2025-02-27 01:44:45,65,Preparing,1469.89
2176,508,37,235,2026-05-12 07:31:12,19,Delivered,655.82
2177,774,104,78,2025-07-13 03:12:46,67,Delivered,1203.11
2178,975,49,7,2026-01-09 00:43:43,16,Delivered,349.77
2179,191,19,18,2024-11-12 21:16:35,31,Delivered,346.27
2180,968,92,170,2025-02-11 04:34:21,40,Delivered,1135.98
2181,352,100,96,2025-05-17 18:22:23,28,Delivered,1171.78
2182,942,123,163,2025-01-25 16:35:40,54,Delivered,1270.54
2183,33,128,82,2024-08-26 08:36:55,37,Delivered,1306.04
2184,882,99,193,2026-04-19 09:11:34,49,Delivered,847.46
2185,602,90,243,2024-10-06 14:42:16,58,Delivered,195.09
2186,40,125,195,2026-05-29 11:32:06,20,Delivered,1047.16
2187,85,63,186,2026-02-15 05:11:43,68,Delivered,1671.81
2188,466,98,192,2025-11-05 17:06:21,36,Delivered,1773.6
2189,36,83,80,2025-09-21 20:11:19,50,Delivered,1560.16
2190,222,106,25,2026-03-01 19:38:43,15,Delivered,1129.16
2191,692,8,240,2025-05-21 06:11:28,47,Delivered,978.42
2192,475,71,179,2026-01-31 21:41:43,51,Delivered,1676.22
2193,670,13,65,2025-02-10 06:57:03,52,Delivered,1002.61
2194,179,116,76,2024-12-12 00:18:48,69,Delivered,628.97
2195,340,110,29,2025-02-22 01:40:22,58,Delivered,1531.67
2196,204,124,125,2024-11-08 17:56:04,30,Delivered,1429.97
2197,827,46,198,2026-07-01 15:43:11,39,Delivered,451.42
2198,349,150,217,2025-01-03 07:25:24,46,Delivered,883.7
2199,718,30,26,2026-05-06 00:26:53,25,Delivered,1371.59
2200,970,145,7,2025-10-04 12:02:36,43,Delivered,1460.66
2201,441,6,182,2025-12-14 22:07:25,48,Cancelled,757.68
2202,557,28,108,2025-01-20 21:37:57,45,Delivered,869.88
2203,719,109,18,2025-11-01 04:31:48,19,Delivered,1598.34
2204,681,92,122,2025-07-13 05:22:52,40,Delivered,551.33
2205,951,36,31,2024-12-02 11:06:30,16,Delivered,1091.19
2206,681,51,115,2025-09-07 02:18:34,57,Preparing,765.97
2207,270,123,18,2025-01-27 22:55:38,65,Delivered,1110.5
2208,119,144,11,2025-01-30 03:08:52,29,Delivered,645.57
2209,765,101,3,2025-10-13 06:03:32,38,Delivered,1450.34
2210,116,135,171,2026-04-05 11:58:40,32,Delivered,164.61
2211,902,36,82,2024-10-17 05:22:33,30,Cancelled,1472.02
2212,194,122,123,2024-11-23 07:23:54,45,Delivered,434.49
2213,567,139,220,2024-10-24 14:57:30,66,Delivered,1250.69
2214,879,131,38,2025-12-12 21:10:08,70,Delivered,938.19
2215,75,145,43,2025-12-23 08:04:28,30,Delivered,832.29
2216,641,93,241,2025-09-29 00:46:54,29,Delivered,820.55
2217,771,111,11,2025-08-21 09:37:37,70,Delivered,801.14
2218,198,96,101,2024-08-21 10:19:27,43,Delivered,1580.44
2219,767,33,123,2025-05-29 11:01:07,54,Preparing,990.75
2220,417,41,62,2026-07-13 14:38:54,53,Delivered,970.27
2221,77,111,154,2026-04-24 13:51:29,16,Delivered,1076.78
2222,722,38,198,2024-11-28 02:23:14,56,Delivered,607.69
2223,288,119,167,2026-06-13 19:03:40,66,Preparing,713.45
2224,857,138,155,2025-10-12 03:21:57,35,Preparing,1561.38
2225,482,131,125,2025-01-08 05:53:32,39,Delivered,1535.19
2226,604,144,237,2024-12-09 23:20:28,58,Delivered,1240.66
2227,588,36,121,2025-09-03 16:36:59,36,Delivered,957.96
2228,351,137,133,2026-06-02 10:20:54,54,Delivered,565.13
2229,275,70,224,2025-09-01 19:55:48,33,Delivered,525.94
2230,950,83,233,2026-07-16 21:00:03,30,Delivered,725.05
2231,314,50,212,2024-09-05 09:57:48,36,Delivered,829.04
2232,271,109,172,2026-02-01 20:24:07,57,Delivered,1161.54
2233,806,36,206,2025-10-21 01:36:27,64,Delivered,463.44
2234,703,93,183,2025-10-04 17:36:47,49,Delivered,487.37
2235,474,149,134,2026-07-16 20:25:41,26,Delivered,1342.53
2236,299,64,53,2025-01-09 19:11:28,53,Delivered,1520.14
2237,188,128,96,2024-12-06 09:13:57,30,Delivered,1333.12
2238,955,146,118,2024-11-19 05:40:36,49,Delivered,570.3
2239,74,65,32,2024-10-31 03:29:21,39,Delivered,1773.38
2240,4,18,49,2024-09-01 20:19:29,66,Preparing,1680.88
2241,466,141,150,2026-04-24 00:51:50,67,Delivered,1086.3
2242,204,69,14,2024-10-27 22:03:37,42,Delivered,957.77
2243,111,122,112,2024-08-09 15:20:06,39,Delivered,380.55
2244,126,93,195,2024-12-19 20:18:22,66,Preparing,217.71
2245,72,72,28,2025-01-23 17:23:57,50,Delivered,360.25
2246,99,109,53,2024-12-12 13:21:17,17,Cancelled,1084.84
2247,11,29,87,2026-06-19 13:00:35,54,Delivered,618.91
2248,247,60,57,2024-07-30 16:54:28,54,Delivered,1390.35
2249,951,142,91,2024-08-10 16:57:35,68,Delivered,187.87
2250,599,82,196,2024-09-16 00:30:16,29,Delivered,1744.56
2251,393,53,139,2026-01-17 07:05:44,54,Delivered,414.65
2252,585,70,208,2025-09-07 12:42:47,46,Delivered,556.22
2253,417,57,62,2025-05-24 19:57:56,44,Delivered,1621.61
2254,940,57,72,2025-07-22 08:57:05,21,Delivered,1257.42
2255,446,149,221,2025-07-01 03:19:22,53,Delivered,886.17
2256,238,26,217,2025-05-19 18:05:59,20,Delivered,882.82
2257,154,99,218,2024-10-26 02:05:31,54,Delivered,187.99
2258,784,70,53,2024-09-02 06:09:30,58,Delivered,1452.82
2259,537,88,83,2026-07-05 21:54:55,16,Delivered,1165.8
2260,859,114,156,2024-08-21 05:02:50,28,Delivered,1310.7
2261,616,97,44,2025-08-27 13:54:01,65,Delivered,509.58
2262,362,104,71,2026-05-13 12:01:47,30,Delivered,1632.45
2263,389,121,246,2025-12-01 11:17:07,16,Delivered,1079.46
2264,661,17,116,2025-11-04 15:55:26,60,Delivered,791.64
2265,354,93,98,2026-01-01 14:41:26,16,Delivered,1344.89
2266,932,109,23,2026-06-03 03:09:21,42,Delivered,527.12
2267,376,67,123,2025-10-05 13:25:15,25,Delivered,1558.52
2268,661,133,154,2026-07-13 07:11:14,48,Delivered,1545.74
2269,391,94,13,2026-04-13 00:36:04,63,Delivered,1316.72
2270,163,24,158,2026-01-05 16:47:14,59,Delivered,563.15
2271,538,66,116,2025-08-06 13:09:12,24,Delivered,1566.53
2272,286,48,59,2026-02-04 07:35:36,41,Delivered,1008.84
2273,238,24,159,2025-05-25 01:26:47,18,Delivered,1442.12
2274,893,46,74,2024-10-31 14:13:44,50,Delivered,848.39
2275,172,61,5,2024-08-06 18:23:07,66,Preparing,1144.35
2276,79,18,198,2025-09-27 12:09:32,21,Delivered,1442.19
2277,547,32,200,2024-10-02 00:09:20,44,Delivered,758.74
2278,184,40,137,2026-04-25 06:58:47,26,Delivered,164.43
2279,876,44,197,2025-03-15 13:31:04,32,Delivered,184.18
2280,517,15,101,2024-12-23 03:16:53,23,Delivered,923.96
2281,867,34,62,2025-05-14 12:37:24,70,Delivered,755.86
2282,802,72,119,2025-05-23 02:30:31,30,Delivered,1321.85
2283,731,64,42,2026-04-09 00:03:55,55,Delivered,219.75
2284,387,35,1,2024-10-09 06:03:43,33,Delivered,1468.08
2285,694,102,141,2025-03-10 08:28:30,49,Delivered,1616.51
2286,478,134,91,2024-09-14 23:55:04,65,Delivered,1335.29
2287,768,104,193,2026-07-11 12:39:46,31,Delivered,822.67
2288,516,128,33,2026-02-11 19:17:44,66,Delivered,271.14
2289,377,77,30,2025-01-27 18:33:52,53,Preparing,781.24
2290,307,96,7,2026-06-26 08:37:57,35,Delivered,1388.01
2291,221,112,199,2025-10-01 14:47:58,55,Delivered,892.4
2292,605,36,167,2025-03-10 19:38:35,65,Delivered,553.41
2293,17,59,232,2026-07-20 07:04:04,43,Delivered,808.74
2294,730,120,96,2025-04-03 02:10:11,28,Delivered,836.07
2295,53,63,243,2025-12-15 20:05:10,24,Cancelled,1672.53
2296,303,96,14,2025-02-03 13:25:51,37,Delivered,787.82
2297,670,111,20,2025-12-09 01:29:22,53,Delivered,1504.81
2298,565,123,11,2024-10-03 03:01:02,70,Delivered,261.8
2299,340,50,80,2025-10-30 01:04:30,47,Delivered,1786.96
2300,150,144,70,2025-08-29 10:51:19,18,Delivered,510.84
2301,534,96,7,2026-03-07 13:55:48,43,Delivered,1467.54
2302,472,89,160,2024-09-03 20:28:03,35,Delivered,234.01
2303,530,150,32,2026-03-31 16:46:28,43,Delivered,865.12
2304,527,10,171,2025-08-07 21:36:56,64,Delivered,1385.75
2305,519,18,248,2025-02-28 17:19:00,24,Preparing,773.58
2306,677,113,188,2025-06-21 04:08:51,61,Delivered,387.52
2307,781,51,24,2026-03-29 06:25:09,54,Delivered,800.76
2308,43,12,78,2026-03-04 10:34:53,15,Preparing,470.91
2309,583,50,107,2026-03-16 08:53:53,66,Delivered,400.22
2310,561,146,66,2026-05-25 02:31:19,28,Delivered,259.28
2311,880,10,68,2025-09-29 12:26:53,61,Delivered,259.05
2312,480,43,237,2025-12-09 08:13:25,58,Delivered,281.95
2313,471,88,158,2024-11-13 10:44:35,61,Preparing,1553.48
2314,979,67,148,2024-12-27 12:21:17,50,Delivered,1637.19
2315,760,85,162,2025-03-30 14:58:34,57,Delivered,406.74
2316,699,134,175,2025-03-26 07:51:20,32,Delivered,1434.19
2317,252,58,209,2025-06-11 11:39:01,16,Delivered,599.11
2318,963,131,77,2026-06-01 23:32:44,46,Preparing,1785.67
2319,53,77,206,2025-10-29 07:43:09,70,Delivered,1509.71
2320,569,58,217,2025-03-31 19:30:16,65,Delivered,1727.69
2321,476,40,238,2026-05-06 08:12:09,21,Delivered,984.64
2322,423,103,108,2026-01-05 08:19:17,51,Delivered,283.86
2323,167,124,243,2026-04-03 18:09:35,57,Delivered,668.03
2324,911,15,112,2024-10-12 22:00:21,40,Delivered,404.18
2325,485,8,86,2024-08-25 03:32:07,38,Delivered,538.88
2326,901,126,238,2024-07-31 21:33:55,40,Delivered,818.77
2327,870,61,74,2024-12-30 06:52:24,30,Delivered,422.08
2328,164,84,152,2026-02-18 15:53:09,39,Cancelled,316.09
2329,85,3,39,2026-03-21 13:03:19,49,Delivered,1629.36
2330,957,39,14,2024-08-11 04:35:47,15,Delivered,203.93
2331,299,94,174,2025-07-19 01:26:41,58,Preparing,1304.97
2332,683,147,23,2026-05-08 20:40:00,17,Delivered,661.12
2333,103,10,150,2026-03-04 20:18:23,20,Preparing,1163.7
2334,842,50,203,2025-06-08 01:48:31,25,Cancelled,1509.92
2335,503,28,69,2026-07-10 12:59:26,52,Delivered,1530.8
2336,74,73,36,2024-12-17 17:19:30,19,Delivered,1556.45
2337,162,132,25,2024-07-31 18:55:32,46,Delivered,1286.9
2338,33,101,219,2025-05-12 11:54:44,36,Delivered,1296.6
2339,830,116,92,2026-04-24 22:24:08,47,Delivered,1228.26
2340,835,103,108,2026-04-23 13:02:45,66,Preparing,1460.52
2341,868,80,171,2025-03-02 17:29:17,35,Delivered,911.12
2342,721,40,10,2025-04-10 22:26:02,20,Delivered,1593.98
2343,152,28,115,2026-02-25 13:02:03,23,Delivered,271.18
2344,789,86,177,2025-10-29 00:43:23,35,Delivered,1335.76
2345,446,105,32,2025-05-19 14:07:44,56,Delivered,1258.21
2346,747,78,240,2025-07-03 21:46:02,60,Delivered,930.83
2347,35,94,41,2026-05-07 22:06:43,40,Delivered,258.99
2348,33,65,100,2024-09-24 22:55:10,26,Delivered,914.78
2349,990,102,201,2025-04-12 11:24:31,60,Cancelled,891.86
2350,836,84,191,2024-08-13 05:52:27,60,Delivered,669.4
2351,938,146,223,2026-06-30 09:32:10,59,Delivered,1584.14
2352,169,65,107,2026-01-15 06:00:22,20,Delivered,1780.81
2353,152,11,227,2024-09-02 20:28:02,23,Delivered,1146.47
2354,981,72,233,2025-07-02 15:30:30,27,Delivered,839.49
2355,790,3,162,2025-06-30 06:27:01,38,Delivered,1470.34
2356,382,87,1,2026-06-25 16:42:27,21,Delivered,1510.13
2357,514,52,55,2025-12-30 06:11:14,24,Delivered,1236.8
2358,755,130,71,2025-05-27 22:25:25,48,Delivered,1022.41
2359,605,51,112,2025-06-21 21:42:04,64,Preparing,1470.46
2360,466,141,75,2025-02-22 17:56:43,49,Preparing,903.12
2361,292,86,5,2024-10-08 13:02:37,41,Delivered,1742.39
2362,65,122,213,2024-09-24 09:44:16,41,Preparing,1658.27
2363,624,147,60,2024-08-08 04:38:41,35,Delivered,517.78
2364,272,77,229,2026-07-01 23:42:29,56,Cancelled,1497.61
2365,685,149,66,2025-12-13 20:09:46,40,Delivered,1025.73
2366,42,57,244,2025-05-30 07:20:30,67,Delivered,805.02
2367,441,13,246,2026-07-10 15:36:40,19,Delivered,601.5
2368,834,140,241,2025-05-13 04:52:45,41,Delivered,1583.1
2369,751,79,197,2025-03-18 08:58:58,53,Delivered,969.45
2370,595,55,137,2026-06-02 20:58:04,57,Delivered,1436.46
2371,876,61,237,2024-10-04 06:46:52,39,Delivered,692.17
2372,559,52,4,2026-01-30 17:28:31,58,Delivered,692.48
2373,252,123,6,2024-10-07 04:46:14,21,Delivered,1386.53
2374,265,44,169,2026-01-26 22:31:19,33,Delivered,835.7
2375,928,110,53,2026-05-13 01:44:50,61,Delivered,311.05
2376,955,74,80,2026-06-21 18:03:10,49,Delivered,1204.39
2377,79,40,224,2025-01-19 16:01:01,22,Cancelled,155.49
2378,246,17,200,2025-03-05 05:58:34,64,Delivered,1708.2
2379,989,46,30,2024-07-30 07:05:04,63,Delivered,350.37
2380,785,137,120,2026-04-17 11:19:01,47,Delivered,1252.2
2381,285,22,92,2025-07-11 06:36:01,65,Delivered,441.06
2382,826,49,140,2025-09-22 18:41:08,31,Delivered,1653.02
2383,636,23,17,2025-04-06 16:02:16,25,Delivered,414.56
2384,835,137,50,2024-10-15 04:18:58,45,Preparing,1399.57
2385,360,8,88,2025-06-03 20:07:51,69,Delivered,1398.65
2386,107,132,199,2025-11-18 01:31:28,66,Delivered,426.41
2387,636,124,199,2026-04-25 09:07:27,52,Delivered,260.39
2388,763,59,214,2026-07-15 12:12:42,57,Preparing,1438.26
2389,571,118,100,2026-07-10 18:44:33,35,Delivered,478.54
2390,43,10,116,2025-10-31 11:32:11,27,Delivered,736.45
2391,681,96,167,2025-02-22 21:31:29,36,Delivered,1531.91
2392,993,81,221,2026-03-21 00:35:20,44,Delivered,1540.99
2393,609,134,144,2025-11-21 13:19:20,64,Delivered,374.02
2394,507,142,142,2025-07-28 16:24:21,61,Delivered,347.59
2395,831,9,202,2024-08-30 15:40:25,68,Delivered,555.96
2396,550,109,76,2025-09-08 03:05:21,17,Cancelled,240.61
2397,308,36,179,2025-11-18 21:13:45,31,Delivered,1798.81
2398,288,88,218,2024-08-09 17:58:26,41,Preparing,1758.96
2399,373,20,128,2025-05-10 08:12:02,34,Delivered,821.34
2400,27,73,84,2026-03-21 11:23:40,26,Delivered,1584.68
2401,954,135,155,2025-10-08 08:19:57,53,Cancelled,748.18
2402,98,68,197,2026-03-11 12:50:42,36,Delivered,354.15
2403,591,55,150,2024-12-27 06:00:55,66,Delivered,230.98
2404,319,141,194,2025-06-27 23:22:40,49,Preparing,281.44
2405,730,141,240,2025-06-20 01:07:21,51,Cancelled,1051.01
2406,929,142,169,2025-09-27 21:21:46,34,Delivered,816.02
2407,954,11,80,2025-01-02 04:42:37,41,Delivered,699.89
2408,759,14,36,2025-03-14 13:49:55,19,Delivered,1708.75
2409,5,28,229,2025-10-02 08:06:33,45,Delivered,1485.68
2410,416,139,28,2024-11-15 10:43:34,31,Delivered,1700.43
2411,917,64,21,2025-05-18 14:28:39,36,Delivered,1220.0
2412,583,27,162,2025-09-17 01:31:20,66,Delivered,510.39
2413,726,33,44,2026-02-12 15:58:52,62,Preparing,1575.31
2414,522,62,105,2025-10-12 19:53:50,15,Delivered,1593.87
2415,591,49,127,2025-10-10 14:27:53,50,Delivered,859.04
2416,628,100,50,2025-11-24 01:16:44,67,Delivered,718.04
2417,415,106,234,2025-06-08 20:03:11,52,Delivered,560.9
2418,877,32,181,2024-11-29 19:11:52,41,Delivered,1148.67
2419,2,30,104,2025-05-26 18:05:34,52,Delivered,567.34
2420,132,148,48,2025-11-12 11:34:54,67,Delivered,347.96
2421,688,64,34,2025-07-20 16:01:08,60,Delivered,1796.94
2422,763,12,188,2026-03-30 17:20:22,19,Delivered,369.39
2423,224,71,246,2024-08-10 01:05:57,22,Delivered,1225.56
2424,735,29,213,2025-09-12 03:18:39,59,Delivered,326.47
2425,212,115,37,2025-01-26 21:05:26,24,Delivered,1446.24
2426,890,95,84,2025-09-21 10:39:19,41,Delivered,1006.13
2427,282,114,170,2025-06-30 17:36:06,27,Cancelled,390.76
2428,399,91,49,2025-10-05 11:57:37,70,Delivered,1712.16
2429,249,126,126,2025-10-03 11:19:12,32,Delivered,565.98
2430,444,119,41,2025-09-05 23:45:21,18,Delivered,1525.59
2431,767,118,135,2026-06-26 07:58:50,33,Delivered,332.19
2432,295,37,73,2025-12-04 11:59:10,32,Delivered,1418.94
2433,485,136,17,2025-10-11 11:55:16,52,Delivered,650.27
2434,230,116,52,2024-10-28 23:02:43,59,Cancelled,1535.12
2435,987,100,70,2025-07-31 01:09:44,25,Delivered,872.91
2436,137,5,200,2025-09-13 01:23:05,30,Delivered,784.56
2437,972,142,131,2026-01-09 21:19:02,56,Preparing,331.21
2438,739,95,134,2025-12-24 00:29:42,31,Delivered,598.49
2439,675,133,205,2025-12-08 19:37:32,34,Delivered,183.49
2440,581,28,62,2025-08-10 00:04:54,33,Delivered,553.09
2441,981,143,220,2026-03-28 03:24:22,54,Delivered,1675.31
2442,944,47,161,2025-11-18 06:07:26,46,Preparing,155.56
2443,982,6,84,2024-09-23 11:46:48,64,Delivered,1063.89
2444,582,88,1,2025-05-07 20:33:02,45,Delivered,328.97
2445,314,109,65,2024-08-21 20:36:05,59,Delivered,1117.22
2446,644,103,172,2025-05-13 05:23:17,68,Preparing,1082.61
2447,366,25,98,2026-04-13 15:44:55,45,Delivered,1618.92
2448,333,12,220,2025-10-31 09:18:39,36,Delivered,1402.23
2449,546,86,127,2025-06-27 02:05:09,29,Delivered,1078.02
2450,707,20,27,2024-12-16 08:20:31,51,Cancelled,531.65
2451,888,12,53,2025-05-07 00:44:04,44,Delivered,1793.33
2452,75,27,175,2025-07-16 08:01:05,50,Delivered,373.94
2453,756,55,56,2026-05-15 12:49:51,38,Delivered,573.15
2454,941,105,31,2024-09-27 06:52:17,32,Delivered,1618.17
2455,915,54,24,2025-10-14 06:58:25,36,Preparing,1159.43
2456,96,65,203,2025-07-17 01:28:25,53,Delivered,1188.03
2457,780,62,12,2026-06-25 14:56:38,45,Delivered,1042.77
2458,674,2,238,2025-05-17 22:19:57,68,Delivered,1787.22
2459,815,106,228,2024-08-16 05:14:31,36,Delivered,981.11
2460,235,148,72,2026-01-18 11:57:41,15,Delivered,725.78
2461,366,116,143,2025-11-02 23:34:02,59,Delivered,1369.19
2462,643,147,6,2025-01-28 22:49:13,57,Delivered,433.91
2463,161,60,189,2024-11-04 07:44:07,17,Delivered,473.16
2464,215,51,34,2024-08-15 08:47:54,33,Delivered,1241.74
2465,232,35,9,2024-10-04 14:51:59,22,Delivered,1344.7
2466,376,77,214,2024-11-09 03:15:10,58,Delivered,1285.06
2467,854,41,122,2025-06-29 07:22:28,39,Delivered,767.98
2468,546,45,176,2026-06-13 11:54:10,68,Cancelled,329.07
2469,783,41,55,2026-01-24 23:13:13,19,Delivered,328.93
2470,235,43,69,2026-03-14 11:31:40,60,Delivered,1065.75
2471,694,136,244,2025-05-03 12:34:30,52,Cancelled,1663.28
2472,338,116,41,2025-07-17 02:59:30,68,Preparing,1029.2
2473,581,56,245,2026-05-19 17:04:07,43,Delivered,1158.07
2474,814,114,72,2025-12-01 05:19:56,35,Delivered,503.34
2475,752,6,51,2025-09-07 11:52:32,40,Delivered,1424.72
2476,477,24,224,2025-10-20 11:24:21,52,Delivered,1295.95
2477,923,14,59,2025-10-06 07:18:19,62,Delivered,1716.78
2478,116,144,123,2026-05-05 13:10:43,40,Preparing,1108.09
2479,756,35,14,2026-06-06 21:29:36,48,Delivered,1595.07
2480,819,33,62,2024-12-21 03:12:28,18,Delivered,1151.39
2481,906,19,62,2025-05-20 07:51:26,49,Delivered,709.53
2482,551,24,67,2024-08-09 11:24:53,31,Delivered,374.7
2483,183,12,110,2025-03-21 04:44:29,46,Cancelled,488.75
2484,823,57,179,2024-09-28 03:50:30,55,Delivered,393.91
2485,453,19,109,2025-10-01 19:42:41,61,Delivered,282.26
2486,779,83,118,2026-05-23 23:47:27,25,Delivered,1788.04
2487,346,8,9,2024-08-02 14:28:22,63,Delivered,195.08
2488,681,7,221,2026-03-12 04:34:17,66,Delivered,288.0
2489,169,150,21,2026-06-26 00:49:37,20,Delivered,943.29
2490,825,26,113,2025-10-16 01:39:42,65,Cancelled,1218.45
2491,59,7,185,2025-05-11 07:40:47,24,Preparing,666.19
2492,689,30,204,2026-07-24 22:19:20,47,Delivered,1391.67
2493,268,41,22,2024-11-14 04:24:21,49,Delivered,1140.57
2494,591,139,123,2024-09-23 15:21:20,33,Delivered,1651.92
2495,79,39,45,2026-03-29 23:41:40,67,Delivered,977.34
2496,808,11,81,2025-07-22 02:55:08,39,Delivered,986.79
2497,479,7,12,2025-05-05 14:54:39,53,Delivered,1242.36
2498,908,63,97,2025-04-15 17:49:55,37,Delivered,296.34
2499,742,133,71,2025-08-29 13:52:31,48,Delivered,773.24
2500,126,61,106,2025-03-30 05:31:12,24,Delivered,994.28
2501,330,95,170,2024-10-28 13:04:38,18,Delivered,1505.6
2502,804,148,97,2025-07-21 19:11:06,61,Delivered,1328.58
2503,641,121,14,2025-08-11 01:29:12,41,Delivered,826.8
2504,877,143,118,2025-07-18 23:05:52,54,Delivered,1797.92
2505,791,135,48,2025-03-11 22:11:41,23,Delivered,591.89
2506,49,32,222,2026-01-28 11:33:24,40,Delivered,1022.15
2507,912,143,235,2024-10-07 03:12:21,48,Delivered,581.65
2508,751,67,247,2026-01-01 05:12:19,69,Delivered,1053.34
2509,486,128,226,2026-03-02 00:23:04,30,Delivered,773.85
2510,783,49,136,2024-11-13 05:28:06,56,Delivered,591.87
2511,159,17,37,2025-08-12 07:40:59,59,Delivered,1268.54
2512,744,44,134,2025-03-16 14:14:21,51,Delivered,1250.52
2513,315,105,77,2025-05-24 04:14:47,25,Delivered,1601.09
2514,775,34,95,2025-11-08 17:54:56,61,Delivered,1021.73
2515,220,27,80,2024-12-19 15:54:21,64,Delivered,912.24
2516,42,100,75,2026-03-30 01:25:59,55,Delivered,735.22
2517,769,96,194,2024-09-25 00:41:53,33,Cancelled,219.83
2518,413,59,185,2024-10-12 01:45:30,58,Delivered,1046.72
2519,192,76,50,2025-09-22 21:36:32,70,Preparing,188.39
2520,87,121,97,2026-01-02 18:40:32,34,Delivered,611.65
2521,298,132,148,2026-04-09 07:03:25,67,Delivered,1661.85
2522,24,58,188,2026-05-08 11:03:32,21,Delivered,1067.55
2523,513,133,46,2025-12-12 00:50:38,68,Preparing,697.06
2524,996,35,120,2025-09-30 08:50:54,54,Delivered,251.52
2525,705,88,10,2024-11-18 10:03:41,33,Delivered,244.91
2526,874,75,62,2025-03-03 19:16:21,28,Preparing,494.75
2527,784,91,50,2024-10-08 10:42:16,68,Delivered,1118.75
2528,905,32,102,2025-11-13 17:45:05,61,Delivered,383.34
2529,105,24,25,2026-02-02 16:31:25,60,Delivered,1018.25
2530,739,32,140,2025-11-01 01:19:07,18,Delivered,477.72
2531,608,24,162,2025-06-06 22:30:12,58,Delivered,507.69
2532,415,83,58,2026-07-29 03:45:03,17,Cancelled,1560.44
2533,741,20,245,2024-11-13 01:45:34,20,Preparing,1159.59
2534,518,128,195,2025-07-02 12:21:15,35,Preparing,307.26
2535,984,129,220,2025-02-20 21:10:47,41,Delivered,1338.47
2536,538,3,3,2024-12-13 13:31:58,26,Delivered,193.84
2537,831,8,151,2024-12-02 10:49:27,21,Delivered,834.79
2538,563,33,215,2024-11-15 12:20:23,53,Delivered,171.65
2539,705,97,86,2025-11-09 13:12:58,45,Delivered,970.63
2540,747,73,211,2025-08-03 23:17:31,53,Delivered,1345.88
2541,426,1,226,2025-04-14 16:43:21,54,Delivered,796.41
2542,625,89,35,2025-08-30 22:07:30,18,Delivered,1146.09
2543,828,32,223,2025-10-28 11:50:03,48,Delivered,1098.8
2544,112,139,75,2024-09-24 21:20:23,29,Delivered,1024.32
2545,352,7,151,2025-07-13 00:41:44,23,Delivered,822.01
2546,175,41,242,2024-09-08 12:52:22,28,Delivered,984.66
2547,76,62,116,2026-04-20 02:41:45,32,Delivered,840.14
2548,95,66,240,2026-01-29 07:26:22,17,Delivered,1564.51
2549,302,34,134,2026-06-13 20:30:49,49,Delivered,1382.79
2550,850,94,162,2026-07-08 12:46:39,16,Delivered,706.86
2551,505,102,110,2026-06-15 14:14:03,42,Preparing,1377.2
2552,532,25,30,2025-02-19 09:03:55,62,Delivered,1437.51
2553,19,11,242,2026-02-09 02:03:13,27,Cancelled,241.39
2554,907,53,93,2026-02-17 04:01:14,39,Delivered,1152.26
2555,838,7,99,2025-05-09 16:29:16,24,Delivered,269.92
2556,963,55,26,2025-02-20 23:36:05,26,Delivered,569.14
2557,349,92,14,2026-07-10 17:37:25,67,Delivered,1057.98
2558,447,147,28,2024-11-08 12:08:25,46,Delivered,950.7
2559,782,144,165,2024-10-18 19:15:48,24,Delivered,1773.47
2560,852,68,75,2026-04-29 13:05:24,62,Preparing,341.12
2561,312,142,2,2025-10-02 00:29:07,65,Delivered,888.26
2562,199,88,77,2025-04-24 06:49:54,30,Delivered,1250.73
2563,564,136,35,2026-01-09 00:34:14,41,Delivered,535.68
2564,384,32,14,2025-03-14 03:31:49,21,Delivered,895.03
2565,711,5,156,2025-05-14 15:55:27,67,Delivered,757.6
2566,579,149,182,2025-08-10 15:12:33,19,Delivered,621.51
2567,187,5,183,2026-05-07 09:57:16,43,Preparing,1111.78
2568,170,104,194,2026-05-08 15:12:34,53,Delivered,1179.23
2569,641,108,197,2024-09-02 07:18:39,54,Delivered,770.18
2570,800,76,213,2025-04-02 19:22:47,50,Delivered,1403.17
2571,764,117,23,2025-07-02 00:42:25,48,Delivered,1033.19
2572,375,149,99,2026-03-26 12:30:07,55,Preparing,559.53
2573,339,145,27,2025-08-25 22:16:37,33,Delivered,975.72
2574,318,146,159,2024-11-04 06:08:52,65,Preparing,470.84
2575,180,49,28,2024-07-31 07:19:39,26,Delivered,1481.68
2576,229,76,200,2026-05-16 08:00:38,24,Delivered,859.29
2577,578,144,246,2025-10-20 23:48:51,18,Delivered,1304.47
2578,572,122,40,2024-11-15 23:56:50,40,Delivered,904.35
2579,428,8,165,2024-11-04 04:27:38,43,Delivered,506.25
2580,576,59,134,2026-05-16 01:20:30,53,Delivered,1255.74
2581,617,93,167,2026-06-04 12:51:21,30,Cancelled,1008.34
2582,674,144,194,2025-05-10 06:02:59,16,Delivered,1768.55
2583,848,1,230,2025-08-19 01:15:05,37,Preparing,1614.02
2584,121,37,231,2026-05-05 03:15:10,59,Delivered,866.34
2585,31,141,206,2024-07-29 02:39:38,69,Delivered,820.28
2586,782,92,140,2026-01-31 18:36:04,58,Delivered,1240.52
2587,96,141,98,2025-10-18 07:24:14,51,Delivered,821.43
2588,75,56,4,2024-08-12 02:13:21,50,Delivered,852.82
2589,689,38,197,2026-07-27 16:55:13,27,Delivered,667.6
2590,345,31,65,2026-02-19 10:11:36,68,Delivered,590.63
2591,555,39,62,2024-09-05 17:30:43,52,Delivered,662.73
2592,522,70,161,2024-09-16 06:48:57,17,Cancelled,1523.67
2593,169,123,193,2025-12-02 01:03:52,29,Delivered,1251.73
2594,527,112,154,2025-06-04 04:59:18,40,Preparing,792.32
2595,57,30,214,2025-01-15 14:22:14,63,Delivered,483.4
2596,84,50,209,2026-07-17 19:07:41,54,Delivered,1749.66
2597,875,7,13,2026-01-26 23:24:00,19,Delivered,242.38
2598,664,72,21,2026-06-26 22:20:26,33,Delivered,270.72
2599,756,83,14,2025-04-20 20:03:30,44,Delivered,442.36
2600,645,134,51,2025-06-12 12:38:35,70,Delivered,881.47
2601,422,37,13,2025-02-27 17:55:45,61,Delivered,1201.88
2602,277,5,230,2024-09-08 02:33:22,46,Delivered,1138.08
2603,401,42,15,2025-07-20 20:34:58,60,Preparing,1610.97
2604,744,104,196,2024-12-09 09:49:07,70,Delivered,364.55
2605,141,89,5,2025-01-09 03:55:25,50,Delivered,1380.67
2606,504,122,237,2026-05-02 15:09:29,39,Preparing,1770.27
2607,579,18,197,2024-11-11 16:58:53,64,Delivered,805.51
2608,537,137,68,2025-03-02 08:08:17,19,Preparing,477.42
2609,465,60,23,2026-05-18 10:16:36,23,Preparing,668.43
2610,733,44,52,2026-05-31 13:17:09,37,Preparing,812.17
2611,479,140,238,2025-07-29 03:00:41,20,Delivered,488.11
2612,921,43,174,2024-12-14 00:42:07,21,Delivered,419.58
2613,389,29,57,2025-08-23 19:57:55,63,Delivered,1511.53
2614,686,82,34,2024-12-02 15:13:38,44,Delivered,1096.17
2615,354,97,32,2026-07-13 07:02:18,27,Delivered,272.65
2616,684,140,76,2025-10-07 00:29:47,34,Delivered,231.15
2617,985,44,222,2025-11-15 15:53:11,52,Delivered,382.4
2618,406,76,131,2025-04-09 21:43:21,17,Preparing,305.95
2619,283,73,14,2026-06-18 08:18:41,30,Delivered,1275.38
2620,852,27,102,2026-02-09 04:10:04,45,Delivered,1680.68
2621,927,119,190,2026-06-16 20:02:51,65,Delivered,997.09
2622,938,48,20,2026-04-01 18:28:29,15,Delivered,1204.45
2623,900,126,229,2025-03-03 13:04:39,67,Delivered,1515.08
2624,105,50,67,2024-08-01 23:47:34,48,Preparing,842.78
2625,587,140,88,2024-09-12 10:22:54,62,Delivered,1444.25
2626,704,113,60,2024-10-06 03:50:58,63,Delivered,1513.45
2627,896,139,63,2025-08-10 03:25:57,22,Delivered,442.41
2628,698,82,105,2025-09-06 02:12:35,16,Delivered,1094.5
2629,461,6,127,2025-12-17 10:44:54,65,Delivered,1048.59
2630,652,110,104,2026-07-07 18:09:21,58,Preparing,346.34
2631,490,16,104,2026-04-24 12:17:11,70,Preparing,539.32
2632,415,133,200,2025-09-03 09:42:05,66,Delivered,1457.47
2633,374,1,97,2024-12-18 00:34:21,49,Delivered,1237.2
2634,176,47,58,2024-12-01 01:15:02,55,Delivered,1261.91
2635,89,101,174,2026-01-15 02:34:14,70,Delivered,174.47
2636,344,139,115,2025-02-17 10:09:33,21,Delivered,818.14
2637,154,19,134,2026-02-06 00:48:20,56,Delivered,437.45
2638,585,36,84,2025-07-15 15:02:54,51,Delivered,903.6
2639,609,11,143,2025-01-31 18:21:23,52,Delivered,1275.07
2640,241,111,160,2024-10-07 00:54:55,53,Delivered,1442.53
2641,889,5,244,2024-11-11 21:24:17,25,Delivered,1665.67
2642,872,85,205,2025-06-20 01:01:37,17,Preparing,1291.46
2643,236,139,111,2024-09-23 08:48:00,61,Delivered,1290.82
2644,520,75,166,2025-05-27 14:04:21,23,Delivered,1149.24
2645,867,132,142,2026-07-24 11:48:34,55,Delivered,288.62
2646,356,116,161,2025-09-23 05:42:15,49,Delivered,1738.01
2647,770,10,178,2026-07-16 21:47:16,56,Delivered,738.95
2648,184,61,230,2026-07-22 08:57:08,49,Delivered,794.32
2649,201,139,197,2026-04-07 10:26:30,57,Delivered,1690.94
2650,463,71,98,2026-03-21 00:38:46,64,Delivered,1163.14
2651,737,119,127,2025-05-14 21:23:24,54,Delivered,784.38
2652,154,148,235,2024-08-02 21:58:42,42,Delivered,1335.59
2653,158,34,82,2025-08-07 00:47:00,48,Delivered,964.95
2654,768,10,203,2024-09-18 06:11:52,56,Delivered,1274.58
2655,1,103,165,2024-09-12 19:49:37,26,Delivered,1457.47
2656,378,14,179,2026-03-31 19:14:33,32,Cancelled,1244.89
2657,889,93,194,2025-04-28 00:41:54,39,Delivered,1172.24
2658,703,117,146,2025-10-08 22:30:29,17,Delivered,355.96
2659,287,139,46,2025-12-09 07:35:16,64,Delivered,1556.59
2660,275,65,47,2026-01-22 05:28:04,48,Delivered,1129.43
2661,201,36,91,2026-03-05 23:32:48,67,Delivered,635.37
2662,654,64,163,2024-09-12 21:24:01,23,Delivered,1369.94
2663,868,69,203,2024-10-08 02:35:28,40,Delivered,516.63
2664,964,50,140,2024-10-27 07:04:00,51,Preparing,711.31
2665,169,67,21,2025-10-18 04:23:24,58,Delivered,691.0
2666,546,87,185,2025-05-13 20:24:30,45,Delivered,1709.29
2667,399,43,248,2024-07-29 20:38:47,51,Delivered,1711.01
2668,227,57,88,2025-11-15 04:33:00,48,Delivered,1282.62
2669,105,58,221,2024-12-14 07:41:28,47,Delivered,1322.52
2670,379,94,7,2026-05-15 11:51:11,56,Delivered,583.7
2671,396,144,84,2025-07-24 07:47:31,16,Delivered,1397.38
2672,792,74,212,2026-06-17 04:03:32,31,Delivered,470.36
2673,644,31,225,2026-04-17 01:59:11,58,Cancelled,1510.14
2674,77,29,234,2024-10-21 21:17:51,45,Delivered,421.94
2675,204,134,214,2026-04-24 02:07:05,60,Delivered,539.43
2676,813,10,23,2025-12-21 07:43:27,68,Delivered,800.98
2677,91,84,76,2024-10-03 23:55:09,44,Delivered,1515.54
2678,208,28,56,2025-03-30 17:14:30,61,Delivered,1171.98
2679,220,108,122,2024-12-20 11:30:30,61,Delivered,1015.47
2680,244,110,115,2025-06-26 00:54:29,69,Delivered,176.49
2681,636,69,244,2024-09-29 21:04:03,69,Delivered,1576.03
2682,822,28,73,2026-03-01 16:31:25,64,Delivered,208.07
2683,363,46,117,2026-06-12 16:00:06,39,Delivered,1714.16
2684,125,135,122,2024-08-31 22:39:15,50,Delivered,1358.63
2685,135,123,2,2026-02-26 20:14:02,32,Delivered,537.77
2686,527,135,143,2025-05-06 19:15:12,69,Delivered,813.62
2687,912,36,240,2025-01-21 16:48:26,36,Delivered,1656.27
2688,795,110,107,2026-04-24 14:24:00,18,Preparing,1575.66
2689,598,130,107,2026-05-29 17:59:56,65,Delivered,1039.21
2690,287,77,221,2026-04-06 17:44:07,25,Delivered,1315.07
2691,523,87,190,2025-07-06 06:41:55,57,Delivered,1193.08
2692,751,109,247,2024-09-08 09:59:37,38,Delivered,673.59
2693,730,74,46,2026-04-27 14:38:10,47,Delivered,1730.71
2694,933,31,248,2025-10-14 09:59:49,20,Delivered,856.38
2695,341,7,35,2024-11-11 19:48:44,69,Delivered,215.01
2696,160,79,96,2024-12-31 02:31:05,55,Delivered,1218.11
2697,238,19,246,2024-09-01 02:57:07,30,Delivered,1597.66
2698,905,30,205,2024-08-23 13:29:06,35,Cancelled,264.25
2699,6,83,88,2025-07-23 04:49:45,45,Delivered,486.75
2700,649,109,143,2024-09-22 02:49:41,62,Delivered,315.61
2701,311,73,218,2026-04-18 22:43:10,48,Delivered,782.06
2702,601,126,37,2025-06-28 04:48:39,46,Preparing,1289.1
2703,960,57,109,2025-11-02 03:56:06,43,Cancelled,1451.57
2704,737,75,165,2025-03-29 21:14:04,41,Delivered,160.5
2705,376,132,190,2026-01-08 14:41:38,60,Delivered,758.58
2706,215,18,135,2024-08-09 11:39:46,28,Delivered,435.24
2707,557,28,189,2024-08-01 15:20:29,23,Delivered,253.81
2708,205,37,225,2025-08-08 21:27:32,68,Delivered,1184.4
2709,640,24,16,2025-02-13 05:38:50,39,Delivered,1611.05
2710,533,63,107,2026-07-02 19:32:24,31,Delivered,486.53
2711,567,119,89,2026-01-24 06:47:41,16,Delivered,1415.44
2712,414,133,181,2026-05-04 17:25:14,20,Delivered,441.95
2713,186,90,123,2025-12-18 18:22:01,44,Delivered,1382.26
2714,372,144,161,2024-10-04 08:18:32,32,Delivered,775.2
2715,884,147,242,2026-06-10 10:46:25,17,Delivered,1170.71
2716,524,117,98,2025-08-24 16:07:21,57,Delivered,1353.77
2717,402,14,141,2025-10-17 21:42:29,70,Delivered,875.24
2718,124,121,45,2026-03-30 22:51:23,19,Delivered,504.86
2719,454,56,238,2025-03-28 14:26:38,51,Delivered,1744.92
2720,980,8,84,2025-10-08 09:45:34,26,Delivered,1101.47
2721,581,55,190,2026-02-01 14:32:43,41,Cancelled,1726.31
2722,751,110,205,2025-04-09 05:30:47,35,Delivered,1115.54
2723,656,78,61,2026-01-23 02:11:42,50,Delivered,540.15
2724,171,84,168,2025-03-13 16:06:18,38,Delivered,553.46
2725,592,139,53,2025-01-21 09:10:30,35,Delivered,658.3
2726,428,32,126,2026-04-19 18:35:40,61,Delivered,1366.24
2727,904,127,57,2025-12-12 17:13:26,25,Delivered,628.24
2728,965,6,147,2024-11-15 11:08:46,36,Delivered,568.93
2729,831,128,157,2026-04-09 11:02:54,60,Delivered,447.76
2730,458,150,113,2025-10-12 20:15:00,15,Delivered,437.65
2731,72,42,15,2025-09-07 10:30:09,36,Delivered,1636.77
2732,480,135,234,2025-07-27 19:44:27,46,Delivered,503.49
2733,725,84,36,2025-06-15 00:12:49,52,Preparing,1710.58
2734,532,63,34,2025-11-01 17:40:32,24,Delivered,1264.11
2735,996,26,35,2025-10-03 09:40:55,65,Delivered,1353.19
2736,744,14,141,2025-10-17 04:35:33,27,Delivered,1607.56
2737,272,142,126,2025-01-10 18:26:41,53,Delivered,1281.92
2738,477,133,129,2026-06-01 02:06:25,47,Cancelled,873.31
2739,701,54,178,2026-05-26 01:47:59,62,Delivered,1599.55
2740,684,132,92,2025-06-14 04:05:35,26,Delivered,1032.73
2741,947,16,205,2025-04-22 17:35:33,68,Preparing,1454.05
2742,834,11,52,2024-11-08 04:57:29,16,Delivered,648.47
2743,945,100,166,2025-11-03 08:26:49,20,Delivered,1561.06
2744,588,83,29,2025-02-13 18:02:48,44,Delivered,1528.05
2745,167,54,224,2025-03-02 18:59:42,61,Delivered,1682.09
2746,96,6,200,2025-07-30 20:17:46,24,Delivered,426.34
2747,950,90,170,2026-03-16 00:38:07,16,Delivered,478.09
2748,284,131,50,2024-10-26 19:51:09,18,Delivered,473.95
2749,6,148,107,2025-06-15 04:13:33,45,Delivered,1283.18
2750,512,24,156,2026-05-09 15:53:29,22,Delivered,229.89
2751,155,39,30,2026-02-18 04:05:23,28,Delivered,1580.11
2752,947,118,105,2024-10-05 11:39:25,44,Delivered,380.4
2753,118,23,30,2025-11-26 01:16:59,22,Delivered,322.43
2754,936,47,11,2026-04-06 00:42:19,22,Delivered,202.66
2755,140,88,170,2026-02-09 01:00:53,62,Preparing,1403.92
2756,955,64,51,2025-09-01 19:40:39,54,Delivered,503.25
2757,301,147,50,2026-07-18 01:44:25,42,Delivered,493.86
2758,14,46,117,2024-11-15 18:37:46,56,Cancelled,1488.58
2759,796,134,27,2025-08-01 08:02:30,24,Delivered,615.37
2760,103,24,73,2025-01-02 02:31:11,16,Delivered,1277.02
2761,641,135,36,2026-04-15 03:35:28,36,Cancelled,1101.11
2762,335,35,39,2025-03-27 12:16:34,53,Delivered,362.53
2763,861,50,180,2026-04-19 22:29:00,69,Delivered,1746.67
2764,739,98,215,2025-09-20 06:23:55,65,Delivered,1374.48
2765,671,1,207,2024-10-01 06:05:35,28,Delivered,1088.64
2766,354,33,200,2025-01-10 16:11:10,59,Delivered,1508.76
2767,795,25,59,2026-06-29 10:22:03,44,Delivered,604.51
2768,435,92,141,2026-03-19 12:55:01,35,Delivered,789.16
2769,781,34,55,2026-02-12 11:05:00,69,Delivered,1703.5
2770,910,40,7,2026-03-21 19:36:26,24,Preparing,1684.81
2771,433,32,93,2024-09-21 23:54:10,54,Delivered,530.83
2772,507,72,16,2024-08-25 15:41:53,25,Delivered,251.51
2773,737,22,111,2025-02-14 07:34:55,42,Cancelled,186.93
2774,234,34,33,2025-04-13 03:51:48,70,Delivered,1222.66
2775,923,28,88,2024-09-02 07:55:00,35,Delivered,1575.69
2776,848,2,57,2024-11-25 11:14:37,59,Delivered,621.0
2777,256,16,32,2025-04-28 07:27:37,16,Delivered,1648.17
2778,416,128,145,2026-03-22 18:40:04,64,Delivered,758.13
2779,915,79,160,2025-10-08 04:16:42,19,Delivered,1123.7
2780,798,90,96,2025-12-26 19:09:24,33,Delivered,434.6
2781,253,65,123,2025-11-15 11:10:35,68,Delivered,1530.67
2782,258,119,112,2025-06-07 07:14:31,15,Delivered,1065.65
2783,788,31,205,2025-01-17 07:47:14,65,Delivered,213.91
2784,28,106,142,2026-01-11 19:26:22,29,Delivered,807.75
2785,782,24,126,2024-12-18 08:10:20,25,Delivered,220.33
2786,14,133,25,2024-09-20 10:34:25,66,Delivered,754.3
2787,110,38,152,2025-07-27 18:45:01,16,Cancelled,328.5
2788,351,16,119,2026-06-22 05:06:10,20,Delivered,220.04
2789,464,27,64,2025-03-16 13:43:07,18,Delivered,528.16
2790,82,13,209,2025-01-10 18:23:34,70,Delivered,1750.45
2791,977,71,126,2026-06-13 20:38:54,34,Delivered,811.02
2792,117,51,7,2026-03-29 18:13:22,16,Delivered,449.85
2793,545,136,174,2026-04-04 04:38:37,37,Delivered,1310.62
2794,611,65,128,2026-02-14 19:21:54,16,Delivered,1076.08
2795,342,51,172,2025-05-04 15:21:04,66,Cancelled,480.6
2796,413,41,211,2025-07-04 03:38:57,66,Preparing,875.14
2797,261,112,228,2025-02-12 22:20:17,40,Delivered,395.71
2798,362,150,17,2025-09-09 01:55:41,48,Delivered,378.07
2799,875,122,5,2026-03-14 10:24:59,17,Delivered,588.91
2800,425,109,26,2026-06-13 14:18:57,34,Preparing,1184.28
2801,26,18,204,2026-04-29 23:19:21,22,Delivered,1121.05
2802,683,120,32,2025-02-01 23:55:26,31,Delivered,1385.89
2803,269,150,61,2025-04-17 03:01:37,49,Delivered,1060.86
2804,841,145,194,2026-06-05 20:48:00,59,Cancelled,1191.27
2805,277,147,1,2026-07-12 09:40:23,35,Delivered,1795.85
2806,68,82,201,2024-11-23 15:31:38,26,Delivered,1157.42
2807,514,10,207,2025-06-20 19:30:41,52,Delivered,1519.72
2808,842,128,238,2025-09-13 16:19:05,40,Delivered,1023.16
2809,505,58,166,2024-09-14 00:52:16,19,Delivered,1124.02
2810,702,31,209,2025-06-09 03:02:48,41,Delivered,1068.29
2811,300,27,106,2026-05-29 15:11:42,39,Preparing,394.93
2812,497,74,244,2025-02-26 02:46:24,18,Delivered,1092.18
2813,255,60,213,2025-09-25 21:33:10,26,Delivered,870.87
2814,216,132,172,2025-07-02 06:22:32,52,Delivered,1111.73
2815,934,30,157,2024-08-28 07:00:23,43,Delivered,260.54
2816,843,68,43,2026-02-27 23:31:13,42,Delivered,1726.99
2817,143,7,55,2025-06-27 11:38:30,44,Delivered,910.22
2818,926,139,217,2025-07-11 21:12:36,25,Delivered,827.72
2819,862,41,170,2024-12-26 13:24:09,57,Delivered,1190.86
2820,677,67,25,2025-10-28 23:58:20,69,Preparing,1695.25
2821,967,22,61,2025-09-27 16:07:24,38,Delivered,1389.03
2822,586,132,153,2025-01-15 04:31:48,47,Cancelled,1437.07
2823,460,38,230,2026-02-06 13:18:54,22,Delivered,883.35
2824,23,138,129,2025-02-09 07:25:12,55,Delivered,628.11
2825,678,131,8,2026-06-21 02:53:27,67,Delivered,266.51
2826,560,103,229,2025-03-18 18:01:21,31,Delivered,378.1
2827,777,31,116,2026-07-22 03:40:20,37,Delivered,1366.79
2828,239,147,113,2025-09-23 00:03:28,47,Delivered,1688.64
2829,553,45,16,2025-08-24 01:12:23,66,Delivered,1041.16
2830,429,122,82,2024-12-27 16:54:48,45,Delivered,1517.54
2831,185,49,98,2025-09-27 01:22:26,51,Delivered,1132.87
2832,94,22,240,2025-03-21 21:46:52,25,Delivered,974.48
2833,837,70,203,2024-12-13 10:44:52,25,Delivered,848.73
2834,926,130,39,2025-04-01 23:58:30,44,Delivered,796.97
2835,966,123,171,2026-04-11 14:22:17,55,Delivered,221.17
2836,364,59,183,2025-01-22 00:59:10,22,Delivered,1454.28
2837,810,149,109,2025-05-22 06:10:29,22,Delivered,222.63
2838,922,142,165,2026-07-14 12:46:15,30,Delivered,618.79
2839,916,142,143,2026-04-09 17:28:38,29,Delivered,772.69
2840,110,118,149,2026-07-04 03:17:00,66,Cancelled,1236.74
2841,657,102,47,2025-11-30 21:10:19,33,Delivered,1609.87
2842,949,108,180,2026-05-20 03:07:35,55,Delivered,1156.21
2843,393,140,64,2025-03-17 11:04:11,61,Delivered,1159.48
2844,27,69,116,2025-06-09 07:54:18,47,Delivered,256.85
2845,12,40,144,2026-07-09 18:26:47,36,Delivered,384.86
2846,956,92,149,2024-11-13 04:09:50,63,Delivered,1190.02
2847,282,139,140,2025-09-21 15:26:14,23,Delivered,1746.64
2848,984,57,69,2024-09-03 21:44:19,49,Delivered,1299.53
2849,234,11,226,2025-04-12 00:59:10,42,Delivered,576.58
2850,492,39,193,2025-04-14 11:35:52,48,Delivered,1099.99
2851,436,6,160,2024-09-08 06:52:41,68,Delivered,644.83
2852,220,29,151,2025-07-10 02:32:52,63,Preparing,559.67
2853,678,42,211,2026-04-24 02:32:36,70,Delivered,822.18
2854,239,55,122,2025-07-09 04:30:11,61,Delivered,150.7
2855,192,64,12,2026-07-19 02:16:56,31,Delivered,993.22
2856,411,86,200,2025-02-28 23:35:32,68,Delivered,1651.52
2857,369,72,193,2026-01-27 09:51:41,34,Delivered,582.6
2858,632,25,110,2024-09-05 23:50:55,35,Delivered,1590.52
2859,714,75,71,2025-05-30 16:24:17,16,Delivered,837.04
2860,866,17,121,2025-05-04 18:23:25,63,Delivered,1629.35
2861,954,17,198,2025-07-12 19:13:31,48,Delivered,576.84
2862,552,147,193,2025-11-22 12:49:37,49,Delivered,1052.06
2863,980,1,222,2025-04-15 16:53:03,40,Delivered,1059.4
2864,100,70,21,2025-04-28 19:28:10,43,Delivered,1003.0
2865,108,58,215,2024-09-29 05:58:59,35,Delivered,1666.54
2866,642,97,243,2025-05-07 23:07:04,31,Delivered,1167.17
2867,552,64,179,2025-06-02 11:22:16,52,Delivered,1170.6
2868,451,80,239,2024-11-29 21:59:50,47,Delivered,665.38
2869,914,24,84,2025-01-05 01:27:28,36,Delivered,1765.18
2870,823,13,29,2025-10-10 13:53:36,22,Delivered,1341.93
2871,696,47,15,2024-12-18 00:38:53,69,Delivered,938.3
2872,370,64,179,2026-02-15 10:32:54,39,Cancelled,223.41
2873,117,19,122,2026-04-30 14:09:10,20,Delivered,1351.53
2874,233,138,193,2024-08-05 14:57:56,64,Delivered,801.56
2875,432,81,64,2025-11-02 11:43:51,41,Preparing,1218.57
2876,103,132,149,2024-08-24 11:35:56,31,Delivered,1139.16
2877,389,125,2,2025-09-22 03:33:17,18,Delivered,1232.51
2878,587,78,207,2026-07-26 18:55:53,23,Delivered,1752.6
2879,257,46,13,2025-04-13 22:48:35,33,Preparing,1797.76
2880,699,71,202,2026-06-29 21:51:58,62,Cancelled,1162.09
2881,442,128,106,2026-03-15 18:27:32,18,Delivered,869.08
2882,166,4,210,2025-04-07 03:37:21,65,Preparing,669.33
2883,886,94,126,2024-10-20 06:45:47,63,Delivered,1036.9
2884,30,147,116,2024-08-31 01:52:48,65,Preparing,1417.21
2885,988,57,50,2025-08-16 06:52:48,65,Delivered,1154.21
2886,436,34,63,2025-11-29 13:53:36,69,Delivered,575.85
2887,415,98,201,2026-01-23 15:26:12,23,Cancelled,454.14
2888,429,87,180,2025-03-26 10:31:36,33,Delivered,804.21
2889,343,89,59,2026-02-16 13:16:04,18,Delivered,1687.66
2890,436,42,220,2024-08-19 11:12:49,26,Delivered,401.06
2891,186,116,110,2025-12-28 10:12:08,45,Delivered,932.01
2892,411,35,196,2025-11-07 03:59:06,35,Delivered,793.74
2893,107,21,46,2024-10-16 01:39:46,32,Delivered,314.86
2894,382,129,209,2026-06-19 22:41:43,31,Delivered,1003.16
2895,398,16,2,2025-01-26 11:36:19,63,Preparing,1035.8
2896,111,122,151,2024-10-14 12:37:33,48,Preparing,943.98
2897,507,144,33,2024-10-01 18:59:49,27,Cancelled,435.27
2898,610,92,114,2024-10-14 19:50:37,65,Cancelled,1686.13
2899,280,115,35,2025-07-23 10:52:27,60,Delivered,584.15
2900,169,109,20,2026-03-26 01:26:45,24,Delivered,1667.21
2901,55,53,136,2025-08-27 06:12:20,31,Delivered,1403.54
2902,491,88,59,2025-05-26 08:30:39,42,Delivered,1121.42
2903,396,137,13,2024-10-10 15:52:56,44,Delivered,1756.61
2904,651,44,95,2025-11-07 21:28:55,31,Preparing,438.47
2905,131,32,172,2026-01-13 10:08:00,50,Delivered,533.73
2906,333,65,93,2024-08-12 21:30:46,66,Delivered,1717.54
2907,49,9,174,2024-11-16 14:38:31,42,Delivered,1227.16
2908,293,120,87,2025-04-10 05:50:35,62,Delivered,474.74
2909,902,20,29,2026-04-15 16:02:26,23,Preparing,404.37
2910,731,115,74,2025-03-15 03:27:22,64,Delivered,1412.83
2911,749,126,175,2026-01-27 00:00:45,54,Delivered,1772.43
2912,462,113,231,2025-07-09 20:22:48,64,Delivered,490.36
2913,681,76,166,2026-01-09 18:30:07,56,Delivered,424.49
2914,174,8,50,2025-05-27 06:13:31,70,Delivered,1039.18
2915,702,44,210,2024-09-08 23:51:00,19,Cancelled,733.49
2916,13,139,16,2026-01-13 11:14:36,66,Delivered,1151.12
2917,397,64,212,2026-01-25 20:45:05,17,Delivered,1329.35
2918,200,9,99,2024-12-13 15:47:49,53,Preparing,1765.12
2919,333,140,129,2024-12-06 16:49:00,68,Delivered,1179.81
2920,235,85,218,2025-12-03 09:16:13,29,Cancelled,169.5
2921,879,27,132,2024-08-16 13:03:36,19,Delivered,803.96
2922,486,130,74,2025-06-09 12:12:21,47,Preparing,1540.22
2923,354,45,72,2026-02-06 00:59:32,31,Delivered,1255.54
2924,369,67,68,2025-11-23 09:28:45,42,Delivered,1027.37
2925,840,137,226,2025-05-13 04:31:03,38,Delivered,933.93
2926,635,56,116,2026-07-13 03:57:38,60,Delivered,326.8
2927,658,83,62,2025-01-26 16:01:13,56,Delivered,392.69
2928,468,129,132,2025-03-30 19:55:12,57,Delivered,1039.13
2929,396,146,149,2026-04-25 02:11:05,42,Preparing,1020.69
2930,796,40,227,2026-07-13 14:01:27,63,Delivered,250.52
2931,323,124,149,2026-07-23 02:23:19,59,Delivered,940.91
2932,281,116,175,2025-02-22 06:19:35,23,Delivered,533.71
2933,830,23,221,2026-01-22 16:58:54,61,Preparing,1041.74
2934,987,98,182,2024-10-01 15:42:02,31,Delivered,368.13
2935,209,143,167,2026-01-10 05:53:15,29,Delivered,418.51
2936,242,61,146,2024-12-13 15:24:11,65,Delivered,1760.05
2937,662,141,128,2024-07-29 13:38:37,16,Delivered,1497.9
2938,967,146,54,2026-06-22 15:40:17,26,Delivered,999.23
2939,51,148,143,2024-10-01 07:02:08,28,Delivered,349.86
2940,836,30,4,2025-12-29 00:43:26,26,Delivered,1616.79
2941,17,17,178,2024-11-11 02:27:19,48,Delivered,866.05
2942,118,12,233,2024-12-17 14:44:33,16,Delivered,1191.78
2943,688,143,236,2025-07-04 01:32:33,66,Delivered,1329.53
2944,125,3,141,2026-06-28 23:33:47,20,Delivered,462.43
2945,393,24,74,2025-03-29 18:11:40,18,Preparing,538.13
2946,567,75,238,2026-03-30 17:44:55,35,Delivered,1207.9
2947,88,131,194,2026-04-06 16:38:19,18,Delivered,606.0
2948,802,141,165,2026-06-28 04:33:56,23,Delivered,660.39
2949,888,81,214,2025-10-11 14:29:10,58,Delivered,207.53
2950,204,5,118,2025-05-02 14:54:31,68,Delivered,1661.4
2951,4,95,210,2026-06-06 07:20:52,67,Delivered,693.55
2952,761,98,113,2024-09-13 07:04:44,68,Delivered,182.25
2953,706,12,112,2024-08-06 06:40:16,42,Preparing,1252.93
2954,433,69,24,2024-11-28 17:09:26,19,Delivered,1218.05
2955,939,95,77,2026-05-27 23:48:47,70,Delivered,298.99
2956,861,58,73,2025-06-18 11:39:36,15,Delivered,1043.73
2957,103,103,158,2026-03-11 00:30:01,67,Preparing,1125.94
2958,791,121,11,2026-04-21 02:48:15,48,Delivered,756.02
2959,576,50,111,2026-01-23 11:41:14,41,Delivered,635.43
2960,145,97,137,2026-07-12 20:25:19,61,Delivered,1176.02
2961,164,100,156,2024-09-06 12:01:14,44,Delivered,1021.12
2962,553,111,143,2024-09-28 09:04:22,50,Delivered,1198.21
2963,122,121,136,2025-04-03 05:34:43,58,Delivered,950.74
2964,630,19,94,2024-10-23 06:36:02,16,Delivered,1125.75
2965,185,93,117,2025-04-17 00:31:10,69,Delivered,899.88
2966,387,6,178,2025-01-11 17:56:15,53,Delivered,186.76
2967,90,34,111,2026-05-30 05:43:30,59,Delivered,741.54
2968,870,134,148,2026-02-07 21:29:54,50,Delivered,458.17
2969,16,78,21,2026-07-21 19:19:47,50,Cancelled,1405.74
2970,919,147,95,2024-12-18 06:37:23,23,Preparing,1443.54
2971,370,86,131,2026-07-03 04:00:55,35,Preparing,344.33
2972,499,117,75,2026-06-11 10:05:54,60,Delivered,1384.12
2973,500,76,99,2025-04-24 14:31:56,53,Delivered,273.14
2974,555,142,38,2026-04-09 20:20:53,32,Delivered,1326.07
2975,413,36,112,2025-12-19 13:34:41,32,Delivered,382.51
2976,966,123,86,2026-01-13 04:40:38,47,Delivered,891.31
2977,831,68,185,2026-01-13 04:49:50,61,Delivered,1661.81
2978,108,142,89,2025-10-28 22:22:45,58,Delivered,952.08
2979,856,12,82,2025-02-15 17:22:27,42,Delivered,358.59
2980,866,148,37,2025-07-05 22:36:06,23,Delivered,755.83
2981,851,1,182,2025-12-03 06:51:30,51,Delivered,1361.62
2982,65,103,57,2026-06-20 19:27:12,60,Cancelled,826.51
2983,974,14,118,2025-11-20 19:04:52,25,Delivered,374.42
2984,868,121,46,2025-04-18 23:33:52,47,Delivered,1073.98
2985,336,72,2,2024-08-22 21:52:29,18,Delivered,1008.28
2986,969,133,47,2025-07-04 07:35:17,25,Delivered,1333.18
2987,247,24,35,2025-03-05 12:04:21,41,Delivered,1703.64
2988,556,96,2,2024-09-01 02:30:00,45,Delivered,1447.4
2989,966,144,165,2026-05-08 10:27:36,59,Delivered,247.35
2990,119,148,96,2025-08-15 10:54:00,15,Delivered,1542.34
2991,908,28,209,2024-10-14 15:40:04,57,Delivered,456.78
2992,83,12,191,2026-03-15 05:52:47,38,Delivered,1497.95
2993,813,113,14,2025-07-08 02:34:05,67,Delivered,479.36
2994,34,119,19,2026-01-27 00:28:35,66,Delivered,667.95
2995,16,2,245,2024-12-24 14:55:26,45,Delivered,1306.09
2996,670,23,225,2026-05-16 00:36:35,47,Delivered,665.23
2997,729,84,179,2024-11-06 08:46:47,33,Delivered,1215.67
2998,817,146,134,2025-07-24 05:26:19,44,Delivered,1066.3
2999,219,106,89,2025-11-03 04:23:35,23,Delivered,610.4
3000,484,30,106,2025-09-29 20:08:55,68,Delivered,1732.9
3001,813,132,237,2024-09-05 12:35:56,24,Preparing,483.6
3002,319,138,22,2026-07-21 23:58:12,28,Preparing,1346.83
3003,73,10,67,2025-04-29 22:03:31,36,Delivered,730.46
3004,575,104,57,2026-01-30 05:08:21,58,Delivered,922.65
3005,304,55,249,2026-02-26 07:05:55,65,Delivered,743.91
3006,263,135,196,2025-10-30 05:49:14,67,Delivered,1587.74
3007,156,108,136,2026-01-03 15:07:41,18,Delivered,600.46
3008,559,112,10,2025-05-09 11:11:47,62,Delivered,469.7
3009,562,57,184,2025-12-11 04:56:25,31,Cancelled,1686.07
3010,516,50,141,2024-08-19 20:25:20,34,Preparing,674.57
3011,234,98,236,2026-07-08 13:34:01,66,Preparing,1748.93
3012,306,104,235,2025-01-24 04:12:53,23,Delivered,695.9
3013,55,115,209,2025-12-28 16:37:38,43,Preparing,1312.74
3014,403,93,115,2026-03-04 09:06:30,54,Delivered,282.1
3015,984,102,41,2026-05-04 03:33:39,28,Delivered,1353.16
3016,10,9,139,2024-09-18 03:26:05,36,Preparing,685.51
3017,44,127,162,2024-09-04 11:00:17,59,Delivered,195.47
3018,615,27,228,2024-08-05 14:46:17,29,Delivered,287.5
3019,103,119,200,2025-05-30 01:26:00,47,Preparing,306.35
3020,704,5,37,2025-03-09 15:21:27,36,Delivered,1311.86
3021,456,100,14,2026-01-06 07:45:28,58,Delivered,427.51
3022,25,104,184,2025-11-24 05:12:19,54,Delivered,535.78
3023,838,69,179,2025-01-13 00:22:45,20,Delivered,1797.05
3024,915,22,171,2025-03-22 05:39:40,23,Delivered,1636.84
3025,804,145,92,2026-03-21 08:42:22,70,Preparing,167.45
3026,881,107,195,2026-02-09 08:47:43,66,Delivered,233.78
3027,328,29,87,2024-08-07 13:02:26,28,Cancelled,1685.33
3028,929,89,248,2025-01-02 22:37:53,66,Delivered,1282.55
3029,266,113,163,2026-01-16 00:36:22,54,Delivered,872.8
3030,45,127,26,2026-06-25 23:42:36,63,Delivered,465.58
3031,133,119,153,2025-10-21 18:27:45,50,Delivered,733.88
3032,761,94,165,2024-10-29 02:51:09,16,Preparing,1249.6
3033,850,17,13,2024-07-31 09:31:43,15,Preparing,624.95
3034,694,56,249,2025-03-01 13:16:25,34,Delivered,170.14
3035,707,149,31,2025-04-25 12:37:39,15,Delivered,357.99
3036,33,55,110,2024-11-03 23:23:23,17,Delivered,1302.9
3037,779,73,17,2026-07-27 09:17:30,19,Delivered,1184.32
3038,932,25,245,2024-08-22 11:28:29,29,Preparing,705.74
3039,631,45,246,2026-06-11 05:58:49,49,Delivered,1403.94
3040,250,96,176,2025-01-11 16:20:16,51,Delivered,225.41
3041,398,19,9,2025-06-26 19:38:05,18,Delivered,953.37
3042,964,148,4,2024-09-02 11:42:17,56,Delivered,1092.47
3043,966,141,16,2025-08-26 11:02:25,19,Delivered,1333.26
3044,489,68,12,2025-11-16 02:06:15,64,Delivered,548.7
3045,491,129,69,2026-01-22 18:47:30,59,Delivered,1332.48
3046,980,56,170,2026-03-11 14:51:50,27,Delivered,626.81
3047,595,96,221,2025-03-06 19:36:36,29,Delivered,797.84
3048,470,97,195,2024-09-17 02:12:21,69,Delivered,701.39
3049,9,56,42,2024-09-22 23:51:53,55,Delivered,168.24
3050,506,55,98,2025-09-23 15:19:33,35,Delivered,1633.09
3051,189,74,28,2025-03-18 23:54:59,44,Delivered,453.22
3052,63,48,170,2025-11-27 23:03:44,51,Delivered,396.6
3053,809,57,79,2025-11-17 12:42:27,36,Cancelled,265.08
3054,755,9,147,2026-07-05 18:29:43,17,Delivered,1622.37
3055,860,12,92,2024-10-09 21:59:47,30,Delivered,1411.1
3056,554,143,234,2025-01-17 00:22:28,41,Delivered,550.91
3057,156,30,23,2025-12-18 23:52:27,39,Delivered,512.91
3058,140,2,73,2025-04-16 16:08:00,58,Delivered,1759.21
3059,934,117,86,2026-06-12 23:14:18,63,Cancelled,1078.25
3060,809,140,116,2025-11-19 00:55:19,35,Cancelled,1570.16
3061,90,44,152,2025-11-19 23:46:24,62,Delivered,848.77
3062,172,102,12,2026-06-21 19:52:33,29,Preparing,546.44
3063,688,46,205,2024-12-11 10:00:47,15,Cancelled,383.42
3064,379,91,134,2025-09-25 17:19:39,26,Delivered,912.21
3065,475,7,178,2025-05-04 01:01:05,53,Delivered,1647.1
3066,118,24,206,2025-04-23 21:27:01,37,Delivered,522.32
3067,770,141,2,2026-03-11 08:18:15,26,Delivered,1305.7
3068,173,26,166,2026-03-03 15:20:12,65,Delivered,1239.42
3069,70,91,233,2025-02-03 07:08:13,48,Delivered,1011.72
3070,932,126,186,2026-07-05 08:09:17,15,Delivered,1083.15
3071,445,28,198,2025-05-15 09:39:36,22,Delivered,498.87
3072,381,86,141,2026-01-12 21:57:12,50,Delivered,1121.09
3073,321,146,192,2025-10-12 12:42:17,44,Delivered,926.23
3074,721,25,98,2025-04-19 12:18:09,50,Delivered,1319.57
3075,769,87,235,2024-11-19 20:37:55,30,Delivered,1413.22
3076,717,56,18,2024-09-02 13:31:19,50,Preparing,1154.28
3077,159,131,233,2025-05-05 17:30:13,52,Delivered,434.42
3078,522,71,85,2025-05-26 08:55:23,34,Cancelled,1234.64
3079,527,36,44,2024-09-21 22:45:20,61,Delivered,418.15
3080,56,46,142,2024-08-23 21:29:39,28,Delivered,1035.48
3081,641,59,35,2024-09-13 03:25:20,57,Preparing,247.61
3082,91,72,72,2025-06-10 14:56:27,46,Preparing,1230.48
3083,749,34,237,2025-08-11 05:51:55,62,Cancelled,1383.82
3084,68,108,250,2025-10-14 07:48:31,38,Delivered,1322.39
3085,718,3,173,2025-10-20 16:56:21,23,Delivered,1362.4
3086,131,10,163,2024-08-08 04:45:46,28,Preparing,607.05
3087,732,39,57,2025-12-11 08:53:33,69,Delivered,1332.95
3088,510,92,218,2024-08-12 23:50:33,23,Delivered,320.34
3089,382,50,11,2025-06-03 00:44:51,64,Delivered,980.51
3090,428,86,227,2025-10-15 17:20:05,18,Delivered,803.19
3091,3,15,89,2025-06-26 20:50:42,60,Delivered,530.84
3092,849,113,117,2026-07-08 23:51:17,44,Delivered,1640.1
3093,99,138,58,2026-07-04 23:24:20,23,Delivered,1278.25
3094,668,42,154,2026-04-30 06:37:08,20,Delivered,1607.71
3095,703,19,121,2025-09-27 07:37:45,34,Delivered,1153.4
3096,882,41,150,2024-09-12 17:26:52,62,Preparing,509.98
3097,967,8,68,2024-09-24 07:09:55,30,Delivered,1374.09
3098,841,71,18,2025-09-26 17:24:41,54,Delivered,417.63
3099,582,21,206,2025-05-25 13:04:14,70,Delivered,345.55
3100,499,4,129,2026-02-06 01:46:35,18,Delivered,1069.35
3101,378,107,216,2025-07-05 05:24:37,40,Delivered,1392.69
3102,913,11,99,2025-08-03 22:47:01,29,Delivered,1684.27
3103,87,147,132,2025-02-18 03:52:32,66,Delivered,746.76
3104,311,149,74,2024-09-01 07:24:06,64,Delivered,570.31
3105,672,10,113,2026-03-25 13:58:35,42,Delivered,473.97
3106,314,49,184,2026-01-20 05:41:18,29,Delivered,717.25
3107,310,97,43,2026-06-24 13:42:43,44,Delivered,1546.74
3108,395,35,112,2025-02-01 17:56:46,68,Delivered,637.6
3109,151,66,56,2025-08-05 02:23:51,65,Delivered,376.78
3110,849,88,241,2025-08-22 03:58:58,56,Delivered,678.93
3111,690,39,26,2025-02-21 11:48:31,58,Delivered,996.84
3112,908,11,137,2026-01-19 09:51:37,62,Delivered,1777.44
3113,974,26,190,2026-01-08 09:42:37,54,Preparing,393.41
3114,246,80,233,2024-11-03 09:24:24,67,Delivered,1235.72
3115,585,98,68,2026-02-05 16:58:14,29,Delivered,709.08
3116,246,35,185,2026-06-20 03:55:08,33,Preparing,1757.28
3117,192,94,171,2025-01-14 05:41:11,18,Delivered,539.15
3118,252,67,244,2025-12-25 10:03:34,27,Preparing,207.31
3119,707,62,20,2024-12-26 15:04:00,20,Delivered,753.64
3120,685,136,128,2025-10-15 00:14:29,40,Delivered,1767.23
3121,274,95,222,2026-05-18 22:34:31,44,Delivered,794.17
3122,707,145,173,2025-03-10 12:25:48,32,Delivered,1463.51
3123,412,69,185,2025-03-24 07:53:12,64,Preparing,1661.71
3124,344,52,93,2025-10-23 09:08:32,30,Delivered,1081.12
3125,878,70,101,2026-01-22 21:46:00,39,Preparing,1131.17
3126,515,98,247,2025-05-16 07:26:54,66,Delivered,494.23
3127,288,33,21,2026-05-29 12:17:01,26,Delivered,760.4
3128,549,3,147,2025-01-19 20:21:28,36,Preparing,1695.8
3129,940,79,131,2024-08-13 23:52:58,20,Delivered,455.85
3130,409,37,83,2024-07-31 05:19:56,65,Preparing,1099.93
3131,407,78,217,2025-05-30 00:41:22,43,Delivered,1558.19
3132,246,4,117,2025-08-14 06:15:49,70,Preparing,375.57
3133,377,31,69,2025-07-20 04:08:36,26,Delivered,1689.66
3134,293,14,171,2025-05-17 20:53:09,31,Delivered,1112.81
3135,254,41,241,2026-03-10 09:53:23,41,Delivered,646.65
3136,325,80,55,2026-05-18 18:37:37,60,Delivered,897.13
3137,423,57,169,2026-05-17 13:38:28,64,Delivered,322.01
3138,930,5,8,2024-11-28 03:29:26,49,Delivered,1355.94
3139,508,136,211,2025-04-14 14:59:11,37,Preparing,384.45
3140,124,21,95,2025-04-09 21:35:58,61,Delivered,302.42
3141,955,143,72,2024-08-04 07:35:17,35,Delivered,748.53
3142,993,72,190,2025-01-14 08:42:39,26,Delivered,1644.64
3143,817,118,67,2024-11-30 20:49:14,32,Delivered,1223.3
3144,696,128,13,2025-12-02 15:19:21,22,Delivered,1210.65
3145,168,7,178,2025-04-25 07:34:35,48,Delivered,713.37
3146,760,38,57,2026-05-03 12:48:34,43,Delivered,367.89
3147,441,103,175,2024-08-06 15:35:29,35,Delivered,471.72
3148,4,29,72,2024-09-23 16:04:50,18,Delivered,226.96
3149,782,92,209,2025-08-16 04:00:18,24,Delivered,1688.51
3150,65,7,238,2025-01-10 03:07:20,38,Delivered,1006.59
3151,47,10,7,2025-05-19 19:36:04,24,Delivered,1275.99
3152,747,33,17,2025-03-29 06:12:02,34,Delivered,914.14
3153,868,50,31,2025-02-12 05:00:26,42,Delivered,646.85
3154,991,147,178,2024-11-07 01:02:56,65,Delivered,1665.48
3155,782,102,136,2026-06-27 05:11:31,66,Delivered,293.29
3156,169,9,51,2025-05-28 21:19:59,22,Delivered,1177.02
3157,360,40,133,2024-12-18 16:54:55,64,Delivered,1645.7
3158,28,48,148,2025-03-08 02:30:43,61,Delivered,949.66
3159,253,89,33,2024-10-19 05:10:56,61,Delivered,1165.36
3160,848,55,233,2025-07-20 20:57:44,30,Delivered,398.78
3161,710,114,59,2025-09-19 08:23:08,59,Delivered,1624.48
3162,618,45,1,2025-02-11 22:48:18,33,Delivered,931.57
3163,711,57,201,2024-12-18 19:15:07,37,Delivered,523.95
3164,438,23,130,2025-10-24 04:53:54,37,Preparing,924.75
3165,94,13,142,2024-09-14 13:24:48,44,Delivered,459.27
3166,622,128,202,2025-11-28 15:22:47,22,Delivered,1481.43
3167,850,52,98,2024-12-21 03:10:28,17,Delivered,960.8
3168,160,102,26,2025-12-24 20:37:15,37,Delivered,1721.05
3169,567,57,229,2025-10-16 21:05:44,50,Delivered,1193.0
3170,188,23,247,2026-01-25 16:15:49,69,Delivered,1459.7
3171,646,112,237,2026-03-26 04:58:21,60,Delivered,1031.32
3172,265,104,123,2024-11-22 03:30:24,27,Delivered,1393.69
3173,135,38,54,2025-01-15 00:54:32,28,Preparing,1771.08
3174,146,42,236,2026-04-03 02:42:46,60,Delivered,1197.32
3175,773,75,65,2025-01-16 23:16:27,24,Delivered,1784.14
3176,879,145,40,2025-03-25 01:45:17,60,Delivered,1784.84
3177,647,48,46,2025-04-12 04:22:20,61,Preparing,818.3
3178,387,47,211,2026-05-24 22:44:12,54,Preparing,706.93
3179,381,13,231,2024-10-11 01:05:41,39,Delivered,1630.2
3180,810,123,222,2024-09-21 05:38:56,66,Delivered,1560.89
3181,118,137,15,2024-08-09 21:29:47,32,Delivered,1458.42
3182,283,27,212,2026-02-21 16:28:00,30,Delivered,1253.85
3183,235,144,244,2026-04-01 16:45:00,34,Delivered,1227.78
3184,332,39,4,2024-08-22 21:05:08,57,Delivered,1428.37
3185,179,103,170,2025-10-15 19:39:35,18,Delivered,623.26
3186,409,59,147,2024-08-29 00:04:57,68,Delivered,1233.8
3187,396,17,81,2025-12-10 14:43:50,61,Delivered,935.64
3188,371,82,65,2026-06-24 06:05:55,51,Delivered,437.56
3189,642,18,95,2026-06-22 04:04:49,20,Delivered,1338.63
3190,74,20,145,2025-06-21 15:36:23,64,Preparing,714.66
3191,439,70,5,2026-05-11 16:19:11,51,Preparing,300.68
3192,739,97,152,2026-01-05 17:22:32,28,Delivered,893.92
3193,509,92,207,2024-09-03 02:23:20,26,Delivered,1475.66
3194,831,36,5,2025-05-01 17:00:25,31,Delivered,1761.05
3195,683,4,19,2025-02-03 19:20:03,54,Cancelled,968.62
3196,140,23,39,2024-08-02 10:15:52,34,Delivered,482.95
3197,250,111,232,2025-12-05 23:55:14,54,Delivered,1027.77
3198,663,117,104,2026-03-14 17:12:43,17,Delivered,1013.31
3199,221,19,43,2025-09-22 06:45:20,42,Delivered,948.39
3200,82,48,34,2025-10-03 18:07:32,43,Delivered,1263.67
3201,29,118,246,2026-07-08 14:51:26,36,Delivered,1740.33
3202,548,122,167,2025-06-15 15:07:49,49,Delivered,541.43
3203,653,54,241,2025-08-29 12:45:25,55,Delivered,1635.18
3204,716,80,52,2025-02-10 18:56:57,22,Delivered,1189.44
3205,392,85,80,2025-02-02 18:55:19,27,Delivered,995.62
3206,743,149,164,2024-08-08 21:28:14,36,Delivered,355.74
3207,47,41,31,2024-11-23 17:04:20,52,Delivered,1539.57
3208,794,90,125,2026-06-17 13:11:27,66,Delivered,1788.76
3209,577,117,205,2026-06-30 07:55:28,33,Delivered,1323.09
3210,2,36,108,2024-10-27 16:00:27,50,Delivered,655.18
3211,558,112,128,2024-10-05 17:09:55,40,Delivered,888.91
3212,461,80,227,2025-05-23 08:17:29,20,Delivered,482.16
3213,912,89,110,2025-05-29 23:47:12,59,Preparing,573.94
3214,339,9,6,2025-07-08 23:37:29,41,Delivered,669.31
3215,226,121,51,2025-01-15 21:34:50,17,Delivered,787.1
3216,279,145,110,2026-04-07 05:32:22,54,Delivered,916.27
3217,81,29,226,2024-11-11 18:15:41,55,Delivered,740.85
3218,583,98,58,2025-11-19 17:33:46,35,Delivered,1296.29
3219,608,120,185,2026-07-19 11:43:20,15,Delivered,727.11
3220,166,136,42,2024-08-03 02:36:22,44,Delivered,490.51
3221,307,61,21,2025-03-04 18:44:32,69,Delivered,628.47
3222,538,144,216,2026-06-25 07:20:54,51,Delivered,1159.34
3223,358,73,106,2026-01-06 22:40:06,57,Delivered,642.59
3224,339,68,224,2025-04-14 21:16:37,33,Delivered,657.2
3225,264,19,203,2026-07-16 09:21:58,34,Delivered,802.61
3226,951,63,193,2026-07-07 12:12:18,53,Delivered,1314.38
3227,879,67,71,2025-07-18 16:01:18,52,Delivered,523.58
3228,903,70,225,2025-04-14 13:17:05,41,Delivered,1017.61
3229,693,144,44,2026-03-06 21:31:29,24,Delivered,1128.98
3230,513,108,33,2026-06-09 19:52:29,53,Delivered,1343.85
3231,224,148,172,2025-10-09 00:38:37,67,Delivered,1421.39
3232,535,150,220,2025-10-04 07:07:53,32,Delivered,410.19
3233,991,3,229,2026-04-03 15:20:36,63,Delivered,363.0
3234,708,45,30,2025-09-23 20:20:46,70,Delivered,221.53
3235,335,78,231,2025-07-14 11:31:38,69,Delivered,467.98
3236,646,106,95,2025-04-06 03:51:28,36,Delivered,1116.25
3237,880,33,10,2026-05-25 21:04:35,30,Delivered,647.92
3238,581,111,218,2025-10-11 08:57:22,34,Delivered,255.75
3239,741,58,146,2026-05-28 14:12:26,18,Delivered,383.37
3240,755,92,28,2024-12-20 14:05:10,23,Delivered,486.67
3241,885,119,86,2024-10-05 04:52:23,69,Delivered,737.79
3242,724,101,49,2024-12-08 21:02:48,36,Delivered,1186.21
3243,860,121,247,2025-11-01 23:39:35,15,Delivered,859.9
3244,826,21,237,2026-02-21 11:12:27,51,Delivered,1708.23
3245,268,93,142,2025-11-02 02:58:14,34,Delivered,1298.01
3246,407,100,57,2026-03-19 23:14:20,20,Delivered,1692.01
3247,564,95,13,2025-06-23 00:05:46,28,Delivered,452.89
3248,849,105,41,2025-03-28 03:45:12,57,Delivered,205.25
3249,255,50,80,2024-12-06 03:42:43,44,Delivered,587.45
3250,213,28,5,2025-06-01 01:21:32,34,Delivered,893.76
3251,594,107,130,2024-09-03 02:58:25,62,Delivered,1471.64
3252,406,139,213,2025-01-24 10:39:22,16,Delivered,1455.93
3253,973,81,182,2026-05-14 23:14:50,60,Cancelled,1088.98
3254,288,98,193,2025-01-31 16:28:20,52,Preparing,402.43
3255,825,23,166,2025-06-19 13:44:55,57,Preparing,872.95
3256,293,17,120,2026-01-01 06:33:09,31,Delivered,211.94
3257,213,82,15,2026-04-14 15:09:52,24,Delivered,1460.0
3258,855,94,243,2026-06-14 08:53:23,18,Delivered,1494.86
3259,625,72,109,2024-12-15 05:42:04,40,Delivered,889.95
3260,345,41,51,2026-04-09 09:00:43,27,Delivered,1790.13
3261,639,60,3,2024-08-04 15:26:40,23,Delivered,694.81
3262,588,28,56,2026-06-16 06:21:19,28,Cancelled,529.04
3263,225,51,65,2026-01-19 06:37:44,41,Delivered,261.74
3264,709,32,172,2024-11-15 22:37:50,42,Delivered,752.58
3265,836,3,113,2025-07-19 11:18:27,69,Delivered,1430.24
3266,625,89,193,2025-05-12 11:38:47,67,Delivered,1632.76
3267,59,45,72,2025-04-29 19:24:11,56,Delivered,242.48
3268,965,45,234,2025-09-06 11:20:46,29,Delivered,1067.61
3269,265,125,44,2024-12-20 22:51:29,30,Delivered,596.91
3270,940,34,12,2024-09-27 10:39:42,23,Delivered,906.45
3271,970,149,208,2025-02-12 18:37:38,62,Delivered,1663.5
3272,17,24,117,2025-07-22 20:46:54,60,Delivered,419.62
3273,817,34,75,2025-07-23 23:19:07,18,Cancelled,246.51
3274,834,106,235,2026-06-20 06:59:21,68,Delivered,1607.11
3275,474,27,213,2024-08-17 05:17:55,45,Delivered,1290.12
3276,329,67,106,2026-01-19 19:27:29,21,Delivered,1523.47
3277,959,47,237,2025-11-03 20:44:48,31,Delivered,743.61
3278,555,59,138,2024-11-03 23:52:17,70,Preparing,404.24
3279,694,121,162,2024-07-29 21:58:58,24,Delivered,1589.15
3280,66,47,40,2026-07-03 19:24:01,35,Delivered,1474.4
3281,599,88,99,2025-07-09 15:23:34,40,Delivered,614.88
3282,261,130,186,2024-10-26 00:36:11,62,Delivered,558.22
3283,256,49,116,2024-10-07 14:47:48,51,Delivered,275.91
3284,191,26,34,2026-04-12 08:06:09,20,Delivered,227.79
3285,544,118,248,2025-04-22 10:51:12,47,Delivered,1299.87
3286,705,142,107,2026-05-13 22:49:02,66,Preparing,1163.41
3287,686,19,117,2024-12-01 23:20:19,69,Delivered,1510.23
3288,299,10,205,2025-01-20 07:56:34,55,Preparing,1137.14
3289,361,27,151,2026-02-03 09:45:05,54,Delivered,1295.83
3290,183,82,189,2026-03-05 02:35:54,63,Delivered,318.34
3291,180,37,232,2025-09-29 19:53:31,46,Preparing,1384.92
3292,256,57,143,2024-08-02 19:35:47,44,Delivered,185.42
3293,878,75,39,2024-12-16 14:21:12,24,Delivered,440.64
3294,696,83,176,2024-12-22 21:34:58,66,Delivered,1600.47
3295,392,50,233,2025-06-29 04:19:12,27,Delivered,152.49
3296,553,51,52,2026-01-24 02:22:36,33,Delivered,880.65
3297,927,5,79,2024-12-06 17:54:20,47,Delivered,973.51
3298,614,149,237,2024-10-13 22:32:51,36,Delivered,916.63
3299,824,43,3,2025-12-13 15:07:53,70,Delivered,1277.14
3300,785,130,176,2026-04-07 18:16:43,37,Delivered,1414.05
3301,321,49,202,2025-11-13 07:21:49,58,Delivered,574.67
3302,719,47,102,2026-02-12 14:53:31,42,Delivered,495.19
3303,971,82,107,2025-12-23 21:32:20,29,Delivered,896.38
3304,510,122,82,2024-12-08 19:38:46,65,Delivered,1654.88
3305,581,40,5,2024-09-19 12:17:12,41,Delivered,808.96
3306,556,22,37,2025-04-28 21:56:17,66,Delivered,195.83
3307,378,147,186,2026-07-03 11:26:56,25,Delivered,621.63
3308,74,83,237,2026-07-06 04:20:49,70,Preparing,1418.2
3309,224,11,39,2025-09-09 09:39:52,52,Delivered,1399.79
3310,718,149,103,2026-03-31 07:35:42,29,Delivered,914.4
3311,738,40,166,2024-11-02 18:14:34,41,Delivered,1177.0
3312,304,47,11,2025-09-07 17:02:45,42,Delivered,703.12
3313,266,132,7,2025-10-17 00:14:16,56,Delivered,710.41
3314,200,53,186,2026-07-05 18:33:41,21,Delivered,1038.21
3315,872,11,12,2025-08-12 18:02:02,32,Delivered,1555.25
3316,230,41,17,2026-02-10 11:17:50,67,Delivered,441.69
3317,156,25,244,2024-08-01 09:14:07,68,Delivered,275.84
3318,768,76,131,2026-01-13 04:51:54,57,Preparing,335.88
3319,382,138,40,2025-05-09 09:02:42,70,Delivered,838.31
3320,512,103,77,2025-10-11 08:01:09,15,Delivered,1111.7
3321,544,84,68,2024-10-10 10:27:02,50,Delivered,792.61
3322,313,35,215,2025-06-30 22:55:48,68,Delivered,220.26
3323,398,46,146,2024-10-19 17:15:52,47,Preparing,971.42
3324,654,135,123,2026-03-21 07:36:36,30,Delivered,1009.29
3325,795,100,164,2024-10-24 02:33:40,40,Delivered,1585.86
3326,767,80,199,2025-08-23 20:36:11,62,Delivered,868.32
3327,133,56,76,2025-07-03 03:02:39,57,Delivered,1157.35
3328,733,112,208,2025-01-09 06:58:44,24,Delivered,468.96
3329,18,79,177,2025-09-18 00:32:21,19,Delivered,419.11
3330,260,137,56,2025-05-13 13:27:11,65,Preparing,614.32
3331,498,131,235,2025-04-13 04:20:27,51,Delivered,1305.03
3332,115,24,121,2025-09-29 10:42:27,70,Delivered,403.15
3333,779,105,151,2025-09-29 17:28:30,54,Delivered,1161.39
3334,590,135,25,2024-09-30 09:47:06,56,Delivered,1302.21
3335,114,141,6,2026-02-16 07:51:53,18,Delivered,862.79
3336,420,6,189,2025-10-29 04:43:50,59,Delivered,1315.28
3337,64,2,90,2026-06-13 03:25:19,27,Delivered,1039.75
3338,199,140,102,2025-03-29 03:17:16,27,Cancelled,156.35
3339,647,12,84,2025-10-13 23:59:24,66,Delivered,553.05
3340,543,61,141,2026-03-03 07:32:34,60,Delivered,736.21
3341,706,42,237,2025-07-24 06:27:10,41,Delivered,1166.31
3342,676,145,197,2026-01-16 05:02:34,54,Delivered,894.32
3343,547,111,42,2025-07-29 11:15:36,67,Delivered,869.64
3344,250,59,46,2024-12-06 03:34:06,69,Delivered,1617.73
3345,904,129,157,2026-01-26 20:37:19,39,Delivered,1606.56
3346,209,55,209,2026-01-16 13:42:08,45,Delivered,1382.52
3347,518,87,163,2024-10-10 05:28:26,22,Cancelled,1739.73
3348,935,104,46,2025-05-21 13:17:53,40,Delivered,558.92
3349,566,79,248,2025-10-03 22:21:33,64,Delivered,1755.69
3350,195,40,170,2025-09-03 10:42:22,47,Delivered,481.86
3351,232,40,26,2024-09-01 14:15:58,58,Delivered,988.37
3352,995,58,90,2026-01-30 15:04:12,26,Delivered,1140.14
3353,877,17,136,2024-09-06 04:00:18,45,Delivered,1697.53
3354,754,6,104,2026-03-03 22:13:42,45,Delivered,306.7
3355,45,109,194,2026-03-21 13:39:03,55,Delivered,1512.11
3356,172,2,163,2025-04-18 21:25:20,49,Delivered,1562.9
3357,833,69,64,2026-07-11 10:46:27,64,Delivered,360.27
3358,622,114,245,2025-01-28 15:05:46,41,Delivered,1665.06
3359,712,29,91,2025-08-04 22:04:37,52,Delivered,1557.83
3360,659,64,139,2025-09-17 14:14:20,59,Delivered,1240.22
3361,183,5,184,2026-03-15 17:07:07,67,Delivered,1307.47
3362,386,95,179,2026-04-17 21:15:10,67,Delivered,784.38
3363,175,91,148,2026-01-23 06:37:12,68,Delivered,684.06
3364,210,79,158,2025-11-10 02:33:05,47,Delivered,1620.33
3365,167,88,84,2026-05-26 13:17:56,29,Delivered,1257.42
3366,644,3,196,2025-01-12 19:04:28,43,Delivered,1612.88
3367,594,6,114,2024-09-19 05:38:32,32,Delivered,385.49
3368,633,106,109,2025-09-27 07:27:32,52,Preparing,652.45
3369,783,113,147,2025-05-16 16:11:33,54,Delivered,185.63
3370,4,142,201,2025-11-13 19:42:20,53,Delivered,1281.9
3371,510,66,144,2024-11-26 02:58:47,37,Delivered,1553.5
3372,292,104,71,2025-08-28 01:01:55,19,Preparing,469.34
3373,623,130,217,2026-07-04 19:20:06,34,Delivered,912.37
3374,296,118,133,2025-10-24 00:38:20,55,Delivered,807.8
3375,596,138,207,2025-08-05 13:46:00,49,Delivered,778.35
3376,796,150,137,2026-06-27 12:06:11,16,Delivered,671.46
3377,812,43,170,2024-12-09 22:53:23,55,Delivered,800.92
3378,11,84,248,2026-04-14 07:41:19,25,Delivered,1614.59
3379,33,42,103,2025-08-28 11:10:36,23,Preparing,214.49
3380,410,75,142,2025-02-28 12:36:28,53,Preparing,179.83
3381,558,46,70,2025-04-12 16:50:27,49,Delivered,741.64
3382,107,57,1,2026-06-14 04:27:49,50,Cancelled,1095.67
3383,195,11,85,2025-03-27 14:49:57,45,Delivered,1494.43
3384,565,61,159,2026-06-01 21:16:23,53,Delivered,582.15
3385,876,28,142,2024-09-08 13:21:20,37,Delivered,1578.06
3386,15,39,237,2025-12-21 15:32:25,43,Delivered,1660.08
3387,49,1,55,2024-10-11 14:37:13,17,Delivered,1338.34
3388,779,104,27,2025-09-01 05:34:15,52,Cancelled,1434.61
3389,365,53,5,2024-11-13 07:56:10,37,Delivered,310.2
3390,268,145,50,2024-12-06 15:32:08,67,Delivered,1043.25
3391,865,76,111,2026-02-10 03:42:42,43,Delivered,979.38
3392,492,5,168,2026-03-06 16:58:12,22,Delivered,417.29
3393,900,9,8,2025-08-03 09:12:06,22,Delivered,486.67
3394,382,32,13,2024-12-02 06:59:56,29,Delivered,637.78
3395,973,65,34,2024-07-30 00:15:11,53,Delivered,221.39
3396,496,71,171,2024-09-08 23:40:51,36,Preparing,1071.73
3397,952,103,210,2024-12-14 00:49:54,38,Delivered,1701.0
3398,387,37,202,2025-09-30 04:38:10,64,Delivered,683.95
3399,353,112,224,2025-01-11 02:08:31,45,Delivered,1688.52
3400,787,46,48,2025-11-18 18:44:18,69,Delivered,1154.83
3401,340,61,56,2025-03-14 20:15:11,55,Delivered,636.58
3402,813,8,67,2025-09-18 21:29:34,46,Delivered,1636.26
3403,311,139,74,2024-11-05 01:34:06,58,Delivered,764.4
3404,229,112,84,2025-11-26 17:26:32,25,Delivered,1509.75
3405,238,137,58,2026-07-18 18:59:53,35,Delivered,1520.22
3406,993,36,74,2026-05-11 11:42:15,36,Delivered,509.97
3407,171,15,1,2025-01-22 15:39:22,62,Delivered,360.75
3408,190,24,239,2024-11-11 03:08:49,70,Delivered,1333.27
3409,484,61,237,2025-12-25 15:08:54,64,Delivered,1194.96
3410,475,127,41,2024-11-26 20:00:55,42,Delivered,1034.52
3411,559,64,159,2024-09-13 00:20:27,37,Delivered,1325.4
3412,329,142,84,2025-02-09 18:26:20,25,Delivered,1253.18
3413,175,89,36,2024-10-05 22:39:04,60,Cancelled,317.32
3414,119,129,84,2025-03-01 13:05:25,46,Delivered,288.66
3415,69,15,87,2025-03-02 13:42:09,18,Delivered,1200.61
3416,372,79,154,2025-08-11 12:59:05,20,Delivered,899.28
3417,276,121,59,2025-03-02 14:00:37,63,Delivered,504.46
3418,791,37,77,2025-12-19 16:30:39,43,Cancelled,1357.47
3419,874,76,29,2025-01-09 06:43:39,68,Delivered,911.05
3420,365,149,77,2026-02-16 23:00:22,59,Delivered,1092.28
3421,205,67,75,2024-11-08 08:12:09,69,Preparing,485.24
3422,342,60,126,2026-07-17 04:28:34,47,Delivered,516.71
3423,128,136,56,2026-03-03 01:36:14,41,Delivered,1449.4
3424,705,52,62,2026-05-28 05:49:42,67,Delivered,1665.43
3425,187,110,240,2025-09-09 18:22:59,17,Delivered,984.95
3426,911,45,208,2026-03-01 21:01:08,50,Delivered,1460.77
3427,492,140,122,2024-10-22 06:35:56,27,Delivered,1514.9
3428,446,48,81,2024-09-18 08:34:56,58,Delivered,449.54
3429,456,79,105,2025-06-21 10:06:48,35,Delivered,500.97
3430,336,58,124,2025-05-04 14:34:38,66,Delivered,994.57
3431,104,132,145,2025-10-20 10:41:59,70,Delivered,851.01
3432,490,49,75,2025-11-08 23:53:11,32,Cancelled,969.33
3433,753,123,114,2026-01-31 22:57:19,62,Delivered,418.27
3434,829,102,151,2024-12-28 12:30:29,19,Preparing,520.4
3435,834,102,35,2026-01-24 14:59:32,52,Delivered,573.97
3436,386,111,68,2024-08-05 23:48:54,36,Delivered,1119.44
3437,600,8,177,2026-01-02 21:30:33,17,Delivered,1028.24
3438,568,88,123,2024-11-04 08:16:20,29,Delivered,1026.63
3439,240,88,42,2026-02-20 12:19:40,21,Delivered,1041.5
3440,420,134,75,2025-11-28 07:17:51,33,Delivered,636.43
3441,284,132,199,2026-02-19 18:56:16,48,Delivered,1389.29
3442,923,118,150,2024-08-08 04:43:01,38,Delivered,1075.72
3443,898,95,211,2024-11-05 03:48:09,64,Cancelled,692.18
3444,728,147,90,2024-08-26 02:46:17,63,Delivered,1709.99
3445,760,29,216,2025-12-03 12:57:38,52,Delivered,386.71
3446,452,150,119,2025-01-06 12:16:25,61,Delivered,1239.55
3447,679,19,210,2024-09-06 10:47:09,23,Delivered,1041.74
3448,655,116,231,2025-03-01 05:08:50,20,Delivered,1678.28
3449,769,149,136,2026-07-26 22:25:21,34,Preparing,583.44
3450,337,26,203,2026-02-03 22:47:52,32,Delivered,490.08
3451,509,41,134,2026-01-20 13:38:34,40,Preparing,322.94
3452,187,56,164,2024-11-22 00:04:40,16,Delivered,979.58
3453,771,112,218,2025-01-15 04:18:31,49,Delivered,285.16
3454,252,126,214,2026-05-22 02:57:13,49,Delivered,1709.68
3455,345,148,3,2024-11-07 23:16:54,67,Delivered,1461.63
3456,673,147,162,2024-11-07 11:47:52,69,Delivered,323.85
3457,480,148,13,2026-02-05 22:14:51,38,Delivered,1074.45
3458,436,109,150,2025-07-04 23:20:24,28,Delivered,1452.38
3459,92,81,191,2025-08-19 21:25:22,47,Delivered,184.1
3460,740,119,247,2025-05-04 01:02:18,62,Delivered,1529.62
3461,327,50,33,2026-05-20 15:44:36,58,Delivered,1381.11
3462,125,32,148,2026-07-21 16:50:09,30,Delivered,281.7
3463,255,137,33,2024-11-04 20:33:33,69,Delivered,932.61
3464,138,81,90,2026-01-20 05:42:08,22,Delivered,853.88
3465,588,16,177,2026-06-09 07:49:04,48,Delivered,1032.77
3466,104,129,184,2024-10-17 05:58:26,22,Delivered,690.77
3467,901,35,77,2025-02-03 08:24:35,28,Delivered,490.86
3468,72,88,239,2025-05-14 17:27:31,59,Delivered,1026.03
3469,211,98,194,2026-02-06 15:15:49,40,Delivered,875.79
3470,223,90,131,2024-12-26 17:15:51,61,Delivered,1087.78
3471,215,91,62,2024-08-30 05:48:56,66,Delivered,1312.12
3472,642,86,140,2026-06-26 22:59:17,35,Preparing,1761.34
3473,862,111,24,2026-03-24 10:59:13,38,Delivered,631.63
3474,682,64,23,2026-03-10 19:58:47,56,Delivered,786.63
3475,385,62,150,2024-11-07 12:53:03,46,Delivered,739.16
3476,809,30,26,2025-08-24 00:25:44,39,Delivered,798.26
3477,696,11,169,2024-10-09 17:11:00,23,Delivered,1653.17
3478,483,125,47,2025-06-18 16:16:54,44,Delivered,411.37
3479,609,108,197,2025-04-15 15:02:59,56,Delivered,157.73
3480,937,64,76,2026-06-17 12:01:29,26,Delivered,773.22
3481,262,66,18,2024-09-03 14:19:09,67,Delivered,830.14
3482,36,27,160,2025-06-10 07:30:05,59,Delivered,1715.5
3483,650,53,86,2025-02-10 22:28:07,49,Cancelled,1197.44
3484,307,105,213,2025-06-01 13:07:54,31,Delivered,765.95
3485,128,10,49,2024-12-29 02:38:43,57,Delivered,152.02
3486,503,55,3,2024-07-31 07:19:20,31,Delivered,842.5
3487,433,35,240,2026-01-09 22:19:09,69,Delivered,319.04
3488,649,67,174,2026-04-30 18:22:31,32,Delivered,1022.63
3489,593,59,152,2024-09-11 16:18:23,35,Delivered,1678.83
3490,590,106,148,2025-04-22 14:14:52,66,Delivered,967.24
3491,267,1,146,2026-02-04 14:42:10,26,Delivered,1035.36
3492,879,72,241,2026-04-06 00:59:51,54,Delivered,1412.68
3493,893,82,194,2025-11-03 02:43:17,37,Delivered,1316.4
3494,852,85,138,2025-01-24 08:07:12,62,Cancelled,374.04
3495,503,32,117,2026-07-25 05:22:34,32,Cancelled,185.1
3496,992,109,207,2026-05-03 07:51:39,50,Preparing,1775.45
3497,808,28,194,2025-07-05 19:10:06,39,Delivered,1504.26
3498,795,9,52,2025-07-18 23:05:46,34,Preparing,1124.57
3499,779,134,231,2025-07-21 01:04:12,19,Delivered,489.15
3500,482,114,167,2025-05-01 11:13:03,62,Delivered,994.75
3501,750,60,55,2025-06-03 02:36:55,40,Delivered,933.58
3502,15,65,25,2026-06-30 12:24:24,29,Delivered,1148.32
3503,638,29,242,2025-10-26 02:33:20,37,Delivered,1512.74
3504,895,108,249,2024-10-11 14:14:05,16,Delivered,360.73
3505,137,90,68,2025-11-15 17:21:13,65,Delivered,215.21
3506,269,18,168,2025-09-19 08:56:52,69,Delivered,1585.32
3507,916,22,157,2025-01-19 05:45:19,17,Delivered,737.56
3508,473,35,2,2024-11-08 14:32:31,32,Delivered,259.37
3509,58,127,177,2026-03-17 12:18:56,52,Delivered,598.98
3510,579,56,41,2024-09-22 05:45:51,32,Delivered,1438.29
3511,861,142,165,2026-01-11 04:14:23,19,Delivered,946.49
3512,631,80,26,2024-08-15 20:44:39,55,Preparing,387.93
3513,284,140,244,2025-12-17 07:14:14,44,Delivered,1354.81
3514,572,122,39,2024-12-01 19:32:41,62,Delivered,572.0
3515,956,148,105,2025-11-05 17:03:41,28,Delivered,765.77
3516,508,77,204,2024-10-06 16:53:18,24,Delivered,173.08
3517,853,55,45,2025-06-16 22:55:59,41,Delivered,1030.39
3518,637,14,10,2026-01-10 06:47:16,27,Delivered,1017.64
3519,102,98,56,2026-06-15 06:25:18,18,Delivered,396.36
3520,409,115,178,2026-04-21 12:05:59,56,Delivered,1691.51
3521,156,9,9,2026-01-12 17:32:09,53,Delivered,1457.5
3522,401,107,185,2026-02-25 14:56:00,23,Delivered,744.65
3523,420,140,150,2024-09-24 13:29:58,16,Delivered,917.0
3524,620,81,8,2025-07-28 20:55:48,18,Delivered,551.6
3525,342,145,248,2025-03-17 22:40:39,15,Delivered,911.3
3526,631,119,23,2025-05-18 18:11:45,27,Delivered,207.1
3527,463,44,42,2026-06-01 01:49:14,20,Delivered,1041.88
3528,390,145,11,2025-11-13 09:40:34,62,Delivered,1609.59
3529,671,100,127,2024-08-29 19:31:19,24,Delivered,191.17
3530,844,65,81,2026-05-28 12:17:03,70,Preparing,1426.23
3531,762,105,203,2024-11-29 15:45:48,22,Preparing,333.08
3532,172,141,207,2025-10-24 03:32:38,19,Delivered,160.38
3533,263,79,63,2026-03-02 21:16:52,41,Delivered,1764.31
3534,845,58,195,2025-09-14 09:57:26,34,Delivered,1447.76
3535,925,34,48,2025-01-14 12:30:20,38,Delivered,1219.11
3536,16,37,88,2024-10-29 18:01:45,26,Delivered,1119.73
3537,774,22,37,2026-03-30 21:56:09,61,Preparing,1246.13
3538,18,150,70,2024-08-20 17:19:30,34,Delivered,886.03
3539,863,122,227,2025-02-18 20:42:12,26,Delivered,187.3
3540,691,47,108,2025-02-06 15:29:26,56,Delivered,671.08
3541,231,34,121,2026-05-14 04:16:53,41,Delivered,918.27
3542,838,77,185,2026-02-25 07:03:39,50,Delivered,1751.61
3543,138,70,243,2025-09-22 10:27:14,37,Delivered,742.5
3544,554,90,29,2026-04-27 21:23:35,39,Delivered,324.52
3545,589,29,82,2025-02-28 08:46:53,49,Delivered,1538.63
3546,175,111,139,2024-09-19 00:16:31,40,Preparing,1310.15
3547,751,138,227,2025-11-22 16:49:06,41,Delivered,1067.4
3548,811,132,173,2025-05-25 17:34:54,41,Delivered,914.95
3549,61,3,129,2025-05-29 10:44:14,48,Delivered,902.71
3550,25,131,192,2024-12-02 01:11:51,29,Delivered,1234.63
3551,1000,23,145,2024-11-23 05:18:31,22,Delivered,959.65
3552,635,146,34,2025-10-12 20:17:23,20,Delivered,221.96
3553,414,147,189,2024-09-30 02:27:21,61,Delivered,1689.93
3554,787,52,101,2026-04-12 13:47:40,53,Preparing,1181.79
3555,854,51,202,2026-06-03 18:02:40,35,Preparing,609.69
3556,276,131,112,2025-01-02 18:10:08,32,Delivered,1718.46
3557,517,41,31,2026-07-28 07:37:46,29,Delivered,1020.84
3558,327,71,111,2024-10-29 02:48:51,26,Delivered,1561.88
3559,173,17,43,2025-06-20 03:09:26,27,Delivered,961.25
3560,962,38,222,2025-08-11 05:01:43,15,Delivered,692.61
3561,900,54,195,2024-08-08 22:21:29,28,Delivered,184.02
3562,562,133,97,2025-08-22 06:28:08,30,Delivered,1377.23
3563,413,117,62,2024-09-10 11:09:02,52,Delivered,157.97
3564,529,134,147,2025-05-10 00:53:53,64,Delivered,1798.8
3565,125,65,31,2025-06-09 07:21:26,40,Delivered,188.19
3566,978,24,99,2025-10-04 20:06:54,51,Delivered,1185.83
3567,841,61,36,2026-06-16 07:21:30,58,Delivered,1690.8
3568,760,149,173,2025-05-11 08:15:04,49,Preparing,1102.33
3569,471,12,100,2026-05-13 11:20:59,15,Delivered,1359.54
3570,308,140,216,2025-06-18 11:43:16,20,Preparing,1579.89
3571,561,109,123,2026-05-13 15:00:15,31,Delivered,217.04
3572,24,132,71,2026-07-03 20:53:48,58,Delivered,867.03
3573,912,25,186,2025-05-30 12:21:13,68,Delivered,885.35
3574,952,25,134,2025-07-21 17:57:13,20,Delivered,1242.55
3575,569,95,178,2026-03-06 01:07:40,31,Delivered,383.51
3576,588,80,39,2026-06-10 06:13:57,16,Delivered,578.63
3577,869,4,18,2026-06-21 01:34:02,38,Delivered,1408.35
3578,285,106,106,2024-08-29 13:58:50,16,Delivered,768.85
3579,589,65,73,2025-05-22 16:14:03,52,Cancelled,601.01
3580,415,111,114,2025-01-26 17:08:22,24,Delivered,307.56
3581,564,36,69,2026-01-24 02:25:02,56,Delivered,1486.69
3582,724,139,234,2025-05-31 02:14:29,20,Delivered,401.14
3583,142,57,132,2026-07-21 07:24:07,43,Delivered,1415.65
3584,992,1,39,2024-11-24 21:07:29,40,Delivered,1025.95
3585,513,18,128,2024-10-02 09:30:00,31,Delivered,1642.98
3586,479,59,203,2025-10-15 01:12:35,37,Delivered,467.88
3587,320,41,244,2025-08-30 20:36:03,29,Delivered,899.82
3588,9,76,23,2026-04-14 16:33:46,25,Delivered,1787.61
3589,574,36,142,2025-05-30 20:55:54,59,Delivered,1055.77
3590,704,108,241,2025-05-06 06:38:32,19,Delivered,1447.4
3591,998,84,89,2025-05-05 23:33:11,51,Delivered,1248.17
3592,914,102,30,2024-09-14 00:17:40,17,Delivered,1142.66
3593,225,15,68,2025-03-21 13:31:20,42,Delivered,238.74
3594,131,144,63,2025-10-23 12:07:54,48,Delivered,293.0
3595,92,45,52,2025-03-08 22:28:13,23,Delivered,1783.84
3596,643,110,18,2026-03-25 23:27:54,37,Delivered,198.45
3597,927,68,243,2026-03-13 18:07:38,49,Delivered,169.02
3598,754,110,112,2026-03-29 09:51:12,63,Delivered,1726.94
3599,791,67,80,2025-02-11 22:08:39,39,Delivered,1751.56
3600,313,46,229,2025-03-19 11:18:36,24,Preparing,841.29
3601,225,77,99,2025-12-20 14:45:27,67,Preparing,326.67
3602,91,86,61,2024-08-26 03:55:42,15,Delivered,1336.64
3603,818,53,247,2025-07-06 13:54:04,61,Delivered,1544.82
3604,266,61,90,2025-06-29 04:59:35,50,Preparing,287.07
3605,420,137,44,2025-05-29 03:55:05,25,Preparing,1398.82
3606,768,33,212,2024-12-28 13:42:10,44,Delivered,452.4
3607,464,1,131,2026-01-12 00:12:04,40,Delivered,1310.93
3608,397,90,239,2025-03-23 20:56:26,59,Delivered,1721.96
3609,877,34,71,2025-11-10 17:11:24,19,Preparing,1175.31
3610,453,105,219,2026-03-19 07:17:09,49,Delivered,1562.83
3611,277,76,122,2024-12-22 12:37:25,44,Delivered,1242.95
3612,593,16,164,2026-02-06 04:35:23,28,Delivered,210.22
3613,999,28,207,2025-01-19 14:36:20,47,Delivered,1083.28
3614,309,38,33,2025-10-12 21:28:44,30,Delivered,598.59
3615,215,79,14,2025-06-17 19:50:34,34,Delivered,1599.86
3616,772,97,141,2025-04-22 02:14:05,24,Preparing,398.85
3617,345,111,216,2024-08-04 16:39:05,31,Delivered,1389.5
3618,168,92,66,2025-03-20 20:49:22,51,Delivered,178.37
3619,410,71,206,2025-12-13 18:38:30,33,Delivered,295.1
3620,127,26,172,2025-11-10 14:33:58,60,Delivered,1427.28
3621,560,141,21,2025-05-17 19:59:19,48,Delivered,560.98
3622,878,110,60,2024-12-05 23:45:18,34,Delivered,1267.33
3623,808,74,129,2025-07-16 09:31:45,70,Cancelled,1480.38
3624,742,17,136,2024-12-23 11:08:48,48,Delivered,1472.26
3625,550,6,104,2024-11-06 15:07:46,40,Delivered,1427.32
3626,356,26,210,2026-05-17 13:36:16,21,Preparing,449.88
3627,165,95,80,2024-12-07 06:51:28,27,Delivered,610.29
3628,822,48,64,2025-05-24 08:47:27,70,Delivered,1318.58
3629,53,80,157,2024-11-10 16:19:23,62,Preparing,849.41
3630,844,62,128,2025-07-01 00:53:16,24,Delivered,1354.47
3631,894,130,99,2026-06-14 04:23:41,18,Preparing,484.35
3632,64,52,27,2026-05-07 20:50:52,53,Delivered,1516.32
3633,638,13,21,2024-10-28 07:20:50,20,Delivered,203.52
3634,14,54,77,2024-10-05 18:32:01,45,Delivered,547.16
3635,769,128,192,2025-03-15 14:22:32,21,Delivered,919.95
3636,668,143,107,2024-11-20 03:09:32,17,Delivered,323.19
3637,646,100,227,2025-02-12 16:36:44,24,Delivered,1700.85
3638,701,14,185,2025-01-13 04:18:01,47,Delivered,1110.03
3639,292,120,211,2026-03-31 10:28:04,48,Delivered,751.69
3640,10,31,20,2025-06-13 05:55:20,28,Preparing,712.2
3641,346,136,43,2025-12-27 22:41:08,60,Delivered,929.7
3642,171,143,136,2024-11-12 19:41:41,58,Cancelled,882.01
3643,763,1,121,2026-07-13 08:46:05,23,Delivered,1137.93
3644,58,59,120,2026-05-03 18:31:15,22,Preparing,324.54
3645,29,142,177,2026-02-22 22:34:35,47,Delivered,1165.69
3646,1000,40,34,2025-04-21 21:15:10,27,Delivered,1600.54
3647,603,99,65,2025-12-19 11:08:55,45,Delivered,349.01
3648,203,125,87,2025-10-02 23:50:45,68,Delivered,888.22
3649,430,144,222,2026-01-20 05:12:46,21,Cancelled,161.51
3650,818,74,141,2025-04-04 01:13:27,15,Delivered,1331.92
3651,376,91,120,2025-02-21 02:28:21,70,Preparing,201.94
3652,174,66,172,2026-01-03 04:35:26,70,Delivered,1467.36
3653,139,55,225,2024-11-23 14:04:00,40,Preparing,417.74
3654,845,32,101,2024-10-15 19:58:49,52,Delivered,1788.97
3655,617,98,142,2026-01-07 14:19:05,37,Delivered,578.31
3656,683,121,6,2025-09-01 19:59:20,39,Delivered,1275.7
3657,366,17,112,2026-05-20 09:28:39,54,Delivered,555.75
3658,871,94,179,2025-08-31 16:58:41,62,Preparing,1706.48
3659,92,83,15,2025-12-05 05:45:16,62,Delivered,820.84
3660,306,38,100,2026-06-17 11:03:50,19,Delivered,1680.78
3661,223,51,94,2024-08-28 13:57:35,17,Preparing,1725.74
3662,665,134,197,2025-09-16 16:17:49,31,Cancelled,408.29
3663,869,55,180,2026-02-19 22:01:41,62,Delivered,1173.0
3664,887,57,148,2025-08-15 23:34:08,23,Delivered,1561.21
3665,516,17,57,2025-11-02 12:41:55,16,Delivered,1656.24
3666,757,109,154,2026-01-13 20:40:15,66,Delivered,1493.18
3667,324,59,12,2025-11-20 20:16:30,24,Delivered,1654.13
3668,387,122,185,2024-10-13 05:59:02,38,Delivered,1328.61
3669,398,75,104,2026-02-23 18:21:38,60,Delivered,531.3
3670,889,85,60,2025-11-24 18:53:15,34,Delivered,304.23
3671,334,5,210,2026-07-21 15:40:17,22,Cancelled,605.63
3672,511,108,67,2025-06-10 15:04:05,64,Preparing,959.46
3673,840,150,202,2024-11-20 15:28:41,42,Cancelled,351.76
3674,484,64,142,2025-12-07 18:06:42,36,Delivered,1412.12
3675,885,29,36,2025-01-31 13:21:12,49,Delivered,1644.62
3676,930,127,85,2026-02-11 16:28:48,66,Delivered,536.45
3677,382,145,128,2025-03-27 17:30:04,47,Delivered,747.76
3678,159,97,219,2026-07-03 21:25:53,55,Delivered,1257.89
3679,613,119,42,2026-04-27 11:44:56,29,Delivered,181.12
3680,303,75,112,2026-02-01 11:32:58,63,Delivered,1784.78
3681,791,72,109,2024-10-02 19:14:39,64,Delivered,383.22
3682,367,17,114,2025-12-22 03:48:54,21,Delivered,485.9
3683,847,129,119,2025-11-07 16:58:22,22,Delivered,1479.09
3684,773,124,137,2025-10-15 11:45:17,56,Delivered,943.9
3685,741,16,56,2026-01-10 07:56:41,21,Delivered,656.38
3686,234,136,5,2025-05-20 10:12:11,64,Delivered,879.8
3687,842,19,216,2025-02-18 20:41:10,34,Delivered,685.12
3688,471,47,99,2025-01-16 09:52:01,18,Delivered,435.05
3689,266,101,176,2025-01-01 04:41:02,48,Delivered,393.38
3690,462,48,143,2025-10-06 19:11:43,48,Delivered,1795.1
3691,460,107,110,2025-04-18 05:52:38,31,Delivered,884.78
3692,914,97,175,2026-04-15 07:46:32,28,Delivered,1710.23
3693,881,53,242,2025-01-31 00:40:29,36,Delivered,1055.01
3694,943,103,122,2026-06-18 07:08:41,41,Delivered,740.92
3695,129,56,229,2024-11-10 03:03:19,48,Delivered,981.52
3696,487,14,105,2026-02-08 10:22:58,57,Delivered,1465.6
3697,530,134,101,2025-03-04 21:25:08,52,Delivered,441.0
3698,711,86,200,2025-07-22 01:56:28,38,Delivered,578.52
3699,356,7,176,2024-12-21 01:06:07,48,Preparing,1146.57
3700,149,122,52,2026-06-19 13:00:20,51,Delivered,288.28
3701,927,84,153,2025-05-09 01:25:30,69,Delivered,1720.05
3702,796,3,81,2025-12-28 21:54:35,27,Delivered,1367.48
3703,422,116,15,2024-09-11 19:19:39,62,Delivered,1132.37
3704,475,128,182,2025-05-08 07:28:38,36,Delivered,412.0
3705,871,20,151,2025-09-14 23:48:16,60,Cancelled,548.05
3706,801,135,67,2025-01-28 06:05:35,24,Delivered,936.81
3707,881,104,192,2025-01-19 18:12:20,68,Delivered,1352.26
3708,185,16,181,2025-02-04 18:23:56,26,Delivered,1211.72
3709,494,27,28,2025-02-16 14:06:37,63,Delivered,916.9
3710,380,126,110,2025-01-02 04:47:59,53,Delivered,961.5
3711,434,43,15,2026-04-23 06:38:12,64,Delivered,1167.7
3712,557,96,30,2024-08-25 01:01:26,33,Delivered,1061.6
3713,591,142,60,2026-04-18 08:49:43,17,Delivered,1700.99
3714,856,109,245,2026-01-15 15:11:29,52,Delivered,1114.45
3715,826,46,48,2025-02-01 03:57:36,16,Cancelled,1382.35
3716,985,146,204,2024-09-27 07:07:55,50,Delivered,1794.86
3717,912,69,48,2024-09-28 04:19:54,58,Delivered,967.5
3718,80,16,109,2026-01-28 17:53:07,49,Delivered,267.9
3719,476,5,236,2026-05-08 04:52:23,28,Delivered,282.64
3720,947,50,115,2025-05-09 05:21:33,64,Delivered,715.02
3721,12,9,75,2026-05-18 23:43:14,52,Delivered,454.84
3722,856,118,47,2025-12-30 06:32:40,31,Preparing,771.61
3723,230,29,221,2025-09-12 22:50:18,66,Delivered,1079.28
3724,802,114,111,2025-08-21 01:02:06,30,Preparing,158.79
3725,228,145,9,2025-06-09 03:43:19,62,Delivered,1683.89
3726,267,16,41,2024-08-19 19:17:13,37,Delivered,1161.03
3727,564,84,28,2025-05-15 10:49:12,59,Delivered,1367.96
3728,231,33,119,2026-02-07 08:19:57,59,Delivered,1400.88
3729,185,139,221,2025-02-21 12:11:14,20,Delivered,1094.78
3730,842,100,57,2025-05-12 07:00:12,37,Delivered,642.47
3731,791,145,210,2026-05-30 19:35:02,42,Delivered,1520.23
3732,736,108,116,2025-07-26 17:15:24,40,Delivered,1509.7
3733,465,43,142,2026-03-25 15:14:45,56,Delivered,1762.43
3734,603,126,68,2026-02-14 08:02:04,54,Delivered,1117.53
3735,24,116,186,2025-05-28 07:11:24,15,Delivered,1051.12
3736,309,1,108,2026-07-10 15:34:08,62,Delivered,749.59
3737,423,6,44,2026-01-15 20:52:12,17,Delivered,1247.43
3738,945,27,145,2025-10-09 21:56:40,68,Delivered,1131.79
3739,170,48,198,2026-01-04 11:02:20,19,Preparing,1431.44
3740,968,77,226,2025-02-22 15:54:12,67,Delivered,203.75
3741,266,139,147,2025-08-20 22:38:05,17,Delivered,436.03
3742,161,90,246,2025-04-12 00:33:16,27,Delivered,435.97
3743,981,43,63,2026-04-08 09:16:22,37,Delivered,404.04
3744,384,85,89,2025-07-16 07:57:52,69,Preparing,337.31
3745,906,58,87,2025-06-05 19:43:44,33,Delivered,1334.56
3746,920,9,58,2025-10-27 20:45:55,69,Delivered,982.08
3747,568,144,73,2026-02-02 04:09:02,59,Delivered,1179.24
3748,774,63,50,2026-06-24 03:56:29,25,Delivered,556.38
3749,942,42,152,2026-02-08 17:35:21,42,Delivered,1489.55
3750,28,89,145,2026-04-09 11:46:23,62,Delivered,1799.71
3751,237,32,33,2025-02-22 10:05:25,68,Preparing,594.62
3752,277,24,42,2026-02-09 15:50:28,52,Delivered,1437.12
3753,770,101,81,2026-03-20 18:18:09,70,Delivered,1164.4
3754,975,15,31,2026-06-29 06:28:35,24,Delivered,969.08
3755,203,20,124,2026-07-10 16:28:57,44,Delivered,763.3
3756,164,17,233,2025-12-04 20:21:07,15,Delivered,1132.24
3757,888,69,165,2025-04-15 15:45:57,20,Delivered,1637.78
3758,351,26,151,2024-12-30 22:01:17,23,Delivered,886.46
3759,720,59,26,2025-05-05 01:35:44,45,Delivered,1342.2
3760,132,109,219,2025-01-31 10:07:48,32,Delivered,399.39
3761,874,131,162,2025-07-03 04:04:54,40,Delivered,319.76
3762,928,37,180,2025-05-13 00:13:34,16,Cancelled,852.44
3763,460,59,7,2025-10-10 09:10:12,15,Delivered,411.26
3764,760,137,232,2025-07-30 19:45:04,32,Delivered,376.76
3765,63,49,43,2026-05-25 21:45:23,60,Delivered,733.82
3766,236,85,91,2025-02-24 10:37:13,15,Delivered,596.99
3767,738,36,26,2025-05-30 08:05:21,52,Delivered,644.2
3768,683,13,133,2025-05-25 09:22:36,69,Delivered,1663.59
3769,473,36,67,2026-07-22 08:13:39,44,Delivered,359.3
3770,710,65,221,2026-02-14 14:55:03,23,Delivered,304.15
3771,559,61,182,2025-11-02 22:33:15,67,Delivered,1466.53
3772,330,139,203,2026-03-24 12:22:43,22,Delivered,1364.32
3773,993,2,78,2025-08-23 14:12:24,64,Delivered,962.85
3774,442,127,163,2025-05-22 00:15:34,39,Delivered,477.15
3775,214,61,194,2026-04-16 19:06:26,25,Delivered,1777.19
3776,441,91,25,2024-09-16 10:47:00,37,Cancelled,1705.55
3777,170,88,120,2025-06-28 18:14:02,60,Delivered,628.23
3778,444,71,15,2025-01-07 02:31:02,48,Delivered,980.7
3779,804,92,189,2026-07-02 17:33:39,48,Delivered,1518.74
3780,555,44,250,2025-03-03 19:45:48,64,Delivered,871.45
3781,813,123,35,2024-11-04 07:09:25,40,Delivered,179.68
3782,521,69,102,2024-09-28 11:39:33,45,Delivered,1114.43
3783,173,93,79,2024-12-13 14:35:47,28,Cancelled,1202.12
3784,327,96,21,2025-04-21 16:18:39,65,Delivered,428.48
3785,163,45,47,2025-03-07 20:34:38,70,Delivered,1395.72
3786,547,47,91,2025-05-12 09:41:27,61,Delivered,1690.81
3787,416,44,194,2024-08-15 05:59:06,34,Delivered,1061.58
3788,194,65,226,2025-09-17 23:43:00,26,Delivered,299.56
3789,969,44,203,2026-01-22 00:22:04,25,Delivered,601.32
3790,295,146,147,2026-07-04 12:41:46,26,Delivered,1450.3
3791,621,107,101,2024-08-04 05:09:12,25,Delivered,881.58
3792,138,105,103,2025-10-16 21:10:37,15,Delivered,1521.22
3793,351,14,247,2025-04-12 23:12:30,52,Delivered,470.44
3794,69,123,215,2026-07-17 18:14:19,33,Delivered,180.96
3795,238,20,13,2026-05-11 13:21:56,62,Delivered,1098.62
3796,252,95,196,2026-07-26 17:36:39,27,Delivered,443.1
3797,165,77,215,2025-11-21 07:56:48,44,Delivered,1716.9
3798,228,98,219,2026-07-11 08:51:27,15,Delivered,842.79
3799,22,136,37,2026-07-29 02:27:34,44,Delivered,211.5
3800,410,72,103,2025-03-24 00:17:41,22,Preparing,1384.8
3801,851,15,122,2025-08-27 16:10:56,42,Cancelled,795.02
3802,224,135,183,2024-10-05 01:21:34,37,Delivered,1094.53
3803,234,119,45,2026-04-22 21:51:52,27,Delivered,298.72
3804,846,109,169,2025-04-20 11:05:55,24,Cancelled,1260.94
3805,211,51,202,2024-12-20 00:58:34,41,Delivered,1210.81
3806,812,67,73,2026-03-11 16:44:31,60,Delivered,868.2
3807,141,52,184,2025-06-04 01:18:26,21,Delivered,605.44
3808,837,74,30,2025-11-03 22:44:16,62,Delivered,444.82
3809,482,100,134,2024-11-16 19:41:48,38,Delivered,843.37
3810,941,9,109,2025-04-06 00:28:54,69,Delivered,1453.56
3811,619,75,47,2026-03-31 23:27:33,54,Preparing,1501.0
3812,902,110,208,2026-07-29 03:29:24,19,Delivered,1566.27
3813,103,131,141,2025-05-13 09:29:19,43,Delivered,292.8
3814,867,127,159,2025-10-19 05:39:40,54,Delivered,434.52
3815,715,47,11,2025-05-21 05:13:42,25,Delivered,511.67
3816,316,69,198,2025-06-02 11:32:19,32,Delivered,968.75
3817,225,69,89,2025-03-20 16:50:13,42,Delivered,1463.62
3818,514,100,147,2026-05-15 19:17:28,31,Delivered,1405.41
3819,12,43,92,2025-07-11 00:19:30,70,Delivered,1034.51
3820,764,58,97,2024-12-17 05:06:16,68,Delivered,839.74
3821,582,11,72,2024-10-24 17:02:51,59,Delivered,476.47
3822,445,69,17,2026-05-22 22:57:38,56,Delivered,1729.51
3823,610,87,59,2026-07-15 16:44:40,47,Cancelled,1182.61
3824,321,124,190,2025-01-31 02:40:22,32,Delivered,794.84
3825,286,61,83,2024-08-08 14:02:47,64,Delivered,176.41
3826,818,9,149,2025-07-16 01:47:34,64,Delivered,1030.49
3827,269,110,13,2026-06-04 21:39:34,34,Delivered,1218.45
3828,421,25,76,2025-02-28 13:58:01,29,Delivered,1727.71
3829,536,68,71,2024-11-12 05:57:51,28,Delivered,803.7
3830,385,22,139,2025-01-31 03:56:39,63,Delivered,1225.51
3831,877,90,225,2025-05-10 20:28:33,41,Delivered,833.25
3832,479,34,174,2026-03-24 12:21:29,39,Delivered,816.82
3833,947,18,95,2026-02-06 06:54:53,57,Delivered,1295.11
3834,532,96,210,2025-10-29 03:59:09,48,Delivered,1092.57
3835,961,16,39,2024-10-29 05:34:23,43,Delivered,1298.03
3836,591,29,3,2025-02-20 10:26:30,64,Delivered,701.96
3837,715,117,167,2024-12-17 02:39:31,68,Delivered,785.35
3838,298,61,94,2025-05-23 22:49:46,41,Delivered,856.87
3839,346,10,59,2024-11-01 05:50:02,60,Delivered,590.56
3840,436,131,63,2026-07-23 20:14:25,28,Delivered,947.03
3841,451,55,6,2026-04-22 00:49:58,67,Delivered,1306.39
3842,909,31,141,2025-03-08 03:22:21,23,Delivered,452.63
3843,421,122,234,2024-09-07 22:47:27,51,Delivered,1430.57
3844,630,5,198,2025-12-29 16:18:59,47,Delivered,1217.62
3845,442,85,56,2025-02-19 17:13:57,47,Delivered,1265.82
3846,828,12,100,2025-12-16 10:48:14,45,Delivered,1094.86
3847,210,78,175,2025-09-24 23:01:43,67,Delivered,999.81
3848,633,129,194,2025-10-25 07:09:00,45,Preparing,189.72
3849,865,81,205,2024-12-27 20:17:41,55,Delivered,186.15
3850,687,78,147,2025-02-06 13:05:01,23,Delivered,344.61
3851,467,16,68,2026-04-05 17:22:46,56,Cancelled,847.27
3852,717,20,140,2026-06-25 23:40:36,70,Delivered,1343.43
3853,31,105,101,2024-11-28 07:55:13,28,Delivered,250.97
3854,72,103,196,2025-06-16 18:11:22,25,Delivered,1737.56
3855,918,4,122,2026-04-24 07:38:38,27,Preparing,1107.36
3856,182,131,215,2024-10-27 10:20:04,54,Delivered,1792.07
3857,836,138,239,2025-03-19 20:31:30,25,Delivered,1077.06
3858,429,83,248,2026-03-24 09:13:29,64,Delivered,1477.07
3859,475,24,118,2025-04-01 01:53:33,62,Preparing,160.03
3860,434,79,157,2026-06-17 08:12:12,31,Delivered,1119.07
3861,162,8,53,2025-03-26 00:42:08,60,Delivered,1033.68
3862,977,61,249,2025-01-10 21:17:11,20,Delivered,541.72
3863,335,78,176,2026-02-07 01:22:01,55,Delivered,181.81
3864,290,92,199,2026-04-18 21:26:17,51,Delivered,840.6
3865,28,98,154,2024-09-10 10:23:41,26,Delivered,710.96
3866,552,113,49,2025-07-15 18:25:36,15,Delivered,1793.79
3867,544,42,246,2025-10-12 03:10:47,32,Delivered,1655.56
3868,761,72,169,2025-06-14 13:51:57,65,Delivered,239.6
3869,151,20,120,2025-01-15 22:49:24,61,Delivered,833.57
3870,515,2,99,2025-12-21 23:32:11,55,Delivered,1207.47
3871,680,57,174,2026-03-19 09:19:47,22,Delivered,1214.58
3872,594,14,27,2025-07-19 17:21:33,39,Delivered,566.79
3873,791,149,236,2025-01-20 14:34:25,61,Delivered,1637.07
3874,670,131,24,2024-10-18 00:53:02,36,Delivered,1700.15
3875,794,12,30,2026-07-03 21:48:49,45,Delivered,1138.48
3876,160,106,162,2026-01-08 18:07:39,34,Delivered,1601.73
3877,209,8,132,2026-06-30 23:05:55,55,Delivered,1004.01
3878,920,17,117,2024-08-12 02:24:44,25,Delivered,1022.34
3879,616,107,141,2024-08-21 08:32:13,26,Delivered,1421.15
3880,853,77,216,2025-09-16 22:57:05,48,Delivered,1711.77
3881,677,5,118,2025-12-12 12:41:30,24,Delivered,1238.62
3882,990,87,244,2026-01-13 02:18:39,51,Delivered,1217.3
3883,647,71,23,2026-02-16 17:56:33,19,Delivered,153.6
3884,960,29,185,2024-10-31 19:26:03,53,Cancelled,785.05
3885,113,44,205,2025-08-18 01:42:58,45,Delivered,368.51
3886,571,9,136,2026-07-29 07:07:50,23,Delivered,546.18
3887,123,117,15,2025-09-14 08:55:09,55,Delivered,439.13
3888,945,108,50,2026-04-28 11:48:55,58,Preparing,586.53
3889,276,56,84,2025-05-01 18:50:26,66,Delivered,1189.85
3890,189,65,86,2026-07-13 10:57:23,48,Delivered,1593.82
3891,922,2,21,2024-12-05 18:51:34,26,Delivered,1381.52
3892,830,37,77,2024-11-16 10:15:09,25,Delivered,766.99
3893,418,5,150,2026-07-22 21:47:47,20,Preparing,407.75
3894,229,118,94,2024-10-30 11:05:51,30,Delivered,1059.68
3895,273,146,116,2024-09-28 17:39:54,40,Delivered,1679.29
3896,61,64,157,2025-05-11 04:15:38,39,Delivered,890.62
3897,136,76,63,2026-02-15 23:39:07,39,Delivered,1543.36
3898,913,79,11,2025-09-28 11:18:26,37,Delivered,1302.36
3899,436,66,129,2025-07-10 23:23:24,63,Delivered,1029.1
3900,451,95,200,2024-10-08 19:34:43,32,Delivered,1751.98
3901,895,103,212,2026-07-10 15:48:16,59,Delivered,1597.35
3902,523,140,38,2026-07-23 09:10:58,22,Delivered,1332.8
3903,463,128,64,2025-10-04 16:24:43,48,Delivered,1699.47
3904,410,106,39,2025-03-04 04:58:28,27,Preparing,530.85
3905,40,98,104,2025-04-02 07:43:58,66,Delivered,1429.51
3906,994,136,105,2024-11-27 13:22:37,33,Delivered,363.42
3907,596,80,146,2025-01-07 11:43:02,67,Delivered,1653.76
3908,909,45,35,2025-05-06 19:38:28,62,Delivered,573.34
3909,620,135,100,2026-04-23 14:15:36,26,Delivered,827.7
3910,635,33,3,2025-12-22 02:26:42,39,Delivered,269.91
3911,465,146,150,2025-03-03 01:10:37,41,Delivered,1622.69
3912,387,40,151,2026-02-23 03:48:12,62,Delivered,1719.73
3913,562,64,56,2026-06-25 05:02:43,35,Delivered,1362.43
3914,886,103,143,2024-12-12 22:28:17,47,Delivered,967.46
3915,626,48,96,2025-06-30 08:13:00,64,Delivered,646.83
3916,253,66,135,2026-06-19 17:02:44,26,Delivered,1713.42
3917,827,65,230,2026-07-02 15:40:27,53,Delivered,307.82
3918,205,136,191,2025-08-25 16:28:02,27,Preparing,1139.16
3919,159,33,104,2026-04-09 12:11:57,15,Delivered,1629.73
3920,297,77,13,2025-07-21 20:45:06,56,Preparing,1302.35
3921,953,103,38,2025-02-15 19:50:00,68,Delivered,1382.54
3922,69,79,190,2025-02-21 11:52:20,56,Delivered,1557.3
3923,892,73,188,2026-05-15 17:27:54,51,Delivered,645.86
3924,18,53,133,2026-01-08 10:47:45,66,Delivered,680.31
3925,923,140,121,2025-12-16 07:28:48,23,Delivered,1161.28
3926,446,84,214,2026-06-20 13:48:01,57,Delivered,413.62
3927,805,35,76,2026-01-07 05:38:47,15,Delivered,1749.87
3928,665,39,15,2025-08-19 21:57:01,48,Delivered,705.78
3929,238,8,146,2024-09-04 19:40:18,46,Preparing,856.38
3930,966,27,160,2024-10-24 09:20:51,31,Delivered,1173.73
3931,129,146,241,2025-08-19 06:22:50,67,Delivered,1670.01
3932,837,9,167,2024-12-26 17:51:56,69,Delivered,1031.01
3933,901,2,22,2025-12-10 08:28:53,45,Delivered,555.91
3934,958,1,115,2024-12-03 03:15:48,54,Delivered,315.83
3935,539,111,147,2026-06-04 13:47:26,36,Preparing,402.34
3936,783,75,218,2025-12-14 11:04:28,69,Delivered,559.05
3937,962,79,126,2026-07-24 08:03:09,31,Delivered,419.56
3938,231,19,169,2026-04-23 18:24:21,27,Delivered,1170.81
3939,871,104,25,2026-01-05 16:13:49,15,Delivered,958.82
3940,202,44,19,2024-08-17 17:26:00,46,Preparing,726.86
3941,232,108,23,2026-01-17 04:02:20,63,Delivered,1244.35
3942,990,12,38,2025-09-12 23:29:11,59,Delivered,1176.32
3943,856,150,153,2025-06-13 05:40:12,61,Delivered,477.16
3944,496,50,54,2026-04-08 19:50:06,44,Delivered,642.15
3945,189,76,219,2025-04-20 06:22:32,34,Delivered,890.11
3946,564,1,200,2026-06-08 22:31:34,32,Delivered,192.36
3947,768,137,107,2026-02-25 08:53:04,70,Delivered,522.06
3948,68,2,178,2026-04-27 06:04:00,68,Delivered,680.23
3949,797,19,202,2024-11-20 16:45:51,45,Delivered,1762.8
3950,705,143,219,2025-01-17 22:25:38,64,Preparing,298.22
3951,712,62,247,2026-07-01 22:46:48,57,Delivered,1038.05
3952,356,21,69,2025-07-09 11:30:49,37,Delivered,1753.14
3953,38,19,143,2025-07-23 12:43:36,65,Delivered,152.4
3954,355,140,190,2025-07-15 21:25:52,20,Delivered,1482.8
3955,329,116,67,2024-11-08 15:14:42,32,Delivered,1171.61
3956,686,94,64,2025-10-20 11:15:58,53,Delivered,1671.01
3957,49,126,211,2025-06-28 00:50:08,45,Delivered,620.34
3958,602,63,229,2025-06-04 23:45:08,68,Delivered,1332.76
3959,327,80,31,2026-01-09 18:20:31,49,Delivered,180.32
3960,780,64,155,2025-04-06 15:43:02,65,Delivered,396.86
3961,84,139,7,2025-06-09 23:39:55,58,Delivered,781.32
3962,788,42,197,2024-12-22 07:41:52,62,Delivered,543.6
3963,381,140,142,2024-12-27 12:12:07,40,Delivered,609.86
3964,996,6,169,2025-07-27 14:14:55,43,Delivered,170.54
3965,402,83,41,2024-07-31 17:00:20,53,Delivered,299.4
3966,923,98,73,2024-10-23 15:34:23,59,Delivered,1140.52
3967,888,53,185,2025-03-02 12:04:32,30,Delivered,838.91
3968,205,15,239,2026-07-06 16:17:44,27,Delivered,922.9
3969,270,6,129,2024-09-15 04:16:20,47,Preparing,1407.44
3970,861,111,125,2025-12-12 14:20:57,17,Delivered,1742.17
3971,572,124,249,2026-05-02 17:39:31,17,Delivered,217.69
3972,696,31,154,2024-09-03 06:59:02,59,Delivered,1042.4
3973,741,73,222,2026-07-17 12:46:59,29,Delivered,479.49
3974,877,38,208,2026-03-13 20:27:31,39,Delivered,308.81
3975,551,71,142,2025-11-29 20:31:28,36,Delivered,715.8
3976,820,103,62,2026-01-23 23:25:48,26,Delivered,333.87
3977,672,104,9,2025-05-02 10:32:15,33,Preparing,1467.89
3978,689,41,38,2026-04-23 07:39:14,16,Delivered,1141.02
3979,482,2,122,2024-11-24 12:20:40,45,Preparing,749.54
3980,286,76,123,2026-04-22 01:27:38,61,Delivered,1453.43
3981,885,137,174,2025-07-05 07:12:03,58,Delivered,1665.58
3982,917,51,21,2026-07-23 07:15:47,43,Delivered,627.3
3983,764,19,211,2025-09-19 04:06:59,54,Delivered,1353.17
3984,591,70,108,2024-09-15 21:43:41,65,Delivered,789.35
3985,418,34,224,2024-08-17 03:51:14,41,Delivered,689.08
3986,778,148,97,2026-07-19 12:42:49,15,Delivered,1760.77
3987,142,99,19,2026-07-26 02:46:46,62,Delivered,177.13
3988,383,125,209,2025-05-10 11:59:33,50,Preparing,159.8
3989,929,100,133,2025-04-07 20:58:52,40,Delivered,1681.41
3990,54,101,61,2025-12-15 05:12:05,17,Delivered,543.86
3991,850,3,95,2025-09-05 07:04:18,17,Delivered,1025.99
3992,657,23,166,2025-12-22 08:51:13,55,Delivered,1531.74
3993,639,140,151,2024-09-02 12:08:11,22,Delivered,506.99
3994,45,31,43,2024-08-26 07:26:52,18,Delivered,541.48
3995,30,37,94,2024-08-17 17:28:26,23,Delivered,582.78
3996,162,52,197,2026-07-14 06:00:50,44,Delivered,1087.9
3997,713,94,60,2024-11-24 02:41:45,69,Delivered,1221.29
3998,192,101,11,2025-08-08 21:02:58,18,Delivered,1030.19
3999,45,35,221,2026-05-25 04:45:54,44,Delivered,1494.3
4000,505,76,170,2026-01-10 02:43:41,35,Delivered,601.03
4001,646,36,12,2024-12-14 11:04:06,35,Delivered,1068.78
4002,620,73,178,2026-02-15 16:10:21,33,Preparing,521.46
4003,93,32,143,2024-11-05 12:03:31,16,Delivered,349.28
4004,562,100,90,2024-09-18 02:29:51,55,Delivered,498.75
4005,908,73,196,2025-03-26 05:13:22,36,Delivered,820.14
4006,888,43,153,2024-12-20 18:34:12,65,Delivered,396.52
4007,506,127,14,2025-04-03 10:49:05,35,Delivered,776.81
4008,241,105,27,2025-07-23 18:36:36,66,Delivered,380.24
4009,555,109,8,2025-12-25 16:41:25,43,Delivered,890.7
4010,656,40,194,2026-05-17 16:49:13,41,Preparing,820.07
4011,135,51,91,2024-12-27 10:07:15,66,Preparing,753.85
4012,374,7,19,2024-10-30 04:54:20,38,Preparing,1273.48
4013,70,113,59,2025-06-24 11:58:44,58,Delivered,1719.36
4014,434,128,208,2024-08-18 14:57:30,21,Delivered,239.05
4015,540,113,147,2025-11-10 08:54:58,18,Delivered,445.75
4016,310,20,54,2025-03-19 22:52:59,30,Delivered,657.52
4017,581,68,15,2025-01-21 03:41:29,60,Delivered,585.95
4018,764,94,55,2025-10-17 15:24:12,21,Delivered,677.79
4019,962,120,150,2026-01-17 18:55:42,18,Delivered,909.39
4020,587,21,195,2026-04-05 01:00:51,56,Preparing,1201.42
4021,545,102,112,2024-11-01 22:12:09,62,Preparing,1548.56
4022,415,149,55,2026-03-18 13:11:15,42,Delivered,1610.54
4023,568,61,50,2026-07-12 11:06:17,35,Delivered,966.58
4024,643,144,118,2025-01-14 02:11:43,40,Delivered,161.41
4025,704,120,13,2026-03-13 18:04:01,64,Delivered,550.76
4026,764,123,217,2025-06-03 04:42:35,45,Delivered,296.36
4027,272,63,220,2025-09-13 00:24:55,15,Delivered,315.43
4028,191,42,7,2026-04-16 04:44:52,53,Delivered,956.63
4029,223,49,218,2025-11-28 11:50:29,67,Delivered,1315.67
4030,716,123,55,2026-01-19 05:00:20,65,Delivered,497.05
4031,882,104,75,2024-10-04 12:25:37,31,Delivered,1583.15
4032,944,35,83,2025-08-17 01:23:02,30,Delivered,1495.54
4033,958,118,97,2024-12-03 19:37:34,54,Cancelled,1227.02
4034,265,43,113,2026-07-04 15:56:49,45,Preparing,1176.22
4035,727,41,58,2024-08-25 07:30:30,61,Delivered,707.94
4036,145,12,35,2024-12-30 05:04:45,30,Delivered,185.79
4037,97,65,177,2024-10-31 12:44:45,15,Delivered,1167.8
4038,234,45,133,2024-12-29 22:40:08,32,Delivered,500.49
4039,305,127,169,2025-05-18 17:30:46,19,Delivered,1016.7
4040,911,3,205,2025-11-24 12:32:38,58,Delivered,1502.8
4041,883,22,85,2025-04-23 16:53:02,68,Delivered,714.46
4042,919,100,15,2025-04-27 17:50:29,43,Delivered,1087.85
4043,624,18,52,2026-01-30 21:44:09,50,Preparing,355.12
4044,4,101,202,2024-11-25 19:33:03,33,Preparing,502.18
4045,159,48,199,2025-09-04 11:33:47,63,Delivered,1181.94
4046,798,39,234,2026-03-23 11:06:51,23,Delivered,921.28
4047,224,53,241,2025-05-28 13:55:18,19,Delivered,1347.86
4048,717,9,245,2024-12-12 18:35:43,40,Delivered,642.92
4049,490,8,237,2026-07-03 03:36:58,66,Delivered,492.1
4050,371,14,61,2026-02-08 23:04:00,39,Delivered,702.85
4051,321,44,160,2024-08-18 20:54:33,47,Delivered,373.2
4052,295,22,187,2025-11-07 19:43:49,67,Delivered,930.31
4053,726,77,187,2025-12-11 22:52:26,18,Delivered,968.5
4054,19,112,122,2024-12-20 21:53:47,65,Delivered,985.46
4055,439,117,108,2025-10-19 03:44:21,23,Delivered,1677.91
4056,863,111,213,2026-02-13 03:53:19,25,Delivered,216.02
4057,724,104,49,2025-12-01 07:20:36,66,Delivered,1770.48
4058,650,104,227,2026-05-24 21:30:04,65,Delivered,829.18
4059,73,73,147,2025-08-09 11:51:53,43,Delivered,1131.77
4060,662,54,27,2026-03-30 02:04:47,48,Preparing,1768.55
4061,716,147,174,2025-02-05 05:44:43,46,Delivered,1533.76
4062,726,72,216,2025-04-22 05:34:50,53,Delivered,575.18
4063,936,130,110,2024-11-05 08:16:24,17,Delivered,1173.36
4064,323,81,4,2026-02-07 15:12:08,70,Delivered,1308.63
4065,678,54,37,2025-05-15 04:36:35,67,Delivered,1589.45
4066,304,56,33,2025-11-19 00:51:33,23,Delivered,1759.34
4067,264,98,26,2025-04-28 15:55:17,23,Delivered,1335.69
4068,600,137,207,2026-05-02 14:31:40,56,Delivered,1580.59
4069,107,85,158,2026-06-22 20:56:15,33,Delivered,710.07
4070,258,5,2,2026-05-27 21:29:19,59,Delivered,1280.34
4071,448,42,36,2025-12-23 03:16:56,27,Delivered,1754.08
4072,721,78,241,2026-01-10 11:26:06,46,Delivered,1514.07
4073,952,42,88,2025-01-10 16:01:25,40,Delivered,1381.76
4074,713,126,17,2026-07-05 12:39:59,69,Delivered,976.96
4075,145,33,53,2025-01-27 07:22:14,43,Delivered,1050.96
4076,495,15,85,2024-11-21 07:07:52,57,Delivered,1548.9
4077,70,100,134,2024-12-07 07:27:59,18,Delivered,277.11
4078,749,52,179,2024-11-23 04:12:00,61,Delivered,1210.02
4079,411,79,120,2025-12-08 02:48:35,62,Preparing,1139.11
4080,996,70,101,2026-01-18 12:10:37,16,Delivered,685.54
4081,439,114,160,2026-03-19 19:21:27,32,Delivered,1464.69
4082,198,139,62,2026-04-22 20:17:29,15,Cancelled,1565.83
4083,456,40,52,2025-07-07 21:56:22,40,Delivered,233.65
4084,557,16,147,2025-01-21 06:07:11,24,Delivered,783.92
4085,136,2,26,2026-01-23 05:37:09,41,Delivered,1636.43
4086,751,116,176,2025-11-19 11:38:25,47,Delivered,608.34
4087,512,134,243,2024-12-23 17:19:25,40,Delivered,1390.15
4088,368,127,91,2026-06-23 03:50:16,21,Preparing,434.04
4089,482,111,71,2025-09-07 16:16:20,15,Delivered,787.58
4090,458,87,134,2025-11-09 17:31:35,65,Delivered,1483.79
4091,877,34,75,2025-11-13 06:02:45,58,Delivered,267.63
4092,392,91,66,2024-12-11 10:49:55,35,Delivered,438.96
4093,263,78,67,2024-07-30 04:04:29,19,Delivered,1121.4
4094,484,76,2,2025-03-09 05:44:05,24,Delivered,1524.76
4095,207,136,105,2025-05-07 11:20:45,49,Preparing,178.03
4096,795,60,215,2026-05-22 12:03:55,35,Delivered,1580.98
4097,748,17,116,2025-07-31 23:35:16,16,Preparing,823.55
4098,47,77,208,2026-01-16 22:14:23,32,Delivered,500.07
4099,659,106,16,2026-01-18 17:10:04,26,Delivered,1294.58
4100,749,13,139,2026-05-03 10:15:37,54,Delivered,518.51
4101,624,72,192,2026-06-23 18:23:13,19,Delivered,1252.16
4102,13,150,198,2026-03-28 05:41:59,42,Delivered,1509.06
4103,488,125,223,2026-05-05 23:36:41,69,Preparing,1627.28
4104,899,125,35,2025-01-17 13:00:57,68,Delivered,1783.55
4105,569,69,29,2026-03-28 08:25:44,28,Delivered,1155.5
4106,540,4,77,2025-04-30 01:17:17,35,Preparing,915.66
4107,363,97,193,2025-01-20 05:11:07,59,Delivered,1779.96
4108,998,4,147,2024-11-06 10:02:18,35,Delivered,1204.61
4109,229,147,65,2025-01-21 02:20:58,58,Delivered,705.69
4110,849,141,12,2025-06-22 19:02:47,23,Delivered,863.12
4111,173,65,70,2025-06-25 14:03:19,24,Delivered,1484.42
4112,46,60,249,2024-10-04 17:19:47,20,Delivered,1025.24
4113,999,36,86,2025-08-27 01:50:04,48,Delivered,1538.53
4114,18,120,49,2025-04-26 22:08:58,69,Delivered,217.43
4115,99,145,191,2024-08-25 01:28:13,43,Delivered,927.42
4116,546,112,118,2025-07-28 18:25:54,38,Delivered,1726.85
4117,117,80,18,2025-06-02 11:55:57,47,Cancelled,1367.39
4118,931,134,185,2024-10-08 05:46:59,25,Delivered,976.42
4119,773,34,215,2026-07-03 20:39:04,53,Delivered,1208.29
4120,895,102,179,2024-09-05 02:06:44,47,Delivered,606.15
4121,585,108,41,2025-09-30 05:08:37,30,Delivered,512.64
4122,995,110,8,2025-07-20 16:02:41,62,Delivered,1342.24
4123,386,72,43,2024-09-02 10:51:27,44,Delivered,942.93
4124,951,133,54,2025-08-30 07:39:27,21,Delivered,881.7
4125,717,1,99,2024-12-21 15:36:56,40,Delivered,1124.09
4126,673,23,96,2025-05-27 06:41:20,20,Preparing,1023.89
4127,915,24,120,2025-11-12 15:19:47,49,Delivered,636.59
4128,151,98,211,2025-08-19 17:49:42,38,Delivered,1079.16
4129,425,141,152,2026-04-02 01:16:27,68,Delivered,843.67
4130,157,61,35,2024-10-30 21:16:27,44,Delivered,513.1
4131,486,31,116,2026-03-14 20:40:33,54,Delivered,1105.8
4132,156,44,59,2025-08-25 19:49:51,45,Delivered,1095.79
4133,37,110,81,2026-04-16 19:42:47,67,Delivered,1469.1
4134,556,115,15,2024-11-29 02:13:18,57,Cancelled,612.94
4135,478,115,149,2026-05-04 13:27:54,35,Delivered,266.49
4136,811,114,108,2026-05-23 00:40:04,46,Delivered,484.17
4137,538,20,210,2024-12-31 07:59:38,70,Delivered,1180.12
4138,41,116,192,2025-05-21 02:21:36,28,Delivered,259.41
4139,598,17,83,2024-08-28 00:36:18,46,Delivered,1070.41
4140,310,95,131,2024-10-13 16:52:26,53,Delivered,1184.86
4141,172,104,212,2024-08-09 01:28:40,50,Delivered,584.9
4142,525,114,106,2025-08-14 17:44:27,28,Delivered,1571.05
4143,983,5,176,2024-11-02 21:45:14,45,Delivered,399.05
4144,608,103,175,2024-11-27 05:02:06,21,Delivered,1693.83
4145,806,8,162,2025-06-01 23:26:15,69,Delivered,295.56
4146,900,140,26,2024-10-14 13:29:54,24,Preparing,1217.62
4147,553,134,165,2025-04-30 04:40:47,39,Delivered,1443.83
4148,101,131,197,2025-12-11 21:35:03,23,Delivered,193.81
4149,848,126,2,2026-05-16 15:27:58,40,Delivered,1404.7
4150,989,10,224,2026-04-29 19:02:21,22,Delivered,1117.13
4151,225,124,200,2025-10-02 01:47:19,24,Delivered,387.56
4152,567,60,58,2025-01-17 16:46:43,32,Preparing,993.78
4153,953,112,170,2026-06-22 15:17:28,34,Delivered,899.3
4154,48,63,183,2025-10-05 16:32:31,35,Delivered,959.87
4155,472,131,158,2026-01-06 12:05:30,41,Cancelled,1441.85
4156,886,58,250,2025-10-07 04:47:47,27,Delivered,1289.35
4157,14,125,114,2025-12-02 01:05:50,30,Delivered,1413.8
4158,861,56,26,2024-12-18 02:44:59,35,Delivered,1193.01
4159,698,82,113,2026-01-28 11:56:30,58,Preparing,739.84
4160,660,24,135,2024-10-06 16:32:51,45,Delivered,1264.58
4161,757,57,133,2026-05-27 07:00:32,32,Delivered,612.26
4162,46,80,95,2025-08-15 23:37:18,47,Delivered,322.71
4163,79,80,17,2025-12-28 12:46:45,34,Cancelled,1719.11
4164,668,27,193,2026-04-06 14:12:26,24,Preparing,1763.33
4165,813,83,218,2026-05-13 22:05:10,18,Delivered,1033.99
4166,455,30,84,2025-11-30 14:33:08,55,Delivered,1501.57
4167,796,137,155,2025-07-01 17:42:03,19,Delivered,1111.59
4168,449,116,159,2026-07-16 00:17:34,43,Delivered,1591.62
4169,146,60,164,2026-01-29 13:22:39,34,Delivered,1185.48
4170,366,110,132,2026-03-12 23:04:16,33,Delivered,1760.94
4171,589,76,7,2025-02-17 16:08:23,63,Preparing,1502.01
4172,434,110,245,2025-09-16 22:28:31,34,Delivered,259.55
4173,224,35,157,2026-05-27 16:18:49,35,Delivered,1401.33
4174,519,54,223,2025-02-14 16:02:25,22,Delivered,1709.09
4175,375,116,181,2026-03-26 09:40:35,25,Delivered,1310.45
4176,151,113,60,2025-06-06 17:21:49,21,Delivered,1736.86
4177,793,54,182,2025-08-04 16:58:20,17,Delivered,1519.28
4178,340,144,95,2024-12-31 15:27:56,60,Delivered,1210.18
4179,842,59,59,2025-04-06 23:08:14,26,Delivered,770.26
4180,755,96,18,2025-07-07 20:29:26,50,Delivered,1369.13
4181,551,64,150,2026-03-06 12:28:32,42,Delivered,189.54
4182,478,54,77,2025-02-18 01:46:54,33,Delivered,1546.82
4183,727,66,100,2024-11-07 19:59:35,26,Delivered,719.87
4184,648,147,92,2024-11-18 19:17:33,49,Delivered,285.85
4185,643,125,69,2025-01-08 00:51:29,62,Preparing,1682.99
4186,118,109,17,2025-01-13 08:56:17,43,Delivered,171.66
4187,166,43,20,2026-01-16 15:56:05,47,Delivered,817.41
4188,566,19,166,2024-11-24 17:17:45,68,Preparing,1620.55
4189,102,59,202,2024-11-16 01:46:58,63,Delivered,601.2
4190,492,99,179,2024-12-01 09:58:33,18,Delivered,570.99
4191,576,53,178,2026-07-13 08:54:28,46,Delivered,624.87
4192,754,33,152,2026-02-02 03:29:22,66,Delivered,356.87
4193,415,74,171,2025-08-27 22:00:41,55,Preparing,1752.3
4194,790,8,208,2024-08-11 04:19:44,24,Delivered,1557.02
4195,357,8,148,2025-12-04 01:56:44,61,Delivered,784.38
4196,839,48,30,2024-10-19 11:56:37,50,Cancelled,835.77
4197,464,118,32,2026-03-07 00:12:48,53,Delivered,1783.41
4198,424,112,244,2025-11-12 20:48:31,19,Delivered,1795.68
4199,765,101,235,2025-03-12 21:29:21,30,Delivered,1488.66
4200,944,9,35,2025-02-11 03:53:12,65,Delivered,361.21
4201,697,57,69,2024-11-25 15:42:37,54,Delivered,215.37
4202,922,54,186,2025-04-23 21:24:43,43,Preparing,1063.65
4203,913,108,125,2025-10-07 04:39:19,37,Delivered,176.64
4204,486,116,158,2025-12-31 17:48:40,19,Delivered,1198.85
4205,283,104,31,2026-05-26 13:00:17,32,Delivered,1167.69
4206,217,63,199,2026-02-24 06:41:26,69,Delivered,905.57
4207,872,102,233,2025-10-11 17:54:06,38,Delivered,656.83
4208,890,97,209,2024-11-25 21:34:11,18,Delivered,783.15
4209,502,33,98,2026-02-06 05:59:27,28,Delivered,1114.52
4210,769,92,189,2026-04-23 15:01:49,56,Delivered,1160.36
4211,343,92,150,2025-12-27 14:06:01,63,Delivered,451.47
4212,702,113,97,2026-01-12 08:58:03,69,Cancelled,1489.62
4213,306,12,7,2025-12-01 10:28:08,28,Preparing,1748.43
4214,942,141,83,2026-05-28 05:25:12,15,Preparing,1375.87
4215,343,88,17,2024-12-19 02:00:13,61,Delivered,493.67
4216,960,70,200,2024-12-14 19:35:02,33,Preparing,572.1
4217,563,103,124,2026-02-19 08:59:04,24,Delivered,1652.5
4218,235,147,1,2025-04-29 19:41:54,34,Delivered,547.98
4219,240,17,65,2025-06-08 15:47:02,38,Delivered,1356.5
4220,713,22,96,2024-09-11 11:03:51,58,Delivered,1107.43
4221,203,39,92,2025-05-17 21:49:04,20,Delivered,1299.53
4222,603,118,135,2024-12-18 05:38:53,48,Delivered,1509.43
4223,219,17,35,2026-04-27 19:03:41,70,Delivered,627.7
4224,598,83,74,2026-06-19 03:01:18,30,Delivered,1223.54
4225,436,25,132,2025-11-21 00:37:18,27,Delivered,1021.76
4226,383,129,14,2025-04-17 05:36:47,18,Delivered,1299.57
4227,492,63,22,2025-01-09 00:02:09,34,Delivered,289.11
4228,95,17,65,2025-05-13 16:28:39,29,Delivered,1032.52
4229,175,27,242,2025-12-20 15:55:30,66,Delivered,1467.41
4230,80,141,117,2024-09-05 08:42:41,21,Delivered,1257.79
4231,647,135,82,2026-06-28 06:48:34,42,Delivered,695.6
4232,466,14,105,2025-05-27 16:24:28,56,Delivered,1532.46
4233,147,110,211,2025-02-02 05:15:58,52,Delivered,553.25
4234,829,19,96,2026-05-07 03:56:11,31,Delivered,1376.03
4235,13,104,9,2026-06-25 20:28:27,18,Delivered,239.48
4236,982,129,111,2025-12-04 14:49:55,70,Delivered,1217.6
4237,965,86,233,2026-04-03 22:49:34,59,Delivered,688.63
4238,851,36,44,2026-02-09 21:41:48,33,Delivered,308.13
4239,808,40,7,2025-08-04 22:47:24,40,Delivered,210.5
4240,323,20,66,2026-05-31 12:50:54,35,Delivered,1084.54
4241,20,25,221,2026-04-10 11:04:57,40,Delivered,562.25
4242,870,133,37,2025-02-04 01:59:08,23,Delivered,375.44
4243,39,9,82,2024-09-18 20:19:42,29,Cancelled,1118.73
4244,189,46,13,2026-05-24 05:26:23,38,Delivered,1230.77
4245,98,12,218,2025-12-14 04:32:29,19,Delivered,492.76
4246,548,79,54,2024-10-26 04:26:30,29,Delivered,467.53
4247,658,45,94,2025-09-14 22:45:31,26,Delivered,1726.34
4248,120,55,41,2024-09-10 02:39:53,30,Delivered,569.37
4249,853,106,174,2025-02-24 23:41:51,33,Delivered,507.35
4250,191,129,103,2025-06-02 06:46:57,34,Delivered,641.62
4251,454,110,204,2026-01-11 02:08:14,15,Delivered,1113.02
4252,441,110,50,2026-04-05 23:47:49,32,Delivered,239.94
4253,830,150,244,2025-08-15 00:54:04,37,Delivered,1388.08
4254,652,122,161,2025-02-28 06:25:58,70,Delivered,606.6
4255,587,141,164,2024-10-18 06:19:08,55,Delivered,1176.02
4256,851,60,92,2026-05-02 22:28:20,40,Delivered,301.99
4257,705,46,99,2025-01-28 14:45:10,40,Delivered,698.65
4258,868,17,69,2024-08-02 23:12:27,46,Delivered,793.64
4259,162,95,202,2025-08-10 05:08:53,30,Cancelled,992.98
4260,635,107,107,2025-12-30 16:38:05,34,Delivered,930.01
4261,379,57,64,2025-03-30 22:18:40,40,Delivered,1301.65
4262,164,74,225,2025-01-23 00:32:34,43,Delivered,1715.8
4263,946,101,112,2026-05-25 12:54:40,61,Delivered,534.99
4264,214,144,149,2025-10-06 04:00:01,59,Delivered,1677.79
4265,131,148,142,2025-03-22 21:05:48,36,Delivered,404.26
4266,208,100,127,2026-03-20 19:49:20,52,Delivered,320.38
4267,487,21,41,2024-10-31 20:13:51,56,Delivered,1214.02
4268,957,108,244,2025-12-18 10:04:42,27,Delivered,1052.64
4269,230,83,70,2025-10-08 08:05:11,28,Preparing,622.92
4270,562,85,129,2025-04-06 16:33:26,62,Delivered,1253.45
4271,27,106,201,2024-11-21 09:42:50,21,Delivered,1038.36
4272,304,145,121,2024-08-08 14:09:17,52,Delivered,1166.25
4273,771,140,202,2026-06-19 03:58:06,57,Delivered,308.7
4274,882,58,173,2025-12-23 16:39:24,47,Delivered,799.52
4275,801,132,168,2024-09-22 18:48:10,27,Delivered,295.83
4276,251,6,128,2025-01-15 17:59:31,66,Delivered,365.82
4277,61,121,177,2026-03-22 20:15:19,25,Delivered,1425.89
4278,966,25,71,2025-05-24 09:17:02,49,Delivered,1493.96
4279,982,142,232,2024-12-11 14:43:03,60,Delivered,1628.79
4280,396,71,147,2025-06-05 18:09:47,28,Delivered,1765.7
4281,293,102,201,2025-12-24 13:17:41,27,Delivered,641.45
4282,792,114,102,2024-09-11 14:16:15,26,Delivered,608.65
4283,148,149,213,2025-08-28 04:43:00,55,Delivered,1540.04
4284,304,89,193,2026-03-30 10:30:24,40,Delivered,1496.31
4285,613,28,118,2025-03-08 20:18:33,23,Delivered,1115.38
4286,826,77,3,2025-12-26 18:49:40,28,Delivered,1094.88
4287,518,21,171,2025-06-04 04:57:07,22,Delivered,832.46
4288,933,99,184,2025-01-23 02:50:37,33,Delivered,295.91
4289,420,116,173,2025-10-15 12:04:14,16,Delivered,1616.86
4290,230,56,85,2026-05-03 07:46:12,29,Delivered,204.22
4291,979,100,28,2026-02-08 09:04:20,25,Delivered,1426.04
4292,29,30,103,2025-07-31 20:42:06,64,Delivered,1086.68
4293,279,150,9,2025-12-21 06:06:57,63,Delivered,471.23
4294,238,70,249,2025-05-08 20:36:37,32,Delivered,1664.11
4295,430,124,169,2025-05-24 23:15:22,66,Delivered,1281.32
4296,547,26,73,2024-09-16 04:43:57,17,Delivered,1050.07
4297,708,68,23,2025-03-29 19:45:34,61,Delivered,267.41
4298,445,127,154,2026-02-16 10:59:17,28,Delivered,1790.06
4299,931,140,24,2025-03-01 02:21:46,21,Delivered,1759.28
4300,593,22,198,2026-04-04 06:15:08,16,Delivered,664.06
4301,921,42,229,2025-08-02 21:29:31,17,Delivered,1077.01
4302,903,107,219,2024-09-02 01:00:03,41,Preparing,816.93
4303,558,9,192,2025-05-05 20:58:25,19,Cancelled,1143.67
4304,253,75,37,2025-04-02 09:18:49,22,Preparing,1420.02
4305,265,129,230,2025-02-09 08:27:59,62,Preparing,648.9
4306,268,40,16,2025-10-13 18:26:00,28,Delivered,273.23
4307,63,123,145,2024-09-23 13:09:10,57,Delivered,1531.6
4308,951,26,53,2026-04-10 21:13:33,49,Delivered,281.73
4309,807,124,26,2024-12-11 10:20:20,69,Delivered,292.58
4310,508,30,53,2026-07-26 16:26:10,23,Delivered,311.31
4311,699,80,238,2025-11-27 10:54:44,69,Delivered,1793.99
4312,311,119,172,2025-12-23 11:00:23,70,Delivered,1751.57
4313,534,143,206,2024-09-19 07:57:17,56,Delivered,301.83
4314,136,137,118,2025-05-11 02:54:06,69,Delivered,673.24
4315,931,125,240,2024-10-04 05:35:32,59,Delivered,1683.57
4316,219,112,122,2025-06-26 14:14:38,69,Delivered,959.92
4317,302,110,49,2026-02-08 14:22:50,53,Delivered,1064.28
4318,988,21,10,2025-02-21 23:13:19,55,Delivered,1164.2
4319,114,98,32,2024-09-23 00:05:34,65,Delivered,622.34
4320,256,39,31,2024-09-27 06:06:13,37,Delivered,229.01
4321,728,61,22,2025-10-11 20:45:07,36,Delivered,234.81
4322,612,111,248,2026-03-16 08:45:48,57,Delivered,259.61
4323,562,65,209,2026-07-12 08:06:09,37,Delivered,1797.26
4324,180,128,190,2026-01-02 23:27:04,34,Cancelled,153.33
4325,649,94,73,2025-04-20 20:59:11,46,Delivered,257.26
4326,725,120,150,2025-04-11 08:12:31,49,Delivered,1162.41
4327,534,135,235,2025-06-26 16:58:06,37,Delivered,1147.44
4328,519,146,244,2025-02-25 00:52:30,53,Delivered,246.28
4329,379,28,152,2024-08-11 04:41:43,55,Delivered,712.21
4330,463,90,241,2025-10-14 11:10:55,57,Preparing,493.54
4331,373,130,76,2026-07-24 00:20:32,24,Cancelled,453.98
4332,654,23,117,2025-12-31 21:01:24,24,Delivered,369.89
4333,670,93,104,2024-10-07 23:55:43,38,Delivered,781.59
4334,9,122,6,2025-10-19 15:16:08,57,Delivered,635.2
4335,670,71,29,2026-02-09 00:00:41,68,Delivered,1778.27
4336,388,131,166,2025-05-17 02:12:47,41,Cancelled,580.12
4337,807,132,114,2025-11-01 05:07:48,64,Delivered,1596.97
4338,4,106,105,2025-01-09 08:32:39,49,Delivered,1259.32
4339,996,26,125,2025-10-31 01:20:45,23,Delivered,162.72
4340,418,44,50,2025-04-04 10:09:21,47,Delivered,350.83
4341,892,42,36,2025-07-14 06:09:09,29,Delivered,394.34
4342,180,143,40,2025-09-27 00:36:54,33,Delivered,608.23
4343,335,40,135,2025-08-18 19:46:29,27,Delivered,1149.89
4344,610,77,9,2025-05-02 22:31:12,15,Delivered,214.37
4345,770,142,69,2026-04-15 05:05:02,43,Delivered,341.11
4346,382,27,181,2024-12-19 15:37:05,22,Preparing,722.6
4347,31,81,50,2024-09-13 19:42:02,35,Preparing,1707.07
4348,950,38,43,2025-08-03 16:26:25,64,Delivered,1126.88
4349,946,2,203,2026-04-14 02:30:43,42,Delivered,1205.27
4350,959,93,245,2024-07-29 11:22:04,46,Delivered,217.54
4351,778,119,135,2026-04-20 03:27:18,30,Delivered,1678.95
4352,18,19,7,2024-11-12 13:01:45,34,Delivered,624.7
4353,888,85,63,2024-08-12 04:03:22,34,Delivered,699.31
4354,778,33,202,2025-02-11 01:21:48,63,Delivered,1645.54
4355,953,68,74,2024-12-07 02:49:50,45,Delivered,1469.78
4356,295,33,141,2025-07-01 14:59:51,17,Delivered,1208.57
4357,691,143,238,2024-11-29 00:22:20,54,Delivered,786.12
4358,775,89,128,2025-12-28 21:02:07,50,Delivered,1747.31
4359,690,59,119,2024-08-09 15:26:56,50,Delivered,340.42
4360,150,25,57,2024-09-22 07:18:40,67,Delivered,1346.89
4361,736,114,65,2025-11-24 18:24:56,30,Delivered,814.12
4362,590,4,82,2026-06-02 09:17:20,67,Delivered,683.22
4363,353,127,201,2025-12-17 12:13:38,38,Delivered,655.0
4364,787,6,140,2025-08-18 10:04:03,63,Delivered,1100.26
4365,755,1,214,2024-10-11 16:50:53,41,Delivered,859.38
4366,653,13,177,2024-11-11 15:54:57,34,Delivered,402.82
4367,623,140,110,2026-02-15 06:24:10,15,Delivered,1351.01
4368,398,85,108,2025-12-24 23:14:53,44,Delivered,896.37
4369,280,96,114,2024-10-06 19:37:12,17,Delivered,675.27
4370,455,107,24,2024-11-22 07:35:55,29,Delivered,1074.23
4371,307,142,15,2025-03-24 21:23:15,23,Delivered,1197.78
4372,525,72,50,2024-09-23 23:46:51,45,Delivered,1166.34
4373,165,102,76,2025-01-01 19:04:40,32,Delivered,1426.89
4374,511,47,83,2025-10-16 00:25:51,66,Cancelled,165.1
4375,289,48,62,2025-02-03 07:30:30,62,Delivered,563.38
4376,218,78,132,2026-03-05 01:54:59,15,Delivered,601.95
4377,466,33,79,2026-02-05 13:10:07,22,Delivered,714.31
4378,965,102,154,2025-06-28 01:14:29,21,Delivered,707.76
4379,470,73,217,2026-07-02 17:24:53,52,Preparing,783.88
4380,855,128,145,2025-11-22 20:50:05,66,Delivered,417.55
4381,169,95,116,2025-06-07 11:56:21,18,Delivered,1408.77
4382,227,37,159,2025-07-23 11:56:59,65,Delivered,1139.64
4383,368,47,239,2025-09-15 06:21:28,29,Delivered,681.56
4384,551,36,135,2025-10-12 02:24:05,39,Delivered,611.23
4385,934,36,155,2025-12-13 19:26:39,42,Delivered,1642.95
4386,707,24,114,2025-07-16 14:53:44,25,Delivered,637.56
4387,161,36,213,2025-06-09 09:36:22,23,Delivered,293.57
4388,476,139,238,2024-08-26 06:52:21,64,Delivered,346.72
4389,701,62,152,2025-10-11 23:53:19,26,Cancelled,781.04
4390,215,122,220,2025-09-08 11:03:04,68,Delivered,515.13
4391,130,91,193,2025-08-01 16:05:11,17,Preparing,349.83
4392,237,41,129,2025-01-12 12:57:50,17,Delivered,1437.39
4393,842,92,2,2024-09-24 16:35:26,26,Delivered,839.68
4394,688,150,13,2024-12-04 04:51:31,21,Delivered,1210.93
4395,217,96,159,2025-06-25 05:29:54,29,Delivered,953.9
4396,619,16,1,2025-08-14 02:01:54,18,Delivered,453.28
4397,596,88,111,2026-06-22 19:54:48,21,Delivered,453.94
4398,349,97,184,2025-08-08 21:34:04,60,Delivered,1305.02
4399,66,132,190,2025-01-24 17:43:19,38,Delivered,1139.51
4400,3,116,149,2024-09-29 03:01:29,54,Delivered,385.33
4401,1,74,204,2026-04-09 19:16:18,64,Delivered,1476.27
4402,223,35,191,2025-11-08 14:32:26,29,Delivered,785.37
4403,643,120,120,2026-03-19 12:31:26,65,Delivered,274.52
4404,340,97,75,2024-12-20 01:09:12,43,Delivered,1532.48
4405,455,4,201,2024-11-08 11:25:06,62,Delivered,637.92
4406,776,91,51,2025-07-04 03:37:31,58,Delivered,1655.52
4407,943,21,172,2025-12-17 12:19:37,43,Preparing,856.05
4408,431,110,88,2025-05-27 12:31:57,18,Delivered,1237.08
4409,664,108,18,2026-01-04 07:30:28,23,Delivered,1099.57
4410,568,23,211,2026-03-14 23:27:40,59,Delivered,936.7
4411,57,105,170,2024-08-20 01:25:08,19,Delivered,1181.16
4412,160,34,63,2025-07-21 15:40:25,19,Delivered,794.81
4413,642,141,175,2025-04-18 11:09:38,43,Delivered,1188.18
4414,490,110,53,2026-01-20 05:42:27,36,Delivered,399.43
4415,701,125,32,2025-10-20 01:24:11,49,Delivered,406.27
4416,890,36,97,2025-09-14 01:13:56,67,Delivered,1338.76
4417,663,132,95,2025-09-17 10:16:17,41,Delivered,971.67
4418,86,74,217,2025-11-23 21:41:17,24,Delivered,467.73
4419,42,8,241,2025-08-02 03:02:41,62,Delivered,1519.79
4420,792,63,146,2025-12-14 23:04:19,63,Delivered,1647.98
4421,153,63,180,2025-09-25 03:24:26,59,Delivered,386.28
4422,448,89,154,2025-06-20 13:32:28,57,Delivered,1554.9
4423,390,54,33,2025-04-28 19:03:11,45,Delivered,1033.36
4424,265,27,126,2025-01-29 07:50:26,57,Delivered,1472.39
4425,509,106,88,2026-05-13 00:33:57,51,Delivered,1775.96
4426,918,54,236,2025-12-06 03:34:09,48,Delivered,305.51
4427,798,71,171,2026-07-26 01:15:37,70,Delivered,789.93
4428,362,42,180,2025-01-06 15:01:05,42,Delivered,453.58
4429,456,57,224,2025-12-01 03:34:12,38,Delivered,388.42
4430,188,72,81,2026-01-12 01:41:32,37,Delivered,1482.87
4431,255,126,244,2025-10-16 02:08:58,68,Delivered,797.22
4432,953,99,158,2026-06-28 04:46:42,45,Preparing,579.29
4433,452,131,76,2026-07-10 10:04:47,52,Delivered,421.73
4434,834,148,74,2026-01-22 10:28:33,60,Delivered,348.52
4435,315,105,161,2026-01-18 07:24:07,23,Delivered,1731.65
4436,593,34,249,2025-03-25 21:22:03,51,Delivered,782.08
4437,952,86,220,2025-01-02 18:00:21,22,Delivered,1259.08
4438,888,108,197,2024-10-26 14:39:10,23,Delivered,1595.1
4439,729,127,46,2025-11-09 03:08:18,53,Preparing,1370.5
4440,720,6,158,2024-10-08 06:51:16,43,Delivered,505.59
4441,702,69,222,2025-11-30 08:55:48,23,Delivered,1099.62
4442,309,112,223,2026-03-19 02:41:03,65,Delivered,1636.71
4443,191,38,202,2025-05-21 22:49:59,27,Delivered,964.16
4444,564,2,74,2025-04-10 11:05:41,37,Preparing,1343.02
4445,475,36,96,2025-03-25 21:21:17,22,Cancelled,630.66
4446,672,14,118,2024-12-22 09:06:41,16,Delivered,1222.05
4447,543,35,24,2024-08-22 01:07:09,33,Delivered,1273.05
4448,970,37,199,2025-08-31 03:06:37,30,Delivered,1214.43
4449,902,40,178,2026-01-02 02:37:47,18,Preparing,1302.88
4450,277,82,17,2026-02-12 06:01:11,60,Preparing,955.59
4451,785,114,4,2026-03-31 06:52:29,40,Delivered,1189.73
4452,688,36,218,2025-10-21 04:17:55,70,Delivered,1483.22
4453,437,52,2,2025-12-05 18:50:25,22,Delivered,378.23
4454,813,39,7,2025-04-15 03:58:38,67,Preparing,230.87
4455,910,133,75,2024-12-17 04:27:17,47,Preparing,358.73
4456,837,65,198,2025-01-26 04:13:15,70,Delivered,487.58
4457,771,55,109,2024-11-02 21:54:06,69,Delivered,1100.82
4458,24,131,43,2024-11-18 11:31:16,59,Delivered,819.03
4459,742,22,179,2024-09-02 13:04:34,28,Delivered,1555.51
4460,656,65,156,2024-11-29 04:55:03,33,Cancelled,1596.57
4461,614,35,7,2024-10-31 02:05:15,50,Preparing,1663.42
4462,287,146,184,2025-10-27 07:06:04,68,Delivered,1580.69
4463,150,67,160,2024-09-20 20:29:50,38,Delivered,304.41
4464,578,56,96,2025-04-28 10:46:32,18,Delivered,1749.05
4465,896,1,20,2026-05-14 04:37:05,21,Cancelled,631.43
4466,113,122,89,2024-08-16 07:57:06,65,Cancelled,1330.4
4467,917,16,139,2026-03-22 17:02:15,18,Delivered,1014.47
4468,522,148,164,2025-04-26 05:19:24,63,Delivered,208.94
4469,262,18,16,2025-08-10 18:37:41,33,Delivered,549.28
4470,357,104,99,2026-04-17 07:25:41,47,Delivered,1283.72
4471,854,85,49,2025-05-18 18:29:27,48,Delivered,320.0
4472,528,56,123,2025-02-25 13:19:55,34,Delivered,731.23
4473,52,51,11,2025-03-05 17:04:55,54,Delivered,320.13
4474,413,133,239,2025-10-09 09:21:33,35,Delivered,888.17
4475,499,116,141,2025-12-08 05:33:16,31,Delivered,1737.41
4476,623,10,40,2025-07-18 07:44:59,44,Delivered,1234.15
4477,415,135,178,2026-04-11 02:02:56,50,Delivered,486.94
4478,719,27,112,2026-07-14 22:31:45,20,Delivered,1001.33
4479,399,109,205,2025-03-06 17:23:33,48,Preparing,336.16
4480,583,147,121,2025-08-05 20:13:05,67,Delivered,873.59
4481,594,134,52,2024-08-03 09:55:18,57,Delivered,832.81
4482,488,11,185,2026-02-01 06:54:05,35,Cancelled,699.19
4483,550,54,96,2024-09-05 20:30:23,27,Delivered,1211.98
4484,69,90,109,2024-07-29 23:43:15,35,Delivered,397.42
4485,379,64,94,2024-11-15 00:32:37,30,Preparing,1104.53
4486,608,131,42,2025-06-20 23:00:59,33,Delivered,810.3
4487,146,25,120,2025-10-08 00:12:57,64,Delivered,703.0
4488,45,18,175,2025-07-24 16:05:40,36,Delivered,591.68
4489,436,110,141,2025-06-01 08:51:02,46,Delivered,493.23
4490,835,52,2,2025-03-23 20:57:19,24,Delivered,712.6
4491,162,119,46,2025-03-26 05:11:11,45,Delivered,859.5
4492,574,57,66,2025-09-25 04:30:19,35,Delivered,762.11
4493,757,16,43,2025-12-27 21:07:56,35,Delivered,1004.47
4494,967,77,110,2026-03-13 07:50:30,21,Preparing,157.29
4495,558,120,210,2025-07-02 03:19:54,27,Preparing,162.63
4496,939,145,237,2025-08-18 15:18:47,45,Delivered,1341.4
4497,9,117,196,2025-06-05 11:05:57,68,Delivered,1577.3
4498,865,43,244,2025-03-17 07:52:28,45,Delivered,924.09
4499,942,30,31,2025-10-16 15:45:30,63,Delivered,381.34
4500,132,124,168,2025-07-11 21:36:34,47,Preparing,477.39
4501,799,16,3,2025-11-01 17:26:53,43,Preparing,391.6
4502,50,37,184,2025-07-13 16:43:26,69,Delivered,469.21
4503,692,75,126,2026-07-16 06:09:10,28,Cancelled,1741.11
4504,358,124,218,2025-03-26 11:12:05,67,Delivered,887.61
4505,481,25,194,2026-06-16 07:38:44,54,Delivered,1443.11
4506,925,110,240,2024-10-06 05:06:28,22,Delivered,1111.23
4507,487,28,97,2025-06-20 02:58:17,38,Delivered,866.93
4508,791,103,104,2026-04-24 00:53:26,64,Delivered,638.39
4509,622,97,135,2025-01-01 10:08:51,69,Delivered,624.49
4510,273,5,5,2025-05-24 14:41:32,54,Delivered,401.36
4511,959,73,242,2026-06-20 18:08:29,23,Preparing,776.77
4512,730,94,51,2025-04-25 00:29:26,64,Delivered,480.48
4513,712,47,33,2025-06-25 10:29:37,68,Delivered,275.3
4514,265,63,160,2026-01-16 11:43:55,60,Delivered,185.06
4515,710,73,123,2024-08-24 07:07:58,57,Delivered,232.61
4516,117,86,127,2025-02-13 15:04:40,65,Delivered,338.58
4517,930,85,10,2026-05-26 09:57:33,62,Delivered,222.36
4518,407,39,108,2025-04-11 20:50:21,15,Delivered,203.95
4519,411,90,144,2024-08-23 17:10:49,51,Delivered,1254.55
4520,865,120,233,2024-08-15 23:16:35,36,Delivered,1574.8
4521,941,53,57,2025-06-09 23:04:35,35,Delivered,975.65
4522,212,92,126,2025-02-03 18:56:09,20,Delivered,327.86
4523,585,104,121,2025-04-29 05:59:07,51,Delivered,566.05
4524,249,130,237,2025-03-30 12:36:24,41,Preparing,789.11
4525,291,62,208,2026-01-23 00:25:11,24,Delivered,492.65
4526,966,127,178,2025-01-16 09:38:12,23,Delivered,822.65
4527,374,38,200,2025-07-29 07:48:14,48,Delivered,798.19
4528,342,68,220,2024-12-30 18:30:28,52,Preparing,1781.03
4529,511,33,75,2024-08-27 07:05:40,15,Delivered,206.73
4530,902,37,6,2025-10-29 10:44:02,49,Delivered,231.89
4531,312,97,203,2026-02-23 03:37:28,16,Delivered,1122.23
4532,573,87,72,2025-05-24 23:20:31,28,Delivered,967.59
4533,118,103,245,2025-02-25 15:25:23,56,Delivered,244.08
4534,661,51,61,2025-10-10 22:45:10,35,Cancelled,1544.28
4535,932,56,98,2025-06-25 10:23:10,53,Delivered,1523.8
4536,206,4,23,2025-11-19 21:08:58,18,Delivered,212.23
4537,54,135,211,2024-12-20 21:36:23,53,Delivered,258.84
4538,455,134,30,2025-07-24 18:37:37,61,Delivered,1701.85
4539,875,137,248,2025-07-06 21:26:07,17,Delivered,1212.1
4540,972,60,86,2024-09-28 11:39:02,59,Preparing,256.37
4541,557,47,160,2024-10-22 10:23:47,58,Delivered,1370.33
4542,51,68,181,2026-06-14 16:50:30,29,Delivered,838.31
4543,91,63,198,2025-12-04 06:35:34,41,Delivered,1030.75
4544,659,7,132,2025-10-11 05:57:17,65,Delivered,381.55
4545,141,110,134,2025-12-15 23:46:53,19,Delivered,1773.83
4546,780,147,78,2025-05-03 04:52:16,64,Delivered,1300.72
4547,263,118,217,2024-11-12 17:58:31,15,Cancelled,1653.74
4548,226,19,213,2025-10-14 06:13:46,70,Preparing,209.95
4549,358,141,243,2026-01-20 14:53:22,28,Delivered,1373.78
4550,9,111,128,2025-05-20 08:09:54,27,Delivered,1170.91
4551,298,36,25,2025-01-18 01:42:14,50,Delivered,355.91
4552,316,36,171,2025-04-04 11:11:37,42,Delivered,932.71
4553,418,92,166,2025-01-04 23:34:08,16,Delivered,321.35
4554,832,125,110,2024-09-05 13:07:08,45,Delivered,312.18
4555,508,123,102,2026-01-19 16:04:25,70,Cancelled,1236.03
4556,556,56,105,2025-05-13 04:45:15,30,Delivered,1017.84
4557,681,92,7,2025-11-02 02:22:11,20,Delivered,804.25
4558,795,42,118,2025-07-25 23:29:40,40,Delivered,412.21
4559,436,111,112,2026-02-07 12:57:11,43,Delivered,1290.36
4560,12,146,180,2024-08-04 05:51:22,59,Delivered,1211.91
4561,88,102,210,2024-12-15 06:55:07,35,Delivered,1057.99
4562,657,138,248,2025-05-10 21:40:16,53,Delivered,630.87
4563,598,62,207,2025-04-26 17:36:38,35,Delivered,325.18
4564,332,88,160,2024-10-22 14:20:54,45,Delivered,401.28
4565,331,127,98,2024-12-01 12:19:41,33,Delivered,1533.7
4566,935,143,95,2025-09-12 23:06:11,62,Delivered,673.19
4567,947,19,236,2024-12-01 04:41:25,60,Preparing,630.0
4568,792,113,28,2025-07-23 10:22:03,64,Delivered,946.7
4569,597,49,147,2025-06-15 06:11:59,19,Preparing,379.47
4570,981,91,223,2026-01-03 21:38:52,40,Delivered,303.14
4571,546,113,21,2025-01-05 08:32:35,56,Delivered,1762.04
4572,539,110,11,2025-06-25 09:18:05,18,Cancelled,745.75
4573,45,2,184,2025-03-18 20:31:10,53,Delivered,595.12
4574,721,47,134,2025-01-27 09:58:12,43,Delivered,1616.84
4575,358,119,13,2024-09-27 22:19:15,55,Delivered,177.49
4576,145,51,5,2026-05-22 20:39:51,22,Delivered,1597.36
4577,349,4,17,2025-03-29 23:09:48,56,Delivered,1528.76
4578,37,127,71,2025-11-18 00:50:08,25,Delivered,1748.91
4579,412,89,39,2025-03-11 07:09:42,26,Delivered,1554.12
4580,418,54,211,2026-07-10 16:04:56,22,Delivered,175.87
4581,173,11,4,2025-09-09 11:17:34,65,Preparing,1204.25
4582,21,35,208,2025-11-23 05:25:23,31,Delivered,1642.75
4583,667,109,36,2026-05-20 05:32:10,31,Delivered,1097.46
4584,373,62,121,2025-10-06 17:03:38,65,Delivered,625.66
4585,26,84,127,2026-05-12 21:30:27,65,Delivered,1481.15
4586,781,71,79,2025-10-14 17:32:42,40,Preparing,1735.7
4587,377,105,174,2026-03-14 01:16:42,64,Preparing,571.93
4588,738,98,139,2025-04-15 13:49:13,46,Delivered,747.11
4589,312,65,241,2025-11-16 04:53:21,38,Delivered,695.01
4590,68,72,98,2025-05-30 16:21:21,56,Delivered,1055.81
4591,550,108,91,2025-04-25 21:24:36,70,Delivered,1249.32
4592,894,69,130,2026-07-15 16:05:50,27,Delivered,1076.58
4593,877,59,170,2025-03-04 20:39:50,37,Delivered,1708.75
4594,646,41,219,2025-06-15 14:04:01,41,Delivered,506.13
4595,402,77,133,2025-12-21 17:27:08,35,Delivered,198.34
4596,679,118,122,2025-07-01 15:30:53,38,Delivered,157.55
4597,521,75,63,2025-02-06 16:50:11,25,Delivered,1223.23
4598,790,144,56,2025-03-17 22:39:40,57,Delivered,565.51
4599,250,111,153,2025-04-11 16:46:12,59,Delivered,1033.69
4600,365,7,196,2026-03-06 11:52:17,61,Delivered,676.56
4601,62,93,185,2025-02-17 08:26:17,17,Delivered,1027.82
4602,411,119,43,2026-06-08 10:21:06,61,Delivered,234.38
4603,202,72,45,2026-06-28 23:44:35,63,Delivered,473.65
4604,47,120,115,2026-07-16 05:56:20,29,Preparing,958.54
4605,146,81,70,2025-03-12 23:46:52,55,Delivered,719.84
4606,644,2,62,2026-02-27 23:28:00,50,Preparing,254.67
4607,142,86,144,2025-01-17 00:50:43,37,Delivered,213.45
4608,136,2,77,2025-03-24 19:43:12,36,Delivered,455.24
4609,576,25,80,2026-01-30 18:55:41,28,Delivered,1609.79
4610,143,119,153,2025-02-13 23:46:13,31,Delivered,1283.0
4611,701,60,212,2026-03-31 05:30:42,29,Delivered,1173.73
4612,853,85,49,2024-09-23 18:13:54,20,Delivered,1346.06
4613,103,29,37,2026-04-05 00:01:00,30,Delivered,1100.57
4614,282,43,103,2026-06-25 12:59:58,37,Delivered,910.19
4615,271,39,142,2025-03-23 05:42:35,42,Delivered,777.5
4616,188,89,29,2025-11-16 09:47:08,59,Delivered,749.74
4617,229,136,50,2024-10-31 06:57:03,50,Delivered,727.66
4618,300,88,245,2025-06-01 06:35:22,20,Delivered,1398.39
4619,42,21,150,2025-10-14 07:38:27,29,Delivered,279.35
4620,682,78,89,2026-07-19 20:45:24,68,Delivered,1397.07
4621,226,117,179,2025-11-09 19:13:13,17,Preparing,839.5
4622,486,48,140,2025-10-29 14:55:39,69,Delivered,901.79
4623,254,114,65,2025-02-04 00:58:48,39,Delivered,1541.68
4624,867,23,171,2026-03-05 22:07:07,35,Delivered,768.01
4625,434,43,195,2025-11-12 21:25:09,42,Delivered,317.48
4626,772,109,8,2025-02-02 09:16:19,47,Delivered,345.57
4627,1000,114,101,2026-05-07 16:22:31,25,Delivered,1175.37
4628,61,109,147,2026-01-28 04:29:21,29,Delivered,1523.23
4629,247,6,203,2026-05-26 06:40:35,69,Delivered,1170.47
4630,345,19,112,2025-02-14 19:55:06,62,Delivered,247.87
4631,344,9,183,2025-02-28 06:35:10,36,Delivered,1505.48
4632,553,37,235,2025-10-21 06:10:47,67,Delivered,1267.35
4633,741,108,113,2025-07-14 06:43:57,29,Delivered,314.93
4634,178,56,72,2025-03-07 11:58:06,65,Delivered,1429.41
4635,942,143,136,2025-01-20 22:12:25,17,Delivered,717.86
4636,959,24,169,2025-10-18 14:48:37,33,Delivered,244.35
4637,379,63,103,2026-06-13 07:01:09,34,Delivered,1567.38
4638,149,142,45,2025-02-23 11:57:55,65,Delivered,326.66
4639,262,34,121,2026-06-10 07:21:36,38,Delivered,878.58
4640,478,48,156,2025-06-12 10:56:56,54,Delivered,1335.25
4641,300,7,192,2025-02-18 23:00:34,33,Delivered,470.24
4642,88,134,218,2024-08-11 09:42:50,60,Delivered,643.61
4643,447,96,58,2025-09-10 11:36:22,65,Delivered,212.92
4644,669,41,171,2026-03-10 15:37:32,52,Delivered,345.86
4645,658,28,83,2026-01-05 03:28:58,16,Delivered,1277.48
4646,118,120,155,2026-05-10 00:04:41,23,Delivered,1440.73
4647,348,17,233,2025-12-21 16:01:38,43,Delivered,416.84
4648,115,110,37,2026-01-23 11:10:06,58,Delivered,1377.0
4649,749,129,126,2025-10-08 01:59:01,29,Delivered,406.77
4650,101,141,64,2024-12-09 03:29:10,40,Delivered,274.6
4651,330,114,56,2024-11-19 13:06:18,58,Delivered,1433.72
4652,117,7,92,2025-01-19 11:02:46,23,Delivered,1276.03
4653,500,1,114,2024-09-04 03:32:36,56,Delivered,1553.23
4654,759,21,96,2025-11-01 21:49:51,70,Delivered,569.59
4655,326,14,3,2025-04-09 23:23:39,66,Preparing,159.7
4656,795,97,191,2025-08-21 19:36:07,66,Delivered,1074.76
4657,569,9,228,2025-06-20 09:17:04,28,Delivered,660.97
4658,355,15,44,2024-11-05 17:16:50,53,Delivered,809.61
4659,780,102,13,2025-11-11 07:43:21,30,Delivered,228.41
4660,9,53,70,2026-02-10 14:17:30,41,Delivered,907.74
4661,357,77,161,2025-08-03 13:58:24,19,Delivered,1343.94
4662,246,109,139,2026-02-11 01:24:07,47,Delivered,274.6
4663,250,141,171,2026-07-25 10:31:52,23,Delivered,268.26
4664,893,81,26,2025-01-14 19:09:05,30,Delivered,769.24
4665,103,140,80,2025-10-19 03:51:05,25,Delivered,312.59
4666,549,141,44,2025-12-30 16:44:12,38,Delivered,436.79
4667,790,141,190,2026-04-25 02:10:51,27,Delivered,276.72
4668,771,100,134,2025-09-16 04:41:45,22,Delivered,1201.34
4669,228,107,216,2025-12-10 03:26:16,15,Delivered,1082.81
4670,684,23,167,2026-03-19 13:22:39,59,Delivered,555.13
4671,390,4,120,2026-06-14 09:28:38,62,Delivered,1315.61
4672,664,125,110,2025-09-07 19:29:16,45,Delivered,220.52
4673,363,34,21,2025-10-24 14:39:55,31,Delivered,314.54
4674,52,122,234,2026-05-26 14:17:45,15,Delivered,865.61
4675,276,144,94,2026-07-24 08:01:42,70,Delivered,1460.85
4676,688,137,215,2025-02-23 11:23:50,53,Delivered,447.5
4677,470,2,136,2024-10-14 13:10:05,38,Delivered,331.71
4678,800,150,193,2025-02-07 14:31:35,20,Delivered,1467.6
4679,312,93,67,2024-11-28 13:08:35,38,Delivered,929.81
4680,632,102,89,2024-10-17 12:58:54,36,Delivered,339.56
4681,191,117,110,2024-08-04 06:12:41,46,Delivered,874.66
4682,752,30,177,2026-06-23 14:55:29,63,Delivered,975.79
4683,769,37,217,2026-03-11 13:35:29,42,Delivered,734.72
4684,110,35,190,2025-10-15 13:52:02,40,Delivered,779.78
4685,795,113,140,2025-07-10 03:03:03,29,Preparing,764.22
4686,507,54,118,2024-11-06 07:54:55,21,Delivered,1546.01
4687,538,123,192,2024-09-14 14:27:01,33,Delivered,226.79
4688,747,36,56,2026-01-16 23:46:10,58,Delivered,1333.69
4689,979,74,171,2024-12-10 16:45:50,39,Preparing,648.18
4690,807,101,227,2024-10-26 11:57:26,39,Delivered,850.03
4691,745,56,1,2026-05-28 08:56:28,33,Preparing,332.24
4692,825,118,107,2025-08-04 21:50:04,64,Delivered,642.01
4693,642,27,96,2026-03-12 16:20:24,26,Delivered,524.16
4694,616,102,137,2024-08-31 17:39:40,62,Delivered,1613.84
4695,426,68,123,2025-08-05 01:25:55,16,Delivered,790.69
4696,387,138,145,2025-04-08 21:57:27,39,Delivered,1638.95
4697,950,6,56,2025-03-20 03:15:27,39,Delivered,1436.03
4698,237,1,8,2026-06-27 12:32:00,32,Delivered,952.6
4699,618,59,103,2026-05-21 12:58:46,61,Delivered,1540.85
4700,784,89,148,2025-09-04 20:24:40,26,Delivered,389.2
4701,978,30,170,2025-04-25 04:00:45,56,Delivered,1692.82
4702,393,85,154,2024-12-25 18:01:13,29,Delivered,222.07
4703,271,13,97,2025-03-09 00:48:48,62,Preparing,389.5
4704,97,21,140,2025-11-30 15:07:07,43,Delivered,997.38
4705,288,123,32,2026-01-31 08:19:31,48,Delivered,294.38
4706,117,115,179,2026-03-30 07:13:28,52,Delivered,1710.9
4707,668,14,218,2025-06-14 16:38:56,67,Delivered,1267.29
4708,539,134,168,2025-05-12 20:58:03,31,Delivered,937.16
4709,292,149,158,2025-04-16 13:39:41,43,Delivered,243.85
4710,166,35,28,2025-07-31 03:45:27,46,Delivered,610.61
4711,875,105,203,2026-04-11 17:11:09,36,Preparing,737.31
4712,756,25,142,2025-10-26 21:59:49,54,Delivered,318.31
4713,964,3,111,2024-11-08 12:32:18,19,Delivered,1192.54
4714,702,81,105,2026-05-27 09:07:19,70,Delivered,1788.7
4715,205,25,44,2026-03-25 03:45:46,53,Delivered,1725.89
4716,853,91,115,2024-11-03 16:00:58,67,Delivered,1580.11
4717,425,27,108,2024-08-27 00:42:22,53,Delivered,827.36
4718,500,144,130,2025-02-03 22:06:13,19,Delivered,1534.65
4719,217,135,219,2024-08-05 22:56:04,59,Delivered,1219.65
4720,909,150,14,2024-08-31 09:26:25,40,Delivered,1713.8
4721,715,13,30,2025-03-20 10:57:00,63,Delivered,1508.44
4722,512,20,110,2025-03-02 02:23:17,46,Delivered,1462.32
4723,713,44,30,2025-10-12 05:18:01,39,Delivered,1773.05
4724,200,108,236,2025-06-30 06:11:54,22,Delivered,549.43
4725,482,135,85,2026-05-18 22:10:29,32,Delivered,1394.62
4726,47,80,177,2025-03-22 11:42:18,53,Delivered,550.41
4727,689,42,154,2025-05-21 09:13:43,37,Delivered,763.09
4728,796,86,129,2026-07-20 13:29:05,29,Delivered,844.81
4729,991,61,175,2024-09-16 20:13:07,53,Preparing,1054.46
4730,851,32,40,2024-11-21 07:33:42,45,Cancelled,1798.66
4731,224,40,38,2026-02-11 01:11:13,35,Delivered,1621.76
4732,109,113,208,2025-11-15 14:14:38,32,Delivered,1140.33
4733,758,48,83,2025-01-18 14:51:46,50,Cancelled,260.17
4734,757,66,214,2025-10-12 03:13:21,46,Cancelled,1631.75
4735,927,28,210,2024-09-09 11:29:14,60,Preparing,1316.0
4736,416,10,32,2026-04-29 06:37:20,59,Delivered,534.9
4737,613,67,92,2024-08-19 08:02:06,31,Delivered,493.05
4738,792,143,65,2024-11-15 22:04:06,35,Delivered,668.02
4739,223,14,155,2026-06-25 23:16:15,30,Delivered,1423.49
4740,482,103,134,2026-02-21 17:43:59,57,Delivered,1429.03
4741,637,12,167,2026-06-08 10:01:39,52,Delivered,1241.64
4742,372,149,138,2025-05-01 09:35:16,44,Delivered,607.98
4743,747,9,144,2024-10-19 21:22:01,62,Delivered,1579.3
4744,720,28,118,2024-11-11 23:28:07,45,Delivered,1621.86
4745,337,24,108,2026-03-25 23:08:01,40,Delivered,259.8
4746,212,56,247,2024-10-26 05:31:48,54,Delivered,1691.6
4747,464,8,123,2025-01-03 13:06:38,59,Delivered,940.06
4748,232,76,250,2026-02-19 01:16:27,15,Delivered,447.43
4749,136,44,166,2026-05-30 23:26:56,25,Delivered,1709.41
4750,97,135,226,2025-07-22 11:58:05,65,Delivered,528.73
4751,829,16,106,2025-04-13 23:01:57,58,Preparing,454.97
4752,241,112,81,2026-05-26 20:35:54,34,Preparing,305.34
4753,558,26,167,2025-05-30 16:34:05,65,Delivered,592.95
4754,304,142,224,2026-05-31 09:36:11,69,Delivered,1254.51
4755,685,8,41,2025-05-01 18:18:12,59,Delivered,1484.04
4756,773,95,2,2025-09-12 18:25:14,59,Delivered,874.71
4757,360,24,31,2026-01-29 04:33:58,57,Delivered,852.56
4758,67,87,107,2025-11-03 03:22:13,32,Delivered,1474.47
4759,292,27,80,2025-05-29 05:35:50,46,Delivered,1174.65
4760,635,17,230,2024-12-23 21:14:50,27,Delivered,677.87
4761,851,35,77,2025-04-11 23:28:37,68,Delivered,304.01
4762,649,15,131,2025-10-24 09:19:20,67,Delivered,1569.13
4763,684,19,7,2025-04-17 02:46:45,56,Delivered,782.5
4764,632,69,47,2025-11-28 20:22:39,62,Delivered,1783.63
4765,37,45,62,2026-01-06 07:48:09,45,Delivered,779.65
4766,598,109,154,2026-05-12 04:29:08,26,Delivered,1090.25
4767,240,60,138,2025-07-30 04:11:20,39,Delivered,562.58
4768,855,17,161,2024-07-30 20:42:54,67,Delivered,1394.92
4769,624,5,214,2025-10-03 10:30:30,54,Delivered,1442.68
4770,313,33,72,2026-07-29 02:54:50,56,Delivered,395.51
4771,3,97,109,2025-06-28 05:51:28,58,Delivered,1378.72
4772,277,105,49,2026-04-16 05:31:14,27,Delivered,1263.0
4773,552,59,244,2024-09-28 07:58:49,30,Delivered,929.86
4774,105,135,98,2026-07-15 17:51:41,42,Preparing,569.76
4775,39,130,112,2025-10-17 15:24:00,64,Delivered,1489.69
4776,180,73,64,2025-11-14 11:07:50,61,Delivered,783.14
4777,636,35,142,2025-01-14 16:48:49,36,Delivered,892.12
4778,210,88,211,2024-09-20 11:45:33,68,Delivered,1572.25
4779,168,144,163,2025-02-16 20:37:26,48,Delivered,1781.35
4780,624,70,226,2026-01-28 06:53:43,45,Delivered,1578.29
4781,255,146,110,2025-05-05 01:39:46,66,Preparing,1591.48
4782,433,73,84,2025-10-01 05:48:49,28,Delivered,308.61
4783,883,121,104,2025-03-17 19:04:24,36,Delivered,905.55
4784,822,141,134,2024-12-22 23:35:09,27,Delivered,1407.34
4785,818,88,71,2025-02-15 12:37:30,23,Delivered,1716.74
4786,218,71,73,2026-01-20 11:29:16,62,Delivered,1214.34
4787,683,97,133,2025-04-09 06:01:18,42,Delivered,1121.92
4788,626,149,67,2025-06-02 01:43:52,44,Delivered,1306.31
4789,469,6,224,2025-05-26 08:15:03,70,Cancelled,864.83
4790,53,22,217,2025-01-16 22:37:12,31,Delivered,1648.51
4791,83,7,247,2024-10-02 19:22:08,63,Delivered,1013.94
4792,816,115,27,2024-09-23 08:37:57,36,Delivered,1518.29
4793,429,111,187,2025-01-18 03:14:05,35,Delivered,708.87
4794,556,130,109,2026-07-24 22:46:44,16,Delivered,784.19
4795,679,75,67,2025-09-23 01:52:47,51,Cancelled,1277.1
4796,210,73,178,2025-09-29 19:52:44,28,Preparing,757.1
4797,909,112,148,2025-05-13 05:13:05,48,Delivered,1606.86
4798,949,72,83,2024-09-04 09:23:27,63,Preparing,1215.43
4799,801,105,105,2026-06-16 11:27:28,69,Delivered,1455.13
4800,235,125,88,2025-01-04 01:28:38,34,Delivered,1510.96
4801,768,68,231,2025-03-16 10:59:14,26,Delivered,867.15
4802,483,138,151,2026-06-20 12:58:01,25,Cancelled,1472.54
4803,128,77,246,2024-12-18 15:27:59,17,Delivered,695.22
4804,883,62,138,2024-12-24 00:35:10,35,Cancelled,1798.34
4805,439,45,194,2026-05-03 19:43:52,39,Cancelled,646.41
4806,809,19,162,2025-06-10 11:55:56,41,Delivered,561.46
4807,663,74,147,2024-11-28 10:52:07,30,Delivered,821.89
4808,573,14,172,2026-07-23 13:57:27,39,Delivered,995.05
4809,227,5,185,2026-01-01 01:11:05,68,Delivered,1420.14
4810,871,37,113,2026-02-24 12:11:21,50,Delivered,1141.79
4811,87,54,1,2024-11-11 11:45:06,63,Delivered,1669.09
4812,881,95,38,2024-08-24 01:44:26,70,Preparing,958.05
4813,359,135,97,2026-05-26 11:20:40,63,Delivered,1621.03
4814,397,84,107,2025-02-07 04:54:14,24,Delivered,470.6
4815,433,56,65,2024-12-27 10:46:40,34,Delivered,498.62
4816,610,67,104,2025-03-26 20:51:19,47,Delivered,772.91
4817,757,63,60,2025-07-19 10:18:15,21,Delivered,1262.54
4818,155,51,57,2025-03-13 10:52:36,38,Delivered,845.77
4819,489,13,115,2024-12-18 06:58:26,29,Delivered,1611.75
4820,309,72,222,2025-02-19 23:46:47,37,Delivered,1612.13
4821,178,106,228,2025-06-09 20:40:47,23,Delivered,1706.28
4822,456,138,81,2025-01-06 13:17:31,59,Delivered,1163.52
4823,932,142,235,2025-12-20 14:41:12,53,Delivered,968.23
4824,803,127,248,2024-10-20 18:43:04,64,Cancelled,1161.9
4825,701,74,167,2024-08-12 14:25:42,30,Preparing,1534.86
4826,730,86,36,2025-03-20 01:22:45,52,Delivered,463.93
4827,768,118,202,2025-01-25 06:08:47,31,Cancelled,1584.2
4828,986,62,122,2025-12-26 06:04:04,39,Delivered,1069.99
4829,289,7,68,2025-07-14 04:20:37,70,Delivered,1731.19
4830,492,108,120,2026-02-03 19:17:02,37,Delivered,1134.68
4831,360,52,77,2025-10-22 03:10:28,20,Delivered,1394.73
4832,785,54,167,2025-06-16 22:27:37,64,Delivered,1176.28
4833,60,9,165,2025-08-24 20:52:14,60,Delivered,1554.32
4834,757,9,204,2026-02-24 23:11:03,41,Delivered,739.16
4835,519,39,62,2026-01-18 10:42:44,62,Delivered,584.6
4836,251,135,246,2026-01-04 04:39:26,66,Delivered,1234.42
4837,375,63,88,2026-04-12 05:10:43,26,Preparing,1577.12
4838,134,106,111,2025-12-22 04:08:44,17,Delivered,1660.45
4839,688,4,221,2025-06-01 20:04:10,17,Delivered,197.69
4840,585,21,18,2026-03-28 00:27:18,18,Delivered,1494.64
4841,599,93,212,2026-04-28 04:24:37,41,Delivered,1140.01
4842,784,129,146,2025-09-21 16:55:53,52,Delivered,1525.35
4843,83,23,141,2026-05-05 16:07:34,21,Delivered,675.16
4844,221,115,202,2024-08-19 19:51:52,32,Delivered,276.23
4845,748,79,121,2024-08-23 10:31:50,43,Delivered,303.47
4846,659,105,131,2025-09-30 22:42:03,46,Delivered,613.1
4847,473,150,106,2026-04-04 19:35:29,40,Delivered,1566.52
4848,854,99,141,2026-06-29 08:41:24,24,Delivered,176.11
4849,382,35,95,2025-12-16 19:22:41,40,Delivered,1140.66
4850,384,5,135,2025-03-29 19:02:37,56,Delivered,605.77
4851,169,60,178,2026-02-01 02:58:17,29,Delivered,447.79
4852,722,48,128,2026-01-29 20:44:22,42,Preparing,1561.35
4853,324,72,215,2026-06-25 22:17:34,45,Delivered,1178.18
4854,433,45,235,2024-11-15 11:30:06,24,Delivered,240.41
4855,69,56,225,2025-10-14 01:57:45,20,Delivered,770.56
4856,316,125,79,2026-05-28 07:42:51,43,Cancelled,501.8
4857,605,24,65,2025-03-03 23:54:45,44,Delivered,975.57
4858,172,67,117,2025-05-21 07:52:48,34,Cancelled,1515.56
4859,3,49,84,2026-03-06 03:22:15,53,Delivered,320.13
4860,953,43,235,2025-10-24 13:21:24,61,Delivered,982.5
4861,661,58,215,2024-09-05 23:53:15,37,Preparing,1036.5
4862,766,105,106,2024-11-24 21:28:42,34,Preparing,1576.47
4863,491,78,25,2026-06-17 08:01:06,28,Delivered,485.87
4864,376,20,130,2026-04-15 02:33:03,58,Delivered,383.23
4865,527,96,51,2025-12-18 21:35:18,32,Preparing,1751.32
4866,791,82,137,2024-10-06 17:06:25,67,Delivered,496.56
4867,637,135,199,2025-12-13 07:38:31,49,Delivered,426.85
4868,122,126,141,2025-12-25 18:28:54,53,Delivered,1596.76
4869,827,15,208,2025-08-11 13:22:25,51,Delivered,1314.71
4870,694,20,235,2025-07-04 09:18:43,25,Preparing,1064.1
4871,385,85,93,2026-06-19 18:41:38,66,Delivered,1613.71
4872,887,29,97,2025-03-08 05:49:02,44,Delivered,1174.38
4873,221,138,53,2024-09-17 02:14:23,69,Delivered,513.56
4874,546,147,24,2025-07-25 20:58:11,50,Cancelled,1412.96
4875,750,15,51,2025-02-18 17:26:49,49,Delivered,576.03
4876,395,49,67,2024-12-22 08:08:00,23,Delivered,1770.35
4877,178,80,235,2024-08-27 05:19:13,25,Delivered,1153.64
4878,379,148,119,2025-03-20 17:02:33,62,Delivered,1763.82
4879,868,14,216,2025-01-06 11:55:55,52,Delivered,317.65
4880,65,132,81,2026-05-13 15:42:31,24,Delivered,468.77
4881,93,23,76,2025-04-02 11:29:08,61,Delivered,474.46
4882,86,86,226,2024-09-12 11:01:36,56,Delivered,473.03
4883,56,17,83,2024-11-26 14:01:32,29,Delivered,247.16
4884,315,76,3,2025-01-22 10:51:17,43,Delivered,295.12
4885,730,26,229,2025-09-18 19:45:28,18,Delivered,1615.2
4886,418,93,158,2026-04-06 17:37:33,50,Delivered,1417.29
4887,328,117,105,2026-04-04 17:49:34,62,Delivered,863.06
4888,768,79,84,2026-05-08 09:44:42,34,Delivered,1071.3
4889,998,48,153,2025-05-09 19:40:55,52,Delivered,820.91
4890,629,69,88,2024-09-03 12:23:46,24,Delivered,656.2
4891,85,27,6,2024-12-02 22:57:18,41,Preparing,1664.23
4892,767,98,165,2024-12-01 21:11:00,39,Delivered,303.92
4893,61,135,163,2026-04-23 03:28:17,23,Delivered,562.6
4894,820,32,104,2025-10-06 07:37:03,49,Delivered,1509.97
4895,948,33,39,2025-11-14 11:27:58,58,Delivered,1487.41
4896,365,103,44,2025-03-03 19:16:24,56,Delivered,1528.84
4897,583,98,245,2025-06-21 22:29:37,24,Delivered,469.36
4898,278,128,147,2025-05-28 15:22:34,66,Preparing,292.48
4899,4,3,89,2025-04-17 20:38:58,51,Delivered,1242.38
4900,650,91,127,2024-12-16 18:51:18,23,Delivered,1059.59
4901,467,13,181,2025-07-12 09:20:46,27,Delivered,200.33
4902,984,119,234,2026-03-04 20:29:10,69,Delivered,710.34
4903,506,33,66,2025-04-16 15:27:01,66,Delivered,914.08
4904,126,38,157,2026-02-15 22:35:39,37,Delivered,702.22
4905,923,12,85,2026-06-06 11:24:22,58,Preparing,1609.56
4906,823,6,181,2026-03-06 15:05:10,24,Preparing,1713.75
4907,410,5,207,2026-07-15 10:06:03,39,Delivered,1061.49
4908,178,47,68,2026-03-10 10:08:08,15,Delivered,741.71
4909,308,123,68,2024-11-29 22:30:21,43,Preparing,808.58
4910,622,88,11,2024-12-30 14:36:07,60,Delivered,574.34
4911,86,129,249,2025-01-01 05:13:05,61,Delivered,695.3
4912,402,67,53,2024-11-09 17:42:35,17,Delivered,791.73
4913,643,91,111,2025-09-06 04:52:53,66,Delivered,999.46
4914,504,136,131,2024-11-25 03:34:52,47,Delivered,1602.12
4915,356,109,179,2025-11-25 10:25:51,54,Delivered,542.13
4916,211,100,169,2026-04-06 03:59:33,18,Delivered,361.16
4917,950,36,216,2025-01-26 15:22:23,52,Delivered,295.5
4918,101,50,143,2024-08-05 07:15:01,39,Delivered,611.08
4919,851,71,171,2024-11-11 22:11:48,63,Delivered,1605.64
4920,772,148,158,2024-08-10 16:17:38,15,Delivered,177.52
4921,338,32,195,2024-11-10 11:42:28,61,Delivered,1563.78
4922,534,83,187,2025-04-11 12:41:47,30,Delivered,1718.72
4923,584,75,79,2025-06-05 17:47:27,19,Delivered,1393.25
4924,266,118,208,2025-10-17 14:31:13,51,Delivered,1729.1
4925,239,79,113,2024-10-20 19:11:49,23,Delivered,1121.06
4926,904,24,246,2025-01-12 11:13:36,62,Delivered,504.84
4927,58,145,85,2025-01-03 20:01:36,61,Delivered,1234.89
4928,404,127,3,2026-06-10 21:10:43,66,Delivered,1576.48
4929,778,133,104,2024-08-05 19:12:34,67,Delivered,1384.55
4930,424,85,98,2025-01-23 11:51:05,59,Delivered,1128.45
4931,171,95,199,2024-08-15 03:00:46,57,Preparing,1032.41
4932,191,41,135,2025-01-15 12:32:58,25,Delivered,1636.77
4933,779,29,135,2024-12-29 06:52:44,28,Delivered,766.3
4934,43,112,230,2025-02-11 01:41:52,47,Delivered,854.7
4935,745,77,175,2025-06-11 04:37:52,68,Delivered,1645.97
4936,655,127,129,2025-07-27 21:59:35,16,Delivered,808.72
4937,332,142,57,2025-07-06 13:51:46,45,Preparing,1361.21
4938,589,84,213,2024-09-19 15:56:01,51,Delivered,391.82
4939,237,92,163,2026-02-19 05:27:24,27,Delivered,938.0
4940,919,89,176,2026-01-17 18:09:03,65,Delivered,1139.51
4941,163,129,180,2024-11-01 11:43:23,54,Delivered,1036.79
4942,469,71,23,2025-12-31 17:20:13,58,Delivered,1199.59
4943,995,135,99,2026-06-28 19:35:18,58,Cancelled,1682.1
4944,439,114,83,2025-06-26 07:51:15,63,Delivered,1384.52
4945,121,127,109,2026-03-29 11:32:34,31,Delivered,592.56
4946,417,92,202,2025-07-18 11:28:03,35,Delivered,741.01
4947,657,112,80,2025-05-08 17:20:58,22,Delivered,876.99
4948,614,110,61,2026-07-23 14:27:08,61,Delivered,1484.76
4949,580,53,90,2026-04-23 16:51:45,62,Delivered,453.08
4950,856,29,102,2024-08-06 09:06:13,65,Delivered,212.1
4951,777,84,148,2025-07-03 21:51:19,45,Delivered,406.14
4952,945,72,38,2026-05-24 20:42:38,23,Delivered,1402.89
4953,811,56,79,2025-06-25 14:55:32,64,Delivered,426.2
4954,391,106,142,2024-11-16 08:29:41,18,Delivered,1007.84
4955,261,112,168,2026-03-23 17:27:26,59,Delivered,286.64
4956,649,130,249,2025-08-04 15:19:38,17,Delivered,1459.5
4957,202,77,142,2025-11-14 14:38:44,15,Delivered,1559.65
4958,892,57,113,2025-11-14 20:01:35,62,Delivered,1461.02
4959,540,103,103,2025-04-24 21:02:13,62,Delivered,1682.1
4960,335,67,70,2026-03-04 07:23:13,41,Cancelled,719.33
4961,600,40,229,2026-04-22 04:25:49,40,Delivered,1619.38
4962,497,69,239,2025-03-30 21:04:10,62,Delivered,814.79
4963,718,36,127,2025-02-07 13:31:27,23,Delivered,699.05
4964,212,102,237,2026-06-27 01:29:00,59,Cancelled,643.21
4965,588,17,28,2026-03-02 08:34:45,53,Delivered,1322.49
4966,841,90,105,2024-09-11 01:50:54,43,Delivered,1677.05
4967,158,129,94,2024-12-10 20:56:01,62,Delivered,1768.84
4968,901,92,249,2025-03-01 23:42:37,35,Delivered,1552.16
4969,665,56,143,2025-12-09 12:42:20,30,Cancelled,1261.4
4970,465,88,224,2025-05-12 14:27:48,35,Delivered,297.41
4971,163,99,47,2025-01-08 15:34:11,41,Delivered,1704.95
4972,380,102,123,2024-09-10 14:22:29,56,Delivered,626.14
4973,405,1,115,2024-09-27 20:03:40,50,Delivered,1523.12
4974,852,124,213,2026-06-30 20:12:06,36,Delivered,1439.11
4975,577,146,241,2024-12-10 11:15:17,21,Delivered,256.71
4976,495,96,95,2026-07-06 01:32:24,19,Delivered,1268.02
4977,284,77,25,2025-01-24 08:30:57,65,Delivered,1438.24
4978,348,53,173,2026-02-19 17:37:39,21,Delivered,604.73
4979,555,46,134,2025-10-23 21:35:44,63,Delivered,553.49
4980,800,87,170,2025-10-04 00:30:54,51,Delivered,875.96
4981,445,90,98,2026-03-18 19:35:00,64,Delivered,1631.52
4982,493,5,93,2025-02-14 16:52:09,35,Delivered,1161.05
4983,665,54,164,2026-04-23 22:04:32,68,Delivered,1773.58
4984,443,138,121,2025-08-11 19:43:29,57,Delivered,704.87
4985,421,145,45,2024-12-08 14:15:00,24,Delivered,1519.61
4986,273,14,125,2025-01-27 14:00:59,40,Preparing,1294.99
4987,306,29,89,2024-08-20 14:56:03,28,Delivered,915.29
4988,128,14,170,2025-01-13 10:41:18,18,Delivered,1717.08
4989,659,65,119,2025-02-24 10:35:47,44,Cancelled,1414.72
4990,630,68,62,2026-02-05 18:30:26,57,Delivered,1625.81
4991,269,138,124,2026-07-12 00:25:07,23,Delivered,1705.26
4992,480,129,87,2026-04-05 13:00:11,40,Delivered,518.36
4993,277,125,80,2024-11-08 10:38:33,21,Delivered,692.52
4994,665,96,120,2024-09-03 07:27:25,28,Delivered,668.22
4995,244,38,138,2024-11-04 18:01:05,38,Preparing,726.7
4996,19,150,202,2025-09-21 15:16:53,68,Delivered,1382.28
4997,309,125,93,2025-03-15 23:27:41,47,Delivered,824.49
4998,46,40,202,2025-07-20 03:42:12,48,Delivered,583.11
4999,656,31,199,2024-09-19 23:01:40,27,Delivered,543.25
5000,760,78,114,2026-04-11 02:18:37,15,Delivered,917.27
5001,258,103,207,2025-10-23 17:59:16,52,Preparing,883.57
5002,734,25,66,2026-04-18 19:41:21,61,Preparing,1254.58
5003,501,63,250,2026-02-24 22:12:12,33,Delivered,726.34
5004,328,147,88,2026-04-09 05:43:36,17,Delivered,507.64
5005,962,73,96,2026-07-11 12:42:11,60,Delivered,211.18
5006,473,7,49,2026-03-19 14:02:29,53,Delivered,316.28
5007,80,118,90,2024-08-10 18:58:28,54,Delivered,1237.44
5008,41,27,113,2024-10-07 15:24:34,62,Delivered,782.31
5009,587,70,148,2025-07-16 20:46:48,17,Delivered,863.59
5010,612,46,242,2026-02-06 12:24:41,48,Delivered,1271.84
5011,408,40,29,2024-12-02 16:53:30,62,Delivered,1104.2
5012,800,61,171,2024-12-02 23:38:45,50,Delivered,1673.52
5013,435,114,103,2025-12-25 04:33:39,58,Delivered,1797.05
5014,810,110,125,2026-04-09 03:57:49,30,Delivered,1261.78
5015,365,135,153,2024-11-08 21:41:33,41,Delivered,245.36
5016,132,35,137,2025-03-13 09:22:00,49,Delivered,1435.5
5017,991,55,60,2024-09-07 13:05:54,66,Delivered,325.68
5018,199,2,20,2026-06-13 10:02:55,32,Delivered,1145.94
5019,933,80,43,2025-05-15 00:20:26,46,Delivered,1759.71
5020,233,111,104,2024-09-12 11:51:11,69,Delivered,521.28
5021,492,146,106,2025-07-05 07:32:26,43,Delivered,1609.32
5022,974,69,134,2026-04-22 13:37:47,16,Delivered,1416.61
5023,997,3,171,2026-06-11 13:11:51,18,Preparing,1261.35
5024,234,94,199,2026-02-10 00:32:24,55,Delivered,751.85
5025,834,40,100,2025-06-15 07:20:58,67,Delivered,437.28
5026,871,88,47,2026-07-10 18:26:38,57,Delivered,1629.93
5027,483,68,182,2026-05-05 18:33:23,64,Delivered,383.46
5028,519,134,100,2025-02-15 04:34:59,42,Preparing,321.08
5029,830,33,173,2025-12-24 03:08:33,23,Preparing,1464.66
5030,171,20,68,2026-06-14 23:39:46,55,Delivered,681.75
5031,163,97,22,2025-09-26 12:21:49,21,Delivered,1453.03
5032,560,146,207,2025-07-23 08:27:18,24,Delivered,1486.52
5033,886,79,101,2026-02-15 19:08:17,63,Delivered,894.98
5034,271,70,97,2026-03-23 22:43:03,38,Delivered,448.42
5035,703,82,72,2024-10-15 23:18:23,33,Preparing,330.47
5036,100,137,171,2026-05-06 01:28:58,69,Delivered,1298.87
5037,88,55,98,2026-07-11 14:03:47,43,Delivered,1744.51
5038,704,87,37,2025-08-03 00:09:38,18,Delivered,1512.12
5039,659,139,26,2025-12-09 20:52:25,59,Delivered,883.52
5040,975,110,132,2025-12-05 02:35:13,34,Delivered,1036.15
5041,920,72,221,2026-01-16 18:23:54,46,Preparing,579.28
5042,687,35,43,2025-08-17 16:34:43,16,Preparing,580.71
5043,535,63,51,2025-04-04 11:32:32,30,Delivered,1758.38
5044,921,25,29,2026-04-30 17:39:48,26,Delivered,1043.81
5045,934,100,3,2025-02-16 08:40:05,27,Delivered,944.78
5046,797,102,236,2025-06-15 13:33:14,33,Delivered,946.79
5047,750,147,3,2024-10-19 07:06:07,41,Delivered,947.23
5048,112,140,61,2025-11-24 10:00:46,64,Delivered,388.23
5049,619,96,1,2026-04-01 01:55:36,45,Delivered,946.59
5050,859,17,163,2026-05-06 14:40:25,41,Delivered,304.79
5051,151,11,73,2025-11-07 15:45:45,49,Delivered,1001.64
5052,575,13,169,2026-07-25 20:31:18,34,Delivered,793.39
5053,589,57,12,2026-05-29 19:19:14,29,Cancelled,1257.62
5054,397,77,168,2024-12-18 02:35:44,36,Delivered,573.56
5055,440,120,77,2026-07-18 01:03:59,21,Delivered,287.47
5056,38,83,184,2025-02-18 21:25:50,58,Delivered,1155.22
5057,21,100,201,2024-09-05 22:27:34,31,Delivered,1089.06
5058,989,145,185,2025-05-25 03:00:13,60,Delivered,1214.54
5059,235,77,34,2025-05-04 11:57:10,36,Delivered,1796.78
5060,723,116,175,2025-12-08 00:36:45,18,Delivered,264.1
5061,885,96,144,2025-09-22 18:07:45,51,Delivered,805.22
5062,558,37,149,2025-01-21 16:22:59,40,Delivered,167.78
5063,284,45,31,2025-09-19 00:37:52,36,Preparing,260.52
5064,255,102,187,2026-06-06 16:11:17,23,Delivered,712.53
5065,176,103,204,2026-07-14 00:51:23,15,Delivered,336.58
5066,586,7,141,2025-07-06 08:53:10,60,Delivered,755.28
5067,283,132,3,2024-11-25 17:54:02,24,Cancelled,1681.29
5068,238,51,198,2026-04-02 14:27:53,38,Delivered,1397.41
5069,848,77,50,2026-01-06 09:37:08,58,Delivered,1203.98
5070,5,105,93,2025-07-28 11:19:12,43,Delivered,1475.67
5071,872,22,123,2025-11-29 13:29:16,34,Delivered,568.64
5072,588,56,198,2024-11-21 06:44:46,59,Delivered,351.49
5073,898,42,189,2025-04-18 17:51:44,20,Delivered,1647.12
5074,784,23,39,2025-08-25 22:07:16,49,Delivered,293.19
5075,339,95,132,2026-06-06 12:41:46,55,Delivered,945.62
5076,593,4,239,2026-07-22 07:07:22,29,Delivered,1401.31
5077,618,117,26,2024-09-16 20:13:55,46,Preparing,284.39
5078,498,7,50,2024-12-15 18:42:31,17,Delivered,975.52
5079,930,15,229,2024-11-26 21:13:22,51,Delivered,363.79
5080,932,98,2,2025-04-01 00:27:26,36,Delivered,797.06
5081,554,60,195,2025-11-06 03:54:55,55,Delivered,1124.48
5082,214,62,115,2024-08-29 05:06:18,39,Delivered,340.25
5083,571,117,196,2026-04-13 12:16:34,68,Delivered,916.9
5084,684,112,220,2025-10-26 09:28:22,18,Delivered,611.7
5085,318,84,242,2026-03-28 09:57:54,56,Delivered,1686.51
5086,819,117,174,2026-01-14 12:30:07,55,Delivered,534.74
5087,82,121,195,2025-04-21 16:01:23,30,Delivered,522.57
5088,271,149,203,2025-05-24 07:37:02,41,Delivered,1342.23
5089,463,86,234,2025-05-31 06:00:05,63,Preparing,1628.63
5090,271,88,30,2026-03-10 00:19:14,64,Delivered,1045.69
5091,919,137,220,2025-09-16 15:50:28,17,Delivered,1306.5
5092,450,56,216,2025-03-04 21:40:44,22,Delivered,1784.86
5093,397,6,220,2026-02-02 13:34:06,36,Delivered,417.63
5094,53,117,153,2025-02-11 21:53:49,64,Delivered,1620.15
5095,369,149,184,2026-07-09 15:43:02,34,Delivered,832.37
5096,121,27,28,2025-08-26 23:10:30,18,Delivered,1788.83
5097,485,101,79,2026-02-11 23:02:44,43,Delivered,1261.46
5098,360,108,88,2026-02-23 10:45:38,44,Delivered,1082.7
5099,467,39,43,2024-11-20 13:52:27,39,Delivered,496.65
5100,520,87,69,2025-02-06 05:29:52,58,Delivered,485.31
5101,11,130,67,2025-08-10 03:18:06,58,Delivered,1566.15
5102,760,107,3,2025-02-07 13:09:26,68,Delivered,1343.88
5103,747,47,237,2025-11-28 05:24:05,70,Preparing,1334.42
5104,418,18,56,2024-12-21 19:08:15,48,Delivered,826.12
5105,562,122,9,2025-07-14 15:39:50,54,Delivered,880.72
5106,452,117,113,2025-10-17 10:32:27,53,Delivered,217.45
5107,670,53,146,2026-03-18 16:34:22,51,Cancelled,820.34
5108,386,58,128,2024-09-26 08:01:54,44,Delivered,1600.91
5109,828,114,18,2026-04-07 02:45:33,57,Delivered,241.04
5110,449,62,92,2024-12-20 18:32:17,22,Delivered,1135.17
5111,177,48,170,2024-10-14 12:37:20,65,Delivered,1040.4
5112,923,43,74,2024-11-07 00:43:45,27,Delivered,467.78
5113,965,62,14,2024-10-02 17:23:52,65,Delivered,1167.69
5114,952,59,65,2024-10-03 19:48:01,32,Delivered,1449.37
5115,834,8,214,2024-09-03 16:23:48,69,Preparing,773.45
5116,998,67,182,2024-10-29 16:03:23,29,Delivered,153.81
5117,627,89,168,2025-09-14 10:30:54,23,Delivered,872.12
5118,902,101,83,2025-07-19 17:12:26,64,Delivered,654.11
5119,140,130,88,2025-08-31 22:05:51,30,Delivered,1527.16
5120,34,98,221,2024-08-30 15:47:06,31,Delivered,1611.54
5121,570,87,74,2025-01-28 03:24:29,49,Delivered,1712.69
5122,252,28,30,2026-01-21 08:28:49,52,Delivered,1411.7
5123,533,3,66,2025-04-24 07:39:19,25,Delivered,1739.09
5124,927,37,136,2026-01-14 17:29:14,66,Delivered,558.51
5125,455,106,195,2025-10-01 10:26:42,34,Preparing,752.52
5126,820,8,123,2025-06-17 02:59:54,50,Cancelled,1719.47
5127,564,136,164,2026-04-17 03:28:47,43,Delivered,195.23
5128,185,11,59,2026-07-12 06:15:39,61,Delivered,364.6
5129,126,64,228,2026-02-25 23:20:21,19,Preparing,206.4
5130,921,24,160,2025-11-18 02:52:18,60,Preparing,1074.3
5131,988,107,237,2024-09-05 21:31:51,28,Preparing,1429.88
5132,678,34,139,2025-12-31 03:57:16,66,Delivered,1015.4
5133,496,41,236,2026-07-10 19:10:12,48,Delivered,1513.5
5134,717,20,65,2026-06-21 00:16:28,66,Delivered,661.03
5135,371,105,45,2026-06-27 04:30:48,51,Delivered,931.92
5136,683,148,101,2024-09-24 11:45:15,34,Delivered,854.73
5137,241,50,195,2025-07-17 00:25:42,26,Delivered,985.82
5138,483,2,5,2026-05-24 04:57:29,35,Delivered,218.19
5139,540,125,80,2024-09-05 11:58:13,36,Delivered,397.6
5140,22,38,175,2026-05-30 08:09:08,25,Delivered,1232.54
5141,4,22,186,2026-04-30 09:04:04,46,Delivered,754.85
5142,279,18,102,2025-08-09 13:34:19,32,Delivered,1172.2
5143,675,18,15,2025-03-12 08:38:51,70,Cancelled,819.55
5144,135,120,82,2026-01-18 18:54:20,56,Delivered,1436.87
5145,365,44,104,2024-08-26 01:36:55,58,Delivered,888.07
5146,283,44,212,2026-04-09 20:09:50,18,Delivered,1340.16
5147,57,124,137,2025-11-29 20:08:48,64,Delivered,1362.66
5148,955,49,52,2026-07-23 09:11:25,15,Delivered,764.56
5149,976,127,37,2025-01-20 05:48:31,30,Delivered,506.68
5150,548,3,110,2025-11-05 17:58:48,18,Delivered,1576.31
5151,344,115,153,2024-11-23 09:18:48,24,Delivered,812.2
5152,78,69,190,2025-04-28 21:00:31,57,Delivered,975.28
5153,103,118,2,2024-10-17 12:11:33,21,Delivered,1341.91
5154,580,111,128,2025-10-28 14:06:36,53,Preparing,1759.46
5155,686,34,8,2025-11-22 04:28:14,54,Delivered,271.46
5156,134,12,31,2025-11-20 11:54:36,69,Delivered,1057.02
5157,739,91,33,2025-02-09 15:46:32,30,Delivered,396.5
5158,579,116,216,2026-01-19 10:55:05,15,Delivered,1099.33
5159,872,51,194,2025-04-30 18:27:13,45,Delivered,984.11
5160,608,27,88,2024-12-14 11:28:02,49,Preparing,1192.19
5161,381,83,208,2025-11-05 16:21:55,22,Delivered,1539.82
5162,822,114,22,2025-04-02 07:48:12,33,Delivered,1756.43
5163,926,120,86,2026-02-20 02:59:43,68,Preparing,649.46
5164,880,29,203,2026-06-17 01:05:39,34,Preparing,643.39
5165,831,120,212,2026-06-26 02:16:21,30,Delivered,411.44
5166,134,89,154,2026-03-14 17:26:54,20,Delivered,1049.93
5167,710,18,46,2024-10-22 00:44:25,34,Delivered,1721.57
5168,992,121,187,2025-08-16 18:12:00,43,Delivered,1674.61
5169,445,119,123,2024-10-16 07:23:07,25,Cancelled,575.51
5170,196,79,51,2024-12-10 04:12:25,55,Cancelled,1568.88
5171,638,119,133,2024-12-12 09:08:14,46,Delivered,1757.9
5172,386,93,122,2024-11-16 10:33:18,22,Delivered,820.07
5173,729,79,58,2026-07-02 05:50:25,48,Cancelled,1218.52
5174,855,41,158,2025-08-15 09:21:30,51,Delivered,1480.03
5175,277,137,166,2025-05-26 06:50:12,16,Delivered,356.85
5176,483,149,222,2026-03-02 09:25:38,41,Preparing,1183.7
5177,739,13,146,2025-02-11 18:15:23,33,Delivered,258.6
5178,716,91,124,2025-02-08 01:38:20,29,Delivered,360.28
5179,901,43,104,2025-01-16 04:26:25,39,Delivered,1748.86
5180,854,36,33,2025-10-05 03:07:45,38,Delivered,403.75
5181,34,57,106,2025-07-17 00:13:18,65,Delivered,237.53
5182,779,22,184,2024-12-17 06:17:54,32,Preparing,1188.72
5183,61,26,174,2024-12-03 02:18:54,36,Delivered,548.85
5184,967,30,193,2024-08-14 17:38:40,44,Delivered,450.76
5185,319,17,67,2025-05-05 05:46:13,46,Preparing,691.63
5186,586,4,225,2026-05-25 20:03:14,15,Delivered,1010.81
5187,129,58,56,2025-03-10 17:44:57,36,Delivered,1775.34
5188,280,115,206,2024-11-22 07:16:12,34,Delivered,1099.09
5189,653,63,214,2024-11-18 04:15:20,65,Preparing,1218.18
5190,331,107,176,2024-10-24 19:45:15,41,Preparing,944.14
5191,489,22,91,2025-05-16 20:43:05,30,Cancelled,182.8
5192,173,43,111,2024-12-12 21:09:18,64,Preparing,1373.89
5193,477,61,104,2025-05-17 19:09:23,35,Delivered,1337.51
5194,147,145,5,2026-01-07 13:22:30,51,Delivered,1752.79
5195,57,111,77,2025-04-04 00:07:48,68,Delivered,261.46
5196,861,80,78,2026-01-12 04:42:04,24,Delivered,956.67
5197,863,84,82,2026-04-19 21:57:48,31,Delivered,236.62
5198,944,73,46,2025-02-16 12:49:29,56,Delivered,810.91
5199,505,37,186,2025-10-31 04:28:39,60,Delivered,1362.27
5200,454,94,208,2026-06-11 20:34:48,70,Delivered,1091.99
5201,637,51,79,2025-12-12 20:45:08,29,Delivered,810.41
5202,20,71,82,2025-05-22 03:50:44,69,Delivered,1433.49
5203,605,47,203,2026-05-20 06:37:33,59,Delivered,997.08
5204,572,57,86,2024-12-25 11:19:57,44,Delivered,1514.94
5205,846,131,26,2026-07-04 22:15:26,29,Delivered,1691.52
5206,239,71,88,2024-12-27 18:09:30,30,Delivered,1533.12
5207,214,13,47,2026-02-23 20:49:58,29,Delivered,317.43
5208,184,40,76,2026-02-20 16:27:10,63,Delivered,568.27
5209,649,146,138,2024-07-30 05:37:56,38,Delivered,1501.24
5210,162,15,62,2026-01-17 19:58:44,29,Delivered,684.92
5211,75,103,13,2025-09-21 03:59:52,23,Delivered,367.91
5212,99,8,125,2026-04-24 05:19:53,60,Delivered,1712.9
5213,333,137,220,2024-12-27 21:56:53,46,Delivered,1119.8
5214,990,69,163,2025-01-02 05:43:41,59,Delivered,400.61
5215,917,77,243,2025-03-11 05:35:38,36,Delivered,267.49
5216,608,41,96,2025-03-14 18:03:19,67,Delivered,294.54
5217,329,60,131,2025-03-20 15:59:45,66,Delivered,1703.28
5218,790,133,20,2025-07-08 00:15:49,52,Delivered,561.62
5219,751,89,232,2026-06-10 09:53:20,16,Delivered,1375.82
5220,747,80,157,2026-07-01 21:01:58,31,Preparing,1757.28
5221,632,121,29,2026-05-07 11:21:04,36,Delivered,1566.23
5222,322,92,128,2024-08-12 10:47:44,22,Cancelled,797.35
5223,817,60,45,2025-03-22 18:09:57,47,Delivered,366.91
5224,285,105,63,2025-08-23 03:16:31,16,Delivered,860.46
5225,763,106,35,2026-05-12 23:46:42,69,Cancelled,1257.73
5226,894,138,169,2025-09-04 20:16:38,38,Cancelled,1331.6
5227,244,81,34,2025-08-20 17:20:43,15,Cancelled,151.28
5228,447,19,81,2025-08-28 02:02:36,17,Delivered,240.31
5229,622,144,169,2025-11-06 11:48:09,39,Delivered,741.52
5230,668,108,153,2025-10-22 15:34:18,43,Delivered,277.62
5231,195,56,178,2026-07-15 13:12:54,42,Delivered,1689.9
5232,44,10,28,2025-04-11 20:14:17,17,Delivered,619.47
5233,773,107,188,2024-08-07 04:26:32,21,Delivered,1358.92
5234,615,39,125,2025-02-24 12:37:35,68,Delivered,976.38
5235,101,138,153,2025-07-24 22:45:46,28,Delivered,1468.76
5236,918,101,169,2024-08-14 05:26:40,22,Delivered,551.07
5237,536,30,105,2026-04-14 21:21:55,47,Delivered,1033.83
5238,361,23,136,2024-12-05 03:54:26,67,Delivered,1688.78
5239,954,12,90,2024-08-06 01:59:13,55,Delivered,1125.5
5240,343,103,195,2026-05-28 04:28:11,50,Delivered,414.52
5241,491,46,135,2025-05-15 16:57:09,17,Delivered,1716.26
5242,732,125,41,2025-11-17 20:30:48,67,Delivered,1203.23
5243,568,29,173,2026-01-10 15:44:31,57,Preparing,629.13
5244,159,50,118,2025-05-18 07:04:05,28,Delivered,616.48
5245,478,133,58,2026-03-15 23:58:00,61,Delivered,1438.76
5246,983,137,57,2025-08-27 05:46:00,18,Delivered,1146.04
5247,976,134,195,2026-01-11 14:49:22,53,Delivered,1781.27
5248,381,27,165,2025-04-26 10:05:06,31,Delivered,618.69
5249,562,53,106,2024-09-22 11:59:11,44,Cancelled,579.35
5250,493,68,145,2025-11-16 11:28:36,17,Preparing,775.21
5251,528,107,116,2026-03-16 02:27:18,38,Delivered,1075.96
5252,782,126,229,2026-06-08 15:53:16,21,Delivered,652.13
5253,442,12,90,2025-03-29 08:24:14,57,Delivered,752.98
5254,412,54,78,2024-12-23 05:26:15,30,Preparing,297.52
5255,50,113,54,2026-04-02 03:20:13,52,Preparing,176.82
5256,34,35,90,2026-01-09 16:31:23,48,Delivered,721.07
5257,340,55,62,2025-07-12 04:29:15,64,Delivered,936.75
5258,814,62,5,2025-08-18 23:12:20,58,Delivered,774.57
5259,705,143,124,2025-02-13 23:24:44,21,Delivered,415.47
5260,426,28,96,2025-11-25 16:07:37,33,Delivered,1260.94
5261,13,27,37,2026-01-25 07:35:00,31,Delivered,378.52
5262,384,75,87,2026-07-01 01:05:24,35,Delivered,245.38
5263,351,76,152,2024-12-17 03:54:06,17,Delivered,1378.22
5264,38,145,151,2025-06-02 15:00:26,50,Delivered,1087.25
5265,508,103,162,2025-06-25 19:58:06,44,Delivered,991.5
5266,139,80,97,2025-12-04 00:27:42,21,Delivered,171.76
5267,818,73,64,2025-12-22 02:16:46,48,Delivered,1257.56
5268,29,8,149,2025-01-07 13:21:15,20,Delivered,666.24
5269,630,79,159,2024-11-30 07:21:56,29,Preparing,961.34
5270,998,72,28,2026-06-10 18:04:25,43,Preparing,1084.55
5271,660,106,81,2025-11-05 08:04:14,32,Delivered,789.35
5272,525,128,178,2026-02-24 16:16:32,27,Delivered,1011.08
5273,818,97,41,2025-03-31 22:07:05,24,Delivered,896.36
5274,336,104,15,2025-06-15 17:11:11,15,Delivered,562.19
5275,133,58,230,2025-01-26 04:09:26,33,Delivered,780.7
5276,480,116,219,2025-02-22 05:32:51,69,Preparing,318.44
5277,369,21,169,2024-12-19 17:55:30,38,Delivered,1365.36
5278,846,68,27,2025-07-15 09:57:05,48,Cancelled,423.9
5279,883,130,226,2026-07-14 15:27:56,15,Delivered,831.15
5280,442,12,182,2025-08-19 21:04:15,49,Delivered,1552.17
5281,223,149,33,2025-08-01 08:36:29,46,Delivered,634.96
5282,283,125,163,2025-04-02 18:22:46,54,Delivered,1068.84
5283,819,50,107,2026-04-07 09:29:36,20,Delivered,931.5
5284,627,83,213,2024-12-08 11:48:31,50,Delivered,1561.59
5285,289,78,78,2024-11-30 08:28:39,24,Delivered,414.12
5286,266,143,39,2026-07-07 11:20:35,31,Delivered,1530.05
5287,196,19,63,2025-05-03 16:02:36,70,Delivered,912.34
5288,308,94,11,2025-10-12 15:37:21,29,Preparing,1532.04
5289,893,29,234,2024-11-25 09:02:32,49,Delivered,401.62
5290,696,98,162,2024-08-11 16:26:14,52,Delivered,1668.14
5291,807,32,155,2025-06-19 00:20:17,63,Delivered,1096.69
5292,7,99,22,2024-09-29 15:09:02,16,Delivered,1685.62
5293,807,24,224,2026-06-17 02:27:00,47,Delivered,1378.19
5294,851,27,209,2025-06-04 06:16:32,52,Delivered,1165.8
5295,752,81,217,2025-04-26 08:45:28,39,Preparing,1266.29
5296,147,78,186,2025-09-23 14:52:35,46,Delivered,1061.15
5297,796,55,75,2024-10-02 02:05:10,19,Preparing,513.73
5298,81,72,24,2024-11-16 04:07:19,27,Delivered,1000.85
5299,114,144,163,2026-04-18 20:05:43,21,Delivered,1715.48
5300,351,22,179,2025-11-10 15:50:07,60,Delivered,669.52
5301,119,114,224,2024-11-10 00:08:05,52,Delivered,661.03
5302,462,10,129,2024-08-19 15:19:35,38,Delivered,1094.67
5303,282,13,207,2025-12-19 03:12:13,39,Delivered,638.26
5304,838,129,118,2025-05-11 14:02:57,48,Delivered,185.94
5305,108,68,208,2025-10-16 21:30:51,66,Delivered,1652.2
5306,279,81,122,2026-02-12 06:53:14,23,Preparing,401.57
5307,336,121,154,2026-07-19 10:22:52,32,Delivered,900.74
5308,275,7,57,2024-11-28 12:40:09,28,Cancelled,1696.64
5309,272,67,159,2024-11-23 06:40:51,55,Delivered,1669.83
5310,538,116,1,2025-11-01 07:04:14,53,Preparing,557.44
5311,110,59,101,2025-03-08 01:55:27,62,Preparing,1164.54
5312,92,48,209,2024-10-27 23:02:31,55,Delivered,645.76
5313,5,99,5,2024-09-22 11:19:24,29,Delivered,1402.48
5314,462,90,60,2025-04-05 14:51:33,19,Delivered,1068.26
5315,357,126,237,2026-07-16 19:15:48,40,Delivered,1280.98
5316,38,21,7,2026-05-31 16:25:47,49,Delivered,1212.61
5317,303,105,202,2026-07-20 14:10:05,21,Delivered,522.67
5318,39,100,239,2026-03-18 01:21:38,33,Delivered,613.48
5319,298,134,103,2025-06-12 22:02:17,44,Delivered,1596.74
5320,388,150,209,2025-01-14 16:10:09,48,Delivered,989.46
5321,530,18,120,2024-08-30 17:14:13,15,Cancelled,556.65
5322,828,28,7,2024-11-23 20:12:11,18,Preparing,902.39
5323,480,2,193,2025-10-31 10:15:08,19,Delivered,1716.98
5324,784,57,168,2025-04-01 20:44:35,45,Delivered,1647.3
5325,610,51,208,2025-03-31 08:33:05,27,Delivered,1691.48
5326,455,136,27,2026-03-09 09:26:00,22,Preparing,271.91
5327,110,147,181,2025-12-27 11:03:07,63,Delivered,235.92
5328,38,72,158,2026-01-24 15:33:48,16,Delivered,303.16
5329,294,76,23,2025-10-23 18:41:45,66,Delivered,1551.19
5330,434,115,72,2025-06-06 11:30:36,29,Delivered,1248.21
5331,532,78,170,2025-01-25 17:20:38,51,Delivered,1775.13
5332,948,88,96,2025-07-02 15:08:08,25,Delivered,1776.3
5333,492,7,210,2025-02-03 20:47:48,28,Delivered,744.32
5334,929,1,225,2025-07-23 21:32:56,63,Delivered,1168.36
5335,817,150,150,2025-12-30 04:56:26,26,Delivered,816.96
5336,357,55,185,2026-02-08 11:03:22,39,Delivered,1729.45
5337,629,123,166,2026-04-21 01:05:21,68,Delivered,321.21
5338,466,56,247,2024-11-25 19:27:03,51,Cancelled,1409.53
5339,712,40,70,2025-12-12 15:13:38,47,Delivered,1342.58
5340,952,51,203,2025-06-11 10:29:09,62,Delivered,1507.43
5341,867,135,97,2024-12-09 22:33:30,69,Delivered,1241.07
5342,856,40,222,2026-05-02 03:44:14,45,Delivered,790.23
5343,465,24,67,2025-11-24 12:19:54,59,Delivered,1676.89
5344,248,71,148,2026-02-10 10:00:04,27,Delivered,1626.0
5345,494,100,113,2025-03-16 11:39:01,17,Delivered,752.73
5346,573,26,123,2025-12-26 20:52:49,70,Delivered,677.06
5347,623,33,31,2026-03-14 10:30:13,60,Delivered,374.81
5348,26,101,179,2024-12-15 18:49:59,66,Delivered,1160.39
5349,957,95,193,2024-08-31 06:21:30,31,Delivered,811.06
5350,840,137,178,2025-06-29 04:36:24,53,Delivered,317.68
5351,304,84,93,2025-05-17 21:00:10,46,Delivered,1591.99
5352,614,61,65,2024-09-26 02:13:40,57,Delivered,1297.76
5353,102,139,102,2025-04-15 10:33:50,40,Preparing,1112.27
5354,155,93,83,2025-12-26 05:18:55,23,Delivered,1556.2
5355,57,85,7,2025-02-15 09:31:52,54,Preparing,792.56
5356,55,2,13,2025-11-25 08:27:11,57,Delivered,1731.39
5357,839,29,171,2025-09-01 14:06:59,64,Delivered,287.22
5358,335,109,19,2024-08-19 02:06:27,41,Delivered,1115.94
5359,198,144,67,2025-12-13 01:33:52,65,Delivered,1422.67
5360,639,132,21,2025-12-30 13:17:39,23,Preparing,1561.44
5361,2,13,173,2025-09-30 05:06:07,62,Delivered,380.89
5362,783,50,136,2025-04-18 20:55:13,69,Delivered,1753.0
5363,853,147,160,2024-10-12 11:31:40,18,Delivered,1282.89
5364,912,144,219,2024-12-27 03:51:40,40,Delivered,474.46
5365,955,56,19,2025-01-04 02:34:48,18,Delivered,582.96
5366,128,127,174,2026-02-11 07:05:37,44,Preparing,554.27
5367,423,93,249,2024-10-20 03:34:33,35,Delivered,265.84
5368,142,33,19,2025-01-18 07:12:20,64,Preparing,1052.47
5369,900,36,6,2025-12-19 14:02:34,41,Delivered,284.66
5370,745,102,211,2025-09-20 04:20:52,33,Delivered,784.27
5371,654,58,213,2026-03-11 14:13:51,16,Delivered,832.21
5372,783,30,177,2026-05-21 07:31:43,55,Delivered,543.91
5373,519,49,82,2024-08-29 11:31:20,55,Delivered,259.09
5374,868,119,112,2024-08-31 22:27:51,32,Delivered,552.3
5375,231,148,171,2025-02-25 19:22:13,19,Delivered,1361.38
5376,675,46,88,2025-10-17 19:44:05,23,Delivered,1030.54
5377,907,103,207,2025-09-17 04:04:25,44,Preparing,438.43
5378,910,62,119,2026-05-21 13:45:43,52,Delivered,1545.43
5379,582,83,217,2026-05-21 01:09:24,70,Delivered,457.73
5380,190,107,195,2025-01-19 09:34:08,31,Delivered,1278.26
5381,286,64,206,2026-01-27 03:58:51,62,Delivered,1415.13
5382,748,139,112,2026-05-24 13:55:57,47,Delivered,1753.79
5383,119,20,80,2024-11-28 00:51:03,65,Preparing,514.3
5384,437,66,7,2024-09-16 22:54:14,53,Delivered,190.46
5385,576,128,123,2026-04-26 03:20:23,20,Delivered,673.49
5386,357,15,198,2025-12-10 00:06:01,55,Preparing,1302.69
5387,171,124,136,2024-10-02 01:57:21,45,Preparing,236.02
5388,945,92,148,2024-12-13 08:56:54,21,Delivered,176.09
5389,748,69,245,2026-05-20 16:03:54,39,Preparing,922.14
5390,120,106,46,2024-11-24 00:01:45,61,Preparing,802.2
5391,24,56,38,2024-10-10 08:32:48,27,Delivered,639.98
5392,549,2,45,2026-05-03 20:08:36,54,Delivered,1235.53
5393,604,146,244,2024-12-10 08:32:13,46,Delivered,525.17
5394,467,147,51,2026-03-28 13:07:53,53,Delivered,1761.63
5395,874,149,81,2024-09-26 07:17:30,63,Delivered,1081.14
5396,659,38,66,2025-05-14 02:13:08,61,Delivered,1275.61
5397,76,17,123,2026-03-02 23:18:54,58,Delivered,796.0
5398,945,117,4,2025-03-16 00:43:05,28,Delivered,852.4
5399,985,91,101,2025-08-30 06:00:04,56,Delivered,861.3
5400,106,42,94,2025-12-25 20:00:44,50,Delivered,1552.77
5401,211,54,8,2026-07-07 04:46:52,65,Delivered,220.89
5402,408,64,9,2026-06-15 05:57:46,62,Preparing,1304.05
5403,592,43,161,2024-10-24 13:31:31,31,Preparing,1071.72
5404,524,120,58,2026-02-01 11:47:31,68,Cancelled,1468.96
5405,41,121,175,2025-05-14 09:14:00,60,Delivered,484.49
5406,176,113,59,2025-09-20 04:39:28,60,Delivered,732.68
5407,942,75,140,2024-11-25 09:50:20,37,Delivered,154.4
5408,137,2,17,2026-06-04 14:28:20,54,Delivered,187.13
5409,303,36,140,2025-07-02 06:43:13,45,Delivered,1261.14
5410,448,42,126,2025-09-24 03:58:47,54,Delivered,1407.35
5411,215,102,84,2025-06-18 01:53:05,19,Delivered,1356.76
5412,336,91,85,2025-09-18 05:17:28,20,Delivered,182.15
5413,980,94,227,2025-08-21 00:56:49,20,Delivered,339.46
5414,311,138,197,2025-06-05 21:20:47,31,Delivered,362.56
5415,899,45,54,2025-03-17 11:47:46,59,Delivered,496.18
5416,11,116,35,2026-06-23 03:59:15,23,Delivered,213.17
5417,764,136,60,2024-08-04 14:47:12,15,Delivered,464.16
5418,279,37,225,2024-10-17 19:52:34,67,Delivered,475.86
5419,468,85,207,2026-03-14 03:36:47,28,Delivered,1768.01
5420,786,147,37,2025-10-24 18:37:18,69,Preparing,199.72
5421,621,29,224,2024-10-22 07:08:24,41,Delivered,514.84
5422,433,110,157,2025-09-14 09:04:10,39,Delivered,927.55
5423,693,79,3,2025-04-08 19:57:56,30,Delivered,152.37
5424,383,72,233,2025-02-17 16:14:32,31,Delivered,181.12
5425,102,112,101,2025-10-04 03:11:18,31,Delivered,157.07
5426,703,140,74,2025-09-19 08:17:20,33,Delivered,696.62
5427,29,26,85,2024-09-12 11:48:54,61,Delivered,958.17
5428,307,37,149,2025-05-27 13:39:02,41,Delivered,430.43
5429,4,34,76,2025-03-26 07:22:07,21,Delivered,160.02
5430,838,5,168,2025-03-23 10:13:28,54,Preparing,823.11
5431,587,107,26,2026-03-03 15:58:03,61,Delivered,471.98
5432,338,42,182,2024-11-09 19:21:44,36,Delivered,1301.92
5433,714,42,35,2026-05-10 07:32:14,57,Delivered,1061.91
5434,50,84,129,2026-05-10 00:59:05,68,Delivered,1773.78
5435,664,114,163,2026-01-03 08:33:54,34,Delivered,1670.04
5436,758,15,245,2024-07-29 19:25:19,59,Cancelled,655.0
5437,415,45,241,2024-08-31 03:16:46,36,Delivered,1266.0
5438,611,94,12,2026-04-07 06:10:34,64,Delivered,341.09
5439,338,41,210,2025-05-26 15:21:01,35,Delivered,1281.61
5440,855,47,119,2024-12-14 01:22:27,43,Delivered,1061.07
5441,182,103,11,2025-10-14 19:25:05,29,Delivered,884.48
5442,545,5,249,2026-07-19 21:58:47,30,Delivered,1648.99
5443,368,137,229,2025-08-23 08:21:36,66,Delivered,1316.05
5444,608,121,31,2026-07-10 04:55:07,68,Delivered,261.22
5445,911,80,212,2026-07-23 07:25:44,23,Delivered,1786.23
5446,226,95,246,2025-08-19 17:42:47,59,Delivered,1292.03
5447,303,94,153,2025-07-07 13:33:18,26,Delivered,1365.15
5448,362,145,105,2025-12-06 19:56:44,43,Delivered,968.28
5449,622,23,28,2025-09-09 09:22:31,58,Delivered,891.2
5450,607,141,58,2025-08-06 05:36:21,16,Delivered,1401.68
5451,479,106,249,2025-02-04 00:18:18,24,Delivered,562.69
5452,786,27,23,2026-05-06 05:25:16,39,Delivered,1090.48
5453,914,92,248,2025-03-29 16:54:54,48,Delivered,1654.08
5454,40,28,225,2025-09-06 13:35:14,37,Delivered,1741.03
5455,186,30,199,2025-04-09 06:41:44,28,Delivered,1320.38
5456,610,97,16,2026-03-23 18:03:58,15,Preparing,473.0
5457,470,111,175,2026-02-21 07:31:20,62,Delivered,1258.17
5458,651,148,228,2025-05-26 05:05:28,48,Delivered,1340.5
5459,8,127,72,2025-12-06 11:05:23,39,Preparing,1371.78
5460,766,64,188,2025-06-06 02:15:11,68,Delivered,1395.92
5461,491,148,227,2025-03-04 22:04:50,70,Delivered,358.97
5462,108,85,179,2026-06-04 23:32:01,40,Preparing,1655.4
5463,877,57,55,2025-06-04 04:56:21,48,Delivered,1384.48
5464,904,133,174,2026-03-02 18:40:27,37,Cancelled,390.13
5465,375,144,221,2025-03-27 11:06:47,54,Delivered,995.67
5466,108,140,198,2026-03-23 01:53:35,64,Delivered,537.51
5467,590,120,102,2026-02-27 23:57:55,59,Delivered,1324.41
5468,919,146,3,2024-10-29 07:13:23,56,Delivered,541.4
5469,602,73,158,2025-11-03 19:55:09,52,Preparing,1551.93
5470,966,77,201,2025-07-02 04:56:03,32,Delivered,1278.59
5471,658,65,223,2026-02-11 13:58:28,66,Delivered,332.03
5472,987,12,116,2024-11-06 11:52:30,40,Delivered,1516.76
5473,762,110,35,2025-01-14 03:57:48,39,Delivered,1678.32
5474,292,60,77,2025-03-16 02:59:17,64,Delivered,735.18
5475,582,28,177,2025-12-22 12:55:50,40,Delivered,1470.55
5476,266,64,88,2024-12-16 02:25:26,52,Delivered,1000.4
5477,944,133,85,2024-10-23 21:30:00,55,Delivered,1572.66
5478,759,14,119,2025-11-15 06:21:03,66,Delivered,1441.65
5479,990,110,94,2024-11-15 12:16:01,47,Cancelled,893.23
5480,775,58,237,2026-02-04 07:27:51,58,Delivered,837.46
5481,817,142,19,2026-07-21 13:00:09,39,Delivered,660.56
5482,844,56,79,2025-07-02 19:22:06,58,Delivered,1537.66
5483,711,54,15,2026-04-18 04:06:11,43,Delivered,311.47
5484,704,120,120,2024-11-18 13:21:50,39,Delivered,1669.99
5485,653,50,81,2024-12-15 03:10:47,57,Delivered,1183.59
5486,504,131,137,2024-09-25 09:33:40,28,Delivered,408.59
5487,196,51,184,2024-12-26 05:02:51,60,Delivered,616.16
5488,242,49,105,2024-12-18 05:17:55,52,Delivered,711.11
5489,977,142,86,2024-08-11 08:26:16,58,Delivered,1351.27
5490,230,23,196,2025-03-23 11:02:12,23,Preparing,1277.57
5491,403,81,51,2026-01-16 03:21:30,25,Delivered,667.38
5492,688,85,208,2024-09-16 17:53:56,22,Delivered,893.31
5493,269,14,49,2024-09-02 09:11:18,23,Preparing,555.35
5494,494,125,20,2025-03-06 21:40:28,33,Delivered,1160.42
5495,908,9,150,2024-12-02 17:50:25,30,Delivered,668.04
5496,353,116,11,2025-11-16 05:04:44,24,Delivered,828.27
5497,482,65,19,2025-02-10 12:35:18,27,Delivered,660.13
5498,960,93,145,2025-09-15 04:48:54,32,Delivered,1468.67
5499,114,41,28,2025-01-13 13:55:10,50,Delivered,1679.83
5500,612,24,245,2026-04-08 05:00:57,55,Delivered,1267.05
5501,774,4,216,2024-10-24 15:40:20,41,Delivered,872.04
5502,415,27,232,2025-03-04 15:17:11,24,Delivered,396.55
5503,555,61,168,2026-02-18 04:46:11,60,Delivered,751.72
5504,304,73,108,2025-08-10 05:43:14,50,Delivered,559.75
5505,5,66,95,2026-07-27 08:47:33,38,Delivered,1700.3
5506,595,86,14,2025-08-30 00:44:46,23,Preparing,500.21
5507,341,110,2,2026-07-11 08:19:37,46,Delivered,1417.46
5508,621,80,237,2026-06-12 13:26:25,65,Delivered,1216.17
5509,500,105,220,2025-10-13 12:22:29,27,Delivered,1141.0
5510,270,106,10,2026-03-21 01:42:06,16,Delivered,1295.56
5511,845,63,103,2026-05-29 11:59:27,51,Delivered,1240.14
5512,840,37,243,2026-01-23 18:48:16,42,Cancelled,1078.63
5513,189,48,39,2026-06-01 13:58:27,18,Delivered,767.97
5514,346,6,103,2024-10-23 23:48:14,21,Delivered,1149.06
5515,443,119,7,2024-10-07 00:08:07,61,Delivered,712.25
5516,111,45,10,2025-07-29 22:42:38,18,Delivered,1549.77
5517,259,80,157,2026-05-30 03:26:09,17,Delivered,1138.57
5518,916,42,234,2025-11-18 17:54:27,22,Delivered,1351.39
5519,565,50,176,2025-07-10 21:08:29,30,Delivered,1499.53
5520,603,19,190,2024-11-25 05:33:41,53,Delivered,1667.78
5521,802,38,29,2026-05-01 03:46:06,15,Cancelled,520.15
5522,492,22,41,2026-03-11 15:30:14,26,Preparing,219.5
5523,57,144,33,2025-06-09 14:35:56,24,Delivered,1226.41
5524,456,72,47,2025-10-28 21:01:04,44,Delivered,670.67
5525,636,144,83,2025-11-14 09:45:32,46,Delivered,1033.49
5526,456,43,229,2025-11-02 11:38:04,50,Preparing,252.53
5527,199,39,41,2025-11-17 04:02:44,59,Delivered,1520.48
5528,766,7,246,2025-03-01 17:57:05,20,Preparing,426.23
5529,1000,148,142,2025-10-18 23:09:01,18,Preparing,576.83
5530,721,108,94,2026-01-16 12:15:46,47,Delivered,376.63
5531,903,70,126,2025-09-11 06:38:48,41,Delivered,1086.98
5532,839,5,166,2024-10-12 01:04:14,42,Cancelled,1718.83
5533,451,40,178,2025-12-17 05:51:55,55,Delivered,1497.34
5534,351,46,93,2024-12-01 00:36:53,44,Delivered,1057.69
5535,712,65,121,2025-09-01 01:21:03,46,Delivered,1034.97
5536,15,114,1,2026-01-22 10:56:56,66,Delivered,1149.89
5537,427,82,123,2024-12-30 18:11:03,44,Delivered,1581.42
5538,445,23,37,2024-10-23 04:44:02,54,Delivered,1151.0
5539,977,40,140,2026-02-20 05:33:10,34,Delivered,1012.05
5540,815,35,132,2025-09-28 21:55:55,65,Preparing,1624.41
5541,704,19,182,2024-08-13 12:32:02,56,Delivered,574.31
5542,449,7,1,2024-09-11 08:19:36,36,Delivered,962.94
5543,661,133,242,2025-01-15 10:19:24,42,Delivered,788.87
5544,735,102,139,2026-06-08 20:07:37,47,Delivered,482.09
5545,707,103,97,2025-06-29 14:25:19,34,Preparing,1749.53
5546,592,95,163,2025-06-22 00:48:21,19,Delivered,1111.34
5547,196,32,226,2025-06-12 09:08:59,26,Delivered,1794.57
5548,137,143,176,2024-08-14 07:48:57,38,Delivered,765.58
5549,703,70,22,2026-02-21 21:31:53,68,Delivered,179.71
5550,591,22,158,2026-01-14 14:17:49,50,Delivered,1067.67
5551,535,113,1,2026-02-27 19:40:57,59,Delivered,151.94
5552,527,103,125,2024-12-06 14:58:44,70,Cancelled,755.58
5553,41,123,120,2026-01-28 14:36:53,56,Delivered,1715.94
5554,483,74,15,2024-07-30 17:15:00,33,Delivered,850.67
5555,562,149,96,2024-09-15 12:31:20,61,Delivered,775.86
5556,717,39,166,2024-08-02 05:51:58,33,Delivered,1254.99
5557,336,18,24,2025-04-25 05:39:01,17,Preparing,1091.57
5558,1,14,174,2026-07-26 06:25:13,45,Delivered,325.12
5559,569,93,8,2024-12-28 20:26:17,61,Delivered,764.17
5560,153,90,171,2026-03-02 01:10:39,33,Delivered,419.73
5561,781,59,181,2024-12-01 08:15:28,58,Delivered,204.07
5562,13,45,159,2025-09-20 21:42:50,45,Delivered,1180.21
5563,618,122,69,2025-04-16 13:20:02,56,Delivered,1293.15
5564,680,86,164,2024-12-26 06:36:38,29,Cancelled,846.73
5565,610,116,192,2025-09-24 13:53:46,34,Delivered,1404.14
5566,355,39,99,2025-06-01 16:03:16,57,Delivered,1165.62
5567,760,67,172,2024-12-22 12:23:29,56,Delivered,614.11
5568,415,73,29,2026-06-07 02:49:57,37,Delivered,498.46
5569,299,11,241,2024-10-11 21:49:43,65,Delivered,1553.8
5570,96,49,62,2024-08-01 01:16:26,44,Preparing,1772.44
5571,786,59,223,2025-04-04 23:40:10,43,Delivered,1463.77
5572,405,147,198,2025-12-01 19:17:12,65,Delivered,888.03
5573,547,30,191,2024-09-03 02:43:55,58,Preparing,1415.75
5574,5,136,82,2025-04-08 18:29:23,36,Delivered,295.87
5575,815,118,78,2026-04-18 21:48:31,53,Delivered,1469.9
5576,534,77,158,2024-12-15 10:54:40,61,Delivered,990.08
5577,282,70,151,2025-02-23 21:32:22,54,Delivered,246.21
5578,979,87,129,2025-02-03 19:04:57,40,Delivered,1361.88
5579,691,92,114,2026-06-17 11:16:47,31,Delivered,194.24
5580,633,148,143,2025-09-13 07:22:44,42,Delivered,576.42
5581,784,63,82,2026-06-27 10:47:38,24,Preparing,1365.45
5582,112,25,231,2025-01-27 13:11:13,22,Delivered,1738.62
5583,933,133,96,2025-09-29 03:09:43,66,Delivered,266.85
5584,548,65,106,2026-01-31 08:51:58,58,Delivered,994.27
5585,568,83,153,2024-07-30 13:08:59,29,Delivered,276.02
5586,366,148,106,2026-07-25 13:06:33,22,Delivered,495.91
5587,839,117,186,2025-05-01 00:23:21,59,Delivered,603.75
5588,960,137,3,2025-10-01 17:00:11,63,Delivered,407.72
5589,673,108,68,2026-01-15 07:30:49,24,Delivered,1746.88
5590,508,35,3,2024-12-01 18:25:14,36,Cancelled,639.24
5591,847,42,211,2026-07-17 11:00:07,51,Delivered,1609.21
5592,496,141,222,2025-06-18 16:18:12,21,Delivered,382.5
5593,66,73,121,2026-05-14 09:57:23,58,Delivered,1352.59
5594,287,115,79,2026-04-19 10:55:29,39,Delivered,437.93
5595,254,117,246,2025-11-19 11:33:47,21,Delivered,1053.61
5596,259,122,204,2024-12-08 19:37:59,26,Delivered,859.14
5597,470,47,128,2025-12-23 16:32:02,36,Delivered,1484.31
5598,353,37,160,2026-03-25 15:05:08,68,Cancelled,849.31
5599,886,110,159,2025-10-10 13:35:55,47,Delivered,1170.79
5600,604,139,135,2026-03-17 01:09:13,44,Preparing,695.56
5601,286,85,132,2025-11-16 00:03:16,31,Cancelled,1401.51
5602,990,18,61,2024-09-15 13:38:13,32,Delivered,1664.81
5603,949,35,185,2024-09-13 09:19:14,52,Preparing,1773.14
5604,426,1,177,2025-07-14 10:40:28,36,Preparing,867.69
5605,713,117,86,2025-06-03 06:47:22,57,Preparing,1779.99
5606,596,54,65,2025-09-16 19:40:11,39,Cancelled,1001.29
5607,28,29,40,2026-01-21 19:59:22,68,Delivered,1762.8
5608,294,76,123,2025-06-29 18:14:07,53,Delivered,1335.97
5609,686,90,105,2024-12-03 10:58:14,22,Preparing,265.34
5610,369,105,142,2026-04-29 00:33:12,66,Delivered,1313.66
5611,719,62,223,2025-07-19 07:52:06,18,Preparing,1488.79
5612,29,108,86,2026-03-08 11:43:43,54,Delivered,199.92
5613,324,60,27,2025-07-02 19:54:33,39,Delivered,1315.81
5614,461,77,62,2026-07-24 04:23:26,30,Delivered,1531.04
5615,984,46,207,2025-02-03 15:14:21,56,Delivered,1648.93
5616,70,138,106,2026-05-26 07:58:34,55,Delivered,619.04
5617,468,91,108,2025-01-21 11:41:36,27,Cancelled,1469.67
5618,108,34,161,2024-12-13 18:49:54,19,Delivered,1302.57
5619,504,140,217,2026-05-15 11:46:39,26,Delivered,955.65
5620,777,13,232,2025-10-03 18:34:32,40,Delivered,676.27
5621,904,77,89,2026-06-19 23:40:04,54,Cancelled,696.69
5622,411,97,60,2025-01-05 16:43:40,37,Delivered,1319.27
5623,304,21,134,2026-06-14 03:27:41,16,Delivered,1559.95
5624,697,134,46,2026-06-06 10:17:19,36,Delivered,1697.93
5625,937,134,181,2025-08-22 16:03:32,49,Delivered,1113.6
5626,934,81,214,2025-11-14 09:49:21,54,Delivered,1122.4
5627,732,135,195,2026-06-22 15:26:53,34,Delivered,977.48
5628,161,137,74,2025-05-24 09:14:30,43,Cancelled,691.76
5629,46,63,21,2026-01-02 22:25:00,57,Delivered,1262.94
5630,835,139,143,2026-04-03 08:48:27,70,Preparing,300.43
5631,752,43,54,2026-06-14 17:26:20,62,Delivered,177.67
5632,889,111,242,2025-01-03 09:30:11,39,Delivered,1767.27
5633,130,114,238,2025-01-11 15:54:45,70,Delivered,1049.48
5634,140,110,242,2026-04-22 17:58:34,49,Delivered,1433.36
5635,191,121,37,2025-08-08 17:27:23,48,Delivered,774.89
5636,30,63,39,2025-06-10 14:02:43,15,Delivered,1656.07
5637,460,144,58,2026-06-28 05:08:02,68,Delivered,1750.42
5638,980,2,105,2026-03-01 06:18:51,26,Delivered,525.47
5639,228,69,164,2024-10-01 18:23:03,55,Delivered,1585.64
5640,775,95,123,2025-08-25 19:40:41,30,Delivered,851.72
5641,198,34,220,2025-04-16 05:10:04,66,Cancelled,897.31
5642,660,10,15,2025-12-04 06:46:46,31,Delivered,710.43
5643,366,150,121,2024-10-25 15:28:26,28,Delivered,357.61
5644,474,57,191,2026-06-15 02:55:30,55,Delivered,358.83
5645,564,89,209,2025-12-01 06:11:38,66,Delivered,1654.14
5646,320,42,202,2025-09-23 07:18:33,31,Delivered,1349.25
5647,157,85,88,2026-07-08 06:01:47,36,Delivered,827.4
5648,619,58,149,2026-04-20 05:43:31,65,Delivered,1660.58
5649,470,10,76,2026-03-03 15:19:57,21,Delivered,936.52
5650,572,138,219,2026-05-02 12:44:51,19,Delivered,1113.24
5651,653,74,103,2026-03-17 13:24:22,70,Delivered,534.2
5652,401,88,98,2025-06-06 16:29:32,53,Delivered,1740.45
5653,286,132,172,2024-12-13 13:39:47,31,Delivered,861.54
5654,765,59,54,2025-06-02 22:14:54,26,Delivered,1178.94
5655,73,42,73,2025-07-17 09:01:33,49,Delivered,731.21
5656,477,113,8,2024-10-18 10:17:54,15,Delivered,848.35
5657,166,62,174,2025-02-06 13:27:09,54,Delivered,666.1
5658,861,72,246,2025-07-01 04:52:08,25,Delivered,202.43
5659,423,7,163,2025-09-30 22:20:52,50,Delivered,490.44
5660,88,33,242,2025-03-22 17:35:53,60,Delivered,1568.1
5661,251,148,131,2026-03-24 13:19:28,16,Delivered,548.18
5662,969,130,128,2024-10-21 11:05:55,20,Cancelled,770.27
5663,558,58,64,2024-07-29 16:49:16,37,Delivered,1180.51
5664,329,141,199,2024-09-24 20:10:27,19,Delivered,1261.54
5665,970,30,94,2024-12-23 12:59:43,67,Delivered,904.11
5666,858,51,84,2024-11-26 11:54:54,40,Delivered,363.35
5667,672,116,126,2025-12-26 16:06:10,25,Delivered,910.33
5668,327,98,94,2025-08-25 23:05:42,53,Delivered,1174.64
5669,474,149,171,2026-04-04 12:44:07,33,Delivered,966.15
5670,582,88,157,2024-11-27 21:26:46,51,Delivered,756.94
5671,913,88,83,2025-01-01 06:46:10,56,Delivered,1188.17
5672,138,145,182,2026-06-28 04:01:38,55,Delivered,339.31
5673,527,94,225,2025-01-20 07:10:47,68,Delivered,272.61
5674,230,89,242,2026-02-05 21:26:28,25,Delivered,366.12
5675,874,94,37,2025-11-13 21:53:33,66,Preparing,1704.97
5676,916,136,166,2024-11-24 09:37:16,47,Delivered,1402.86
5677,404,81,25,2024-10-14 01:48:15,70,Delivered,1188.1
5678,190,24,77,2026-01-02 19:39:25,68,Preparing,960.85
5679,728,76,82,2025-09-21 22:22:28,24,Delivered,487.44
5680,809,35,122,2026-05-19 14:48:17,55,Delivered,1177.89
5681,269,119,52,2025-08-27 17:13:50,16,Delivered,1428.11
5682,145,77,244,2026-02-16 22:01:41,18,Delivered,1352.49
5683,700,62,45,2025-01-18 21:34:04,61,Preparing,1446.53
5684,756,73,225,2025-04-26 09:27:54,33,Delivered,1308.68
5685,597,52,198,2026-06-26 08:04:54,42,Delivered,1212.58
5686,814,6,148,2024-12-21 04:22:57,31,Delivered,1465.41
5687,91,142,231,2025-07-22 04:48:13,17,Delivered,1520.25
5688,169,91,123,2026-02-21 15:25:45,51,Delivered,1087.5
5689,725,7,73,2025-11-07 03:57:06,67,Delivered,1656.61
5690,91,35,205,2026-02-14 18:26:57,56,Delivered,403.87
5691,310,105,3,2026-05-25 01:06:05,20,Delivered,1130.67
5692,978,30,53,2024-09-16 05:32:12,66,Delivered,1739.33
5693,239,68,206,2025-09-12 10:46:37,47,Delivered,930.44
5694,207,55,154,2025-08-03 11:02:27,64,Delivered,863.47
5695,181,119,110,2025-04-07 18:48:13,49,Delivered,456.31
5696,245,75,210,2026-01-30 04:12:31,23,Delivered,342.22
5697,27,43,159,2026-07-27 13:10:01,20,Cancelled,1317.79
5698,515,22,58,2026-03-14 16:15:02,17,Delivered,1126.9
5699,313,144,9,2026-02-20 22:50:23,25,Delivered,1718.8
5700,52,143,140,2026-01-24 00:23:08,56,Delivered,265.89
5701,389,106,78,2024-08-13 10:20:33,66,Delivered,460.62
5702,845,147,28,2025-06-09 11:02:41,58,Delivered,1123.65
5703,526,40,18,2026-06-24 17:42:33,57,Delivered,679.54
5704,988,144,187,2025-08-07 15:50:56,67,Delivered,305.27
5705,983,39,60,2025-08-15 23:52:04,63,Delivered,1573.25
5706,409,126,14,2025-05-24 14:25:41,34,Preparing,1324.02
5707,713,18,234,2024-10-10 19:55:52,45,Delivered,1566.12
5708,223,141,231,2025-12-16 10:23:02,51,Delivered,340.0
5709,519,123,75,2024-08-31 19:28:11,17,Delivered,1580.23
5710,115,62,185,2025-06-22 05:20:48,28,Delivered,187.83
5711,909,64,70,2026-03-07 21:23:46,66,Delivered,757.0
5712,29,127,20,2025-11-29 17:43:34,31,Cancelled,933.34
5713,401,89,15,2026-02-10 21:46:43,67,Delivered,898.74
5714,770,40,92,2025-05-12 15:11:22,60,Cancelled,907.73
5715,232,20,212,2026-05-01 06:22:03,39,Delivered,494.8
5716,404,7,214,2025-10-24 02:48:52,27,Delivered,1733.47
5717,516,20,24,2024-12-05 19:31:46,56,Preparing,1258.53
5718,788,15,81,2024-08-02 22:28:52,64,Cancelled,1395.82
5719,1000,8,245,2025-12-04 03:07:54,27,Delivered,1096.0
5720,389,53,16,2026-06-27 05:22:42,42,Delivered,911.73
5721,14,89,153,2026-07-24 18:44:39,53,Delivered,1658.1
5722,884,102,102,2025-09-20 02:47:28,58,Delivered,1571.14
5723,141,64,56,2025-09-08 00:21:59,59,Delivered,198.31
5724,111,82,134,2024-10-15 02:04:17,67,Delivered,193.61
5725,508,17,71,2026-05-25 04:07:35,56,Delivered,844.41
5726,256,47,56,2025-12-19 04:29:48,34,Delivered,200.52
5727,771,104,87,2026-04-21 17:01:15,49,Delivered,633.7
5728,903,139,178,2025-02-20 23:36:06,48,Delivered,1178.03
5729,667,44,63,2025-02-06 04:41:36,44,Delivered,1358.14
5730,861,148,127,2026-03-19 09:24:59,26,Delivered,1554.01
5731,333,139,215,2024-09-25 08:45:10,59,Delivered,766.83
5732,969,87,191,2025-11-23 12:58:22,32,Delivered,1798.24
5733,116,55,159,2024-11-05 01:05:57,64,Delivered,1100.58
5734,431,7,247,2025-07-26 20:41:39,28,Preparing,1006.98
5735,170,61,110,2025-11-12 07:12:42,46,Delivered,1649.64
5736,561,126,51,2025-07-09 09:22:18,40,Cancelled,1537.96
5737,198,38,244,2025-06-12 07:50:56,30,Delivered,203.69
5738,712,61,106,2024-10-27 18:26:33,31,Delivered,1006.16
5739,424,108,231,2025-07-21 20:33:31,66,Delivered,860.7
5740,492,69,26,2026-07-12 06:24:15,40,Delivered,1415.09
5741,134,10,103,2025-08-23 21:15:26,29,Delivered,699.31
5742,912,44,148,2026-01-19 17:25:01,43,Delivered,211.57
5743,267,92,132,2024-10-23 00:32:45,34,Delivered,320.67
5744,768,69,65,2025-04-28 17:40:52,66,Delivered,875.03
5745,558,29,181,2025-11-01 23:41:32,34,Delivered,1310.03
5746,914,18,19,2025-06-19 12:14:18,41,Delivered,345.13
5747,315,99,235,2025-10-22 05:13:19,16,Cancelled,1597.79
5748,78,23,133,2026-05-22 18:51:50,53,Delivered,1385.05
5749,23,86,88,2025-09-16 05:51:33,36,Delivered,594.86
5750,995,90,233,2025-12-10 16:36:12,31,Delivered,807.09
5751,994,64,98,2025-02-05 21:00:16,47,Delivered,1676.08
5752,966,60,128,2025-09-22 06:49:43,43,Delivered,590.41
5753,28,51,75,2026-01-18 03:51:53,66,Delivered,1192.61
5754,323,72,87,2025-03-18 05:35:10,69,Delivered,1263.04
5755,807,109,8,2025-04-26 20:56:46,15,Delivered,161.46
5756,89,24,154,2025-12-24 06:38:03,41,Delivered,377.15
5757,509,39,245,2025-08-19 11:11:56,29,Preparing,771.07
5758,602,121,233,2024-12-14 11:19:24,32,Delivered,1289.27
5759,668,114,191,2026-02-19 12:11:11,70,Delivered,794.46
5760,544,60,137,2026-01-04 18:49:13,38,Delivered,1593.34
5761,965,149,84,2024-08-10 23:38:58,68,Delivered,894.12
5762,809,150,50,2026-02-05 08:17:04,31,Delivered,1331.62
5763,588,22,105,2026-04-28 11:00:50,58,Preparing,745.17
5764,557,30,18,2026-02-17 12:50:21,27,Delivered,1293.74
5765,266,5,62,2024-11-23 02:19:02,32,Delivered,1186.8
5766,576,70,49,2026-01-24 22:20:41,70,Delivered,931.87
5767,475,9,4,2025-05-28 14:21:56,59,Delivered,1487.28
5768,951,147,85,2025-05-17 18:53:58,60,Delivered,703.38
5769,727,32,79,2025-05-11 09:27:49,66,Delivered,1725.18
5770,262,73,157,2026-01-20 14:37:24,62,Delivered,1100.53
5771,301,36,214,2026-04-28 12:15:24,20,Preparing,1390.1
5772,488,91,217,2025-06-04 04:09:22,42,Delivered,715.61
5773,513,2,248,2025-09-16 17:31:14,15,Delivered,1745.29
5774,761,18,166,2025-05-23 16:36:28,43,Delivered,654.95
5775,594,73,179,2026-03-14 06:17:14,63,Delivered,453.81
5776,321,31,209,2024-12-08 17:44:50,41,Delivered,1058.82
5777,844,42,109,2025-11-16 03:14:22,32,Preparing,998.74
5778,499,24,176,2026-06-04 17:13:13,58,Cancelled,237.48
5779,456,4,120,2025-04-29 22:44:07,50,Preparing,320.68
5780,700,73,163,2025-10-18 11:34:15,56,Delivered,818.31
5781,77,62,11,2026-05-04 07:16:40,69,Delivered,1798.47
5782,970,145,78,2024-10-10 05:33:23,50,Delivered,1303.1
5783,874,74,45,2024-11-13 12:51:07,55,Delivered,1201.21
5784,911,63,81,2025-04-06 11:13:27,60,Delivered,397.09
5785,909,139,52,2025-07-12 04:54:13,55,Delivered,428.82
5786,548,121,183,2025-01-03 14:58:19,37,Cancelled,1236.42
5787,588,143,32,2025-03-25 07:57:19,57,Delivered,1665.2
5788,425,84,97,2025-11-20 02:26:34,32,Delivered,1718.47
5789,484,25,212,2025-08-27 00:58:30,20,Delivered,1074.61
5790,905,17,214,2025-11-01 19:08:23,48,Cancelled,1734.22
5791,983,10,173,2025-10-11 07:17:32,48,Delivered,608.03
5792,955,1,125,2026-06-21 05:00:16,61,Delivered,341.39
5793,427,31,20,2024-12-02 06:53:18,34,Preparing,575.36
5794,391,21,248,2025-04-21 19:29:57,21,Preparing,1562.83
5795,247,16,195,2025-04-08 09:24:30,51,Delivered,1470.4
5796,177,78,224,2025-01-18 16:09:39,46,Delivered,1357.25
5797,789,133,235,2025-11-08 22:01:54,49,Cancelled,1412.9
5798,994,48,62,2025-02-25 23:25:20,46,Preparing,1254.02
5799,994,75,144,2026-01-01 08:54:06,58,Delivered,1351.21
5800,470,2,15,2025-07-02 01:24:33,45,Delivered,1614.14
5801,648,38,88,2025-11-29 01:24:48,30,Delivered,1686.85
5802,161,23,193,2025-12-05 10:02:12,56,Delivered,1065.63
5803,32,141,249,2024-08-05 01:54:13,25,Delivered,820.2
5804,586,150,16,2026-03-14 11:26:57,54,Delivered,819.68
5805,746,5,38,2025-07-09 04:34:49,49,Delivered,1652.43
5806,864,53,141,2026-02-22 10:05:21,28,Delivered,1216.87
5807,370,118,17,2025-03-17 10:04:03,41,Delivered,1400.67
5808,685,136,35,2026-06-17 16:50:40,21,Delivered,151.92
5809,15,49,175,2024-11-12 02:08:22,62,Delivered,1522.74
5810,768,6,115,2025-10-22 01:02:58,17,Delivered,954.24
5811,796,16,136,2026-05-29 07:54:20,55,Delivered,1359.74
5812,942,112,193,2025-11-13 04:17:40,66,Preparing,520.91
5813,38,128,205,2024-08-15 12:29:14,68,Delivered,1315.4
5814,585,132,61,2025-07-09 17:53:36,32,Delivered,1129.88
5815,689,112,126,2025-02-22 07:35:27,61,Delivered,876.43
5816,420,46,158,2025-11-28 09:08:22,41,Delivered,1556.5
5817,818,74,173,2025-08-02 03:30:52,70,Delivered,711.52
5818,325,114,35,2024-11-16 22:00:30,42,Delivered,744.74
5819,283,23,198,2026-03-15 03:01:53,53,Delivered,978.54
5820,458,70,128,2025-11-20 13:37:32,45,Delivered,155.76
5821,942,11,50,2025-06-14 01:52:11,34,Delivered,368.42
5822,153,16,48,2025-06-22 15:46:31,42,Preparing,805.38
5823,232,15,56,2025-10-30 12:52:33,23,Delivered,791.75
5824,975,66,89,2025-03-22 14:03:23,25,Preparing,762.51
5825,454,58,62,2024-09-15 22:36:37,15,Delivered,1330.98
5826,34,119,193,2026-03-14 20:16:37,64,Delivered,1429.67
5827,41,98,59,2025-07-04 04:03:58,36,Delivered,999.65
5828,151,39,70,2025-10-17 23:25:11,44,Delivered,939.75
5829,126,33,88,2025-11-21 15:35:57,60,Delivered,945.61
5830,649,148,152,2025-06-01 22:09:41,16,Delivered,1467.61
5831,861,54,103,2025-08-09 07:58:43,61,Preparing,823.52
5832,954,54,50,2024-08-14 20:03:42,23,Delivered,530.4
5833,265,34,39,2025-10-08 22:05:27,49,Preparing,1300.3
5834,164,134,60,2024-08-01 01:14:38,44,Delivered,1447.76
5835,876,57,128,2025-10-01 18:46:31,58,Delivered,706.08
5836,594,54,27,2026-03-28 08:12:30,17,Delivered,528.56
5837,483,14,2,2025-11-03 10:31:03,49,Delivered,665.12
5838,671,54,65,2025-07-19 05:55:26,17,Delivered,885.52
5839,274,51,49,2025-03-24 12:18:01,29,Cancelled,474.48
5840,127,138,228,2026-01-12 21:31:26,66,Delivered,1030.07
5841,376,103,163,2026-01-08 00:20:41,64,Preparing,361.01
5842,662,125,229,2025-08-19 21:29:17,50,Delivered,170.86
5843,476,57,113,2025-02-12 01:23:42,21,Delivered,1471.56
5844,658,96,193,2025-10-06 08:50:14,58,Delivered,937.91
5845,432,147,169,2025-04-28 10:13:32,39,Delivered,1624.51
5846,669,99,76,2026-01-12 13:44:13,38,Delivered,738.29
5847,310,37,25,2025-11-20 22:16:56,38,Delivered,1299.6
5848,811,57,119,2026-05-20 18:00:46,54,Delivered,867.88
5849,31,83,53,2025-10-15 13:20:18,60,Delivered,1509.45
5850,203,110,134,2025-03-06 19:53:41,48,Delivered,486.89
5851,744,34,135,2025-06-09 02:58:56,50,Delivered,1474.6
5852,39,57,155,2025-02-28 06:48:13,44,Delivered,1151.86
5853,936,133,221,2024-09-25 12:37:22,28,Delivered,282.5
5854,382,6,61,2025-08-28 11:04:22,25,Delivered,991.19
5855,776,149,212,2024-12-26 09:23:48,58,Delivered,719.98
5856,372,21,175,2026-04-13 13:27:19,58,Delivered,360.82
5857,12,102,112,2025-11-13 12:21:45,42,Cancelled,1365.13
5858,537,104,164,2026-04-12 23:34:00,57,Delivered,815.4
5859,469,58,77,2025-08-24 14:02:29,46,Delivered,304.47
5860,305,146,148,2026-05-17 22:22:33,58,Delivered,556.91
5861,573,150,92,2025-03-20 20:13:42,61,Delivered,1619.45
5862,1,60,136,2024-10-24 11:30:32,36,Delivered,391.95
5863,481,98,44,2025-06-13 06:15:16,24,Delivered,731.57
5864,778,103,62,2025-07-22 22:38:18,58,Delivered,489.73
5865,693,107,59,2025-02-02 10:38:53,53,Delivered,1164.89
5866,939,74,2,2025-03-10 12:24:56,27,Delivered,723.98
5867,807,74,107,2026-05-11 15:40:32,38,Delivered,1243.16
5868,377,51,20,2025-07-20 01:31:12,45,Delivered,959.49
5869,33,14,39,2025-09-05 04:09:19,62,Cancelled,175.91
5870,150,120,241,2025-11-30 07:58:11,28,Delivered,770.47
5871,700,43,90,2025-04-21 18:16:14,62,Delivered,1461.3
5872,210,48,44,2025-01-05 06:27:07,61,Delivered,1664.9
5873,463,69,145,2025-06-03 17:14:11,28,Delivered,257.76
5874,684,101,2,2026-02-18 11:03:21,66,Delivered,354.34
5875,618,3,78,2025-10-23 17:56:15,50,Delivered,803.95
5876,994,6,192,2025-09-18 17:23:45,43,Delivered,1567.12
5877,158,106,80,2026-04-17 23:42:10,34,Preparing,888.0
5878,788,143,227,2025-09-16 05:25:47,51,Delivered,476.21
5879,481,132,92,2024-10-20 00:45:18,54,Delivered,1700.08
5880,94,124,111,2025-05-20 20:32:15,65,Delivered,1496.55
5881,687,6,154,2025-03-13 14:49:57,27,Delivered,1665.45
5882,300,94,164,2026-03-24 02:46:41,50,Delivered,621.18
5883,770,126,209,2025-10-25 21:17:34,30,Delivered,840.47
5884,985,148,214,2025-09-16 14:29:37,34,Delivered,964.7
5885,219,60,139,2024-08-19 18:38:01,43,Delivered,1605.6
5886,763,84,34,2025-02-20 01:36:21,47,Preparing,199.49
5887,340,100,112,2025-03-11 07:48:43,37,Preparing,294.99
5888,196,114,139,2025-03-31 12:53:05,66,Cancelled,1371.25
5889,454,24,152,2024-08-05 17:38:03,48,Preparing,1040.58
5890,243,114,71,2026-04-05 11:43:32,30,Delivered,735.35
5891,621,104,131,2025-11-10 22:12:06,35,Delivered,980.55
5892,405,41,192,2024-12-05 12:23:33,35,Delivered,545.58
5893,524,147,166,2025-12-25 22:31:48,52,Delivered,793.39
5894,403,43,68,2025-12-08 04:10:21,29,Delivered,1593.53
5895,367,65,136,2025-09-01 21:31:42,40,Delivered,441.73
5896,115,48,210,2026-04-16 06:14:58,21,Delivered,791.65
5897,843,61,130,2025-05-31 11:30:39,43,Delivered,1009.84
5898,47,54,85,2026-06-09 08:20:07,70,Delivered,1176.13
5899,391,110,1,2024-08-05 18:18:49,34,Delivered,246.69
5900,489,104,67,2025-04-08 19:02:27,43,Delivered,860.02
5901,936,150,32,2024-12-08 19:21:30,57,Delivered,285.17
5902,84,48,46,2024-10-28 22:11:37,22,Delivered,223.06
5903,773,61,187,2026-05-09 03:59:47,51,Delivered,818.35
5904,321,90,142,2026-06-18 12:08:38,65,Delivered,979.47
5905,949,18,164,2024-08-22 10:50:48,51,Preparing,223.28
5906,807,78,32,2024-12-03 11:12:00,35,Delivered,515.66
5907,222,96,34,2025-06-03 13:34:30,69,Delivered,1329.17
5908,678,103,1,2024-11-14 10:45:32,21,Delivered,1000.78
5909,324,1,197,2025-07-20 07:57:31,70,Delivered,1117.1
5910,805,124,50,2024-08-28 10:06:52,65,Delivered,324.78
5911,897,8,18,2025-06-02 04:41:32,26,Cancelled,1487.57
5912,877,120,25,2025-06-04 22:04:13,49,Delivered,768.39
5913,57,99,192,2025-03-11 05:14:37,56,Delivered,1136.27
5914,623,146,198,2025-10-01 11:53:58,52,Delivered,1657.02
5915,641,96,10,2025-11-08 12:26:16,37,Delivered,1099.72
5916,688,57,214,2026-06-29 11:01:32,51,Delivered,872.74
5917,514,111,204,2024-09-14 14:29:57,57,Delivered,946.99
5918,550,3,165,2024-08-12 02:31:41,34,Delivered,393.55
5919,872,53,182,2026-05-12 09:47:14,25,Delivered,1713.75
5920,871,143,233,2025-09-24 21:12:38,60,Preparing,1548.33
5921,375,5,126,2024-12-15 04:57:57,59,Delivered,847.23
5922,158,57,54,2025-02-24 05:07:20,67,Delivered,1407.97
5923,287,148,91,2025-09-17 07:57:44,25,Preparing,219.45
5924,893,68,11,2026-05-07 12:16:56,57,Delivered,1786.84
5925,219,123,224,2025-02-10 07:29:59,58,Delivered,1682.71
5926,508,93,134,2025-05-03 13:44:30,50,Delivered,404.92
5927,460,66,139,2025-09-06 00:35:05,15,Delivered,325.26
5928,708,47,232,2024-10-18 03:12:39,41,Delivered,1372.08
5929,739,9,167,2026-03-19 06:34:52,29,Preparing,1791.22
5930,607,95,242,2025-01-17 01:27:30,19,Delivered,959.14
5931,96,44,29,2024-07-29 11:40:53,22,Delivered,229.31
5932,659,17,139,2025-10-04 03:22:25,20,Cancelled,1250.92
5933,135,59,224,2026-06-10 10:50:05,58,Delivered,1154.36
5934,227,51,16,2025-09-21 04:50:46,26,Delivered,1113.13
5935,764,131,197,2025-10-17 05:31:33,46,Delivered,1660.2
5936,61,110,202,2025-10-03 13:37:35,24,Delivered,1454.68
5937,836,88,154,2024-12-23 14:31:24,42,Delivered,1284.41
5938,718,27,217,2026-06-08 15:28:43,16,Cancelled,1311.42
5939,649,28,147,2025-12-28 03:32:49,63,Delivered,1053.5
5940,991,74,92,2026-04-14 22:27:14,16,Delivered,296.94
5941,145,13,216,2024-08-30 00:35:58,28,Delivered,159.71
5942,126,104,202,2025-04-11 06:56:08,32,Delivered,1703.35
5943,912,143,197,2025-08-07 19:22:28,15,Delivered,1382.8
5944,827,105,215,2025-03-23 01:23:56,17,Cancelled,1307.42
5945,709,128,233,2025-12-28 22:46:59,21,Delivered,1477.33
5946,566,61,70,2026-04-22 22:33:53,42,Delivered,584.96
5947,580,91,8,2025-09-22 03:50:00,67,Delivered,1124.53
5948,832,86,213,2025-09-30 02:07:36,47,Delivered,1515.7
5949,709,117,68,2025-01-29 02:48:11,36,Delivered,1130.3
5950,226,140,235,2025-11-21 17:48:28,68,Delivered,1228.87
5951,499,67,37,2025-11-03 05:12:43,53,Preparing,278.99
5952,147,5,75,2026-02-21 10:12:50,54,Delivered,1684.36
5953,667,114,233,2025-08-01 00:26:03,42,Delivered,1549.15
5954,691,137,74,2025-02-17 11:54:37,44,Delivered,794.38
5955,88,89,50,2026-05-07 09:22:09,17,Delivered,1697.96
5956,991,74,127,2026-05-23 20:37:10,23,Delivered,1189.52
5957,127,121,76,2026-02-26 13:36:36,58,Delivered,1618.73
5958,328,150,233,2024-10-19 09:15:15,15,Delivered,1440.82
5959,703,100,34,2025-10-01 20:23:11,53,Delivered,1729.57
5960,87,31,195,2025-04-25 01:52:29,39,Delivered,1418.4
5961,554,103,112,2025-06-17 04:13:02,15,Delivered,658.93
5962,535,33,70,2026-06-01 07:29:54,66,Preparing,1595.61
5963,609,106,124,2025-01-28 19:22:09,56,Delivered,803.13
5964,388,41,215,2024-08-09 09:06:36,46,Delivered,1505.51
5965,303,12,41,2024-11-22 02:07:17,19,Cancelled,1506.07
5966,510,34,53,2026-07-17 21:14:44,20,Delivered,393.4
5967,152,71,46,2025-07-11 07:40:04,27,Delivered,713.59
5968,761,100,213,2026-04-02 08:33:19,17,Delivered,679.7
5969,858,134,215,2025-05-12 21:13:41,54,Delivered,794.29
5970,65,116,47,2026-07-09 22:03:51,21,Delivered,1551.22
5971,348,39,3,2024-08-07 22:44:39,55,Delivered,1358.05
5972,234,85,51,2024-09-03 18:12:19,64,Delivered,1336.34
5973,528,70,96,2024-07-29 13:18:19,41,Delivered,1160.82
5974,850,59,74,2025-01-10 09:24:49,57,Delivered,396.55
5975,744,32,2,2024-09-02 17:37:00,53,Delivered,392.36
5976,900,149,70,2026-01-07 23:15:07,31,Cancelled,523.26
5977,112,71,233,2025-04-22 23:10:42,59,Delivered,273.92
5978,883,8,207,2026-02-08 11:05:57,49,Preparing,951.04
5979,228,68,178,2025-05-28 06:41:14,66,Cancelled,1273.51
5980,651,120,225,2026-03-11 04:42:30,68,Delivered,1407.4
5981,155,78,12,2026-01-07 07:44:40,63,Delivered,1681.15
5982,438,136,38,2025-06-07 07:31:42,29,Delivered,961.94
5983,963,145,222,2024-10-16 03:38:08,58,Preparing,1003.12
5984,515,28,168,2025-11-01 00:26:50,15,Preparing,1476.63
5985,581,99,39,2026-06-19 06:18:55,70,Delivered,1756.15
5986,353,119,133,2026-06-04 09:02:22,64,Delivered,1479.13
5987,831,56,174,2026-03-25 18:49:48,36,Delivered,931.23
5988,996,73,199,2025-11-04 07:58:40,70,Delivered,360.37
5989,219,77,129,2025-05-01 11:48:53,48,Preparing,387.12
5990,767,127,211,2025-12-12 02:07:01,55,Delivered,662.85
5991,766,48,33,2025-01-02 23:25:13,55,Delivered,689.44
5992,70,120,249,2024-08-11 11:47:12,48,Delivered,1399.42
5993,567,7,85,2026-07-06 18:47:18,17,Preparing,565.41
5994,375,59,142,2025-05-02 16:37:25,62,Delivered,992.79
5995,484,41,2,2025-05-25 23:14:01,31,Delivered,930.14
5996,389,97,182,2025-03-13 11:24:46,17,Delivered,1041.55
5997,994,127,77,2024-10-12 11:26:28,35,Delivered,1515.86
5998,458,21,186,2025-10-05 10:37:12,57,Delivered,1182.52
5999,321,54,19,2025-02-16 20:01:23,58,Delivered,504.99
6000,934,100,143,2026-03-17 00:10:47,38,Delivered,319.49
6001,796,35,102,2025-10-11 04:06:07,23,Delivered,1230.49
6002,493,76,183,2024-12-24 20:52:18,20,Delivered,1725.25
6003,226,1,163,2026-05-01 05:21:56,67,Delivered,1478.69
6004,84,72,237,2025-07-04 11:33:46,33,Delivered,1124.95
6005,889,98,239,2025-09-22 13:15:04,34,Delivered,911.25
6006,278,53,55,2025-12-27 13:23:57,19,Delivered,1160.34
6007,491,25,208,2026-05-16 03:19:48,22,Delivered,748.0
6008,233,63,228,2026-06-25 22:35:45,32,Delivered,1689.18
6009,169,111,216,2025-03-14 13:37:12,54,Delivered,302.19
6010,769,12,192,2025-06-29 14:27:48,28,Delivered,649.2
6011,302,78,154,2025-07-12 16:14:24,53,Delivered,1369.17
6012,556,92,209,2025-10-14 09:26:40,50,Delivered,1184.38
6013,752,136,135,2024-09-07 06:53:35,47,Delivered,1688.78
6014,525,104,14,2025-08-23 11:40:07,60,Preparing,1484.85
6015,134,30,94,2026-03-12 06:45:50,51,Delivered,973.58
6016,262,56,117,2025-08-05 18:37:22,42,Preparing,512.32
6017,131,126,232,2026-07-08 23:21:35,33,Delivered,224.31
6018,942,54,55,2026-02-09 02:11:23,22,Delivered,457.26
6019,892,83,68,2026-07-07 15:24:03,50,Delivered,1601.72
6020,15,75,116,2024-08-13 05:08:18,28,Delivered,1767.92
6021,750,135,56,2025-12-18 18:01:47,66,Delivered,914.48
6022,471,121,186,2024-10-28 23:04:50,69,Delivered,160.52
6023,19,57,104,2025-09-14 08:43:08,39,Delivered,1796.73
6024,781,91,103,2025-07-30 18:11:04,15,Delivered,1745.52
6025,387,36,42,2024-12-01 21:20:27,69,Preparing,1556.62
6026,124,47,202,2025-06-15 23:20:54,58,Delivered,359.65
6027,595,55,220,2026-06-11 04:06:58,69,Delivered,1577.6
6028,551,43,124,2025-12-10 07:03:02,50,Delivered,1408.22
6029,137,110,67,2026-04-14 06:34:16,60,Delivered,1137.85
6030,203,3,233,2024-08-25 04:28:21,34,Delivered,744.25
6031,601,111,146,2024-08-22 07:41:45,25,Delivered,210.53
6032,412,103,169,2024-10-24 19:58:21,40,Delivered,600.72
6033,361,60,25,2025-12-01 04:39:17,26,Delivered,1228.16
6034,271,53,88,2026-03-03 16:46:51,48,Delivered,607.24
6035,900,144,24,2025-01-03 13:11:57,22,Preparing,1235.41
6036,881,111,90,2025-06-26 06:55:54,21,Delivered,581.29
6037,122,8,224,2025-05-14 06:50:34,39,Delivered,921.68
6038,699,23,122,2026-06-19 05:24:11,63,Delivered,656.43
6039,728,58,203,2026-01-14 09:30:39,39,Delivered,1716.99
6040,98,22,177,2024-11-01 12:05:13,41,Delivered,1105.98
6041,948,93,189,2024-09-04 00:57:22,67,Delivered,1181.95
6042,382,147,239,2025-01-24 10:18:09,31,Delivered,1177.4
6043,512,147,194,2025-02-24 20:28:41,27,Preparing,494.15
6044,874,105,50,2026-07-12 19:41:51,59,Delivered,1100.73
6045,182,126,103,2025-03-15 16:24:07,44,Delivered,962.41
6046,500,94,146,2025-03-21 10:09:20,28,Delivered,1072.35
6047,74,54,214,2025-02-09 20:21:31,64,Delivered,951.12
6048,610,19,150,2024-11-08 05:21:42,37,Delivered,1493.14
6049,569,7,246,2025-11-08 05:25:21,50,Delivered,1469.09
6050,184,111,202,2025-11-03 10:50:04,46,Cancelled,466.78
6051,623,4,174,2026-07-27 17:46:11,66,Delivered,819.97
6052,373,8,9,2024-08-31 16:03:37,21,Delivered,519.51
6053,109,86,79,2025-05-30 14:56:03,48,Preparing,657.9
6054,188,51,106,2025-08-08 22:58:13,31,Delivered,407.87
6055,77,67,150,2025-02-27 02:04:47,53,Delivered,154.18
6056,744,135,244,2025-12-27 18:58:03,40,Delivered,1690.72
6057,796,65,212,2025-04-21 10:28:03,44,Delivered,180.6
6058,860,147,245,2025-06-21 19:02:53,20,Delivered,1644.46
6059,230,136,170,2025-10-05 23:04:17,16,Delivered,1161.61
6060,587,98,119,2026-06-29 23:14:14,57,Delivered,895.95
6061,38,150,173,2026-07-20 17:41:00,40,Delivered,1471.59
6062,780,50,118,2025-06-05 10:16:16,26,Delivered,519.14
6063,178,15,94,2026-04-25 19:28:33,47,Delivered,1086.56
6064,450,41,230,2026-07-10 23:10:52,32,Preparing,1173.74
6065,481,27,171,2025-05-15 17:35:26,69,Delivered,750.66
6066,937,114,159,2024-12-04 02:16:03,27,Delivered,1596.13
6067,479,2,31,2025-03-19 18:24:03,22,Delivered,658.62
6068,634,25,214,2026-07-29 04:22:07,44,Delivered,489.24
6069,828,47,187,2024-08-28 01:26:36,68,Cancelled,157.59
6070,990,109,131,2025-05-18 12:47:04,36,Delivered,1060.51
6071,549,141,108,2024-11-16 04:11:14,63,Delivered,1681.03
6072,537,88,173,2026-04-01 15:40:42,53,Delivered,1703.91
6073,513,97,248,2026-03-25 10:42:41,45,Cancelled,1499.47
6074,851,76,213,2024-11-03 23:11:40,28,Preparing,1661.08
6075,876,106,71,2024-10-27 19:22:46,32,Cancelled,234.25
6076,392,52,39,2025-04-06 10:00:11,46,Delivered,963.11
6077,435,90,153,2026-07-06 00:09:38,40,Delivered,1467.52
6078,754,86,133,2025-04-22 09:44:55,43,Delivered,788.96
6079,634,67,210,2025-11-15 20:38:44,52,Delivered,1754.54
6080,763,21,90,2025-11-05 01:03:32,37,Delivered,1485.1
6081,245,71,219,2025-07-02 20:39:33,43,Preparing,1574.83
6082,664,10,184,2026-06-06 13:18:31,55,Delivered,188.8
6083,374,62,114,2025-08-04 02:15:13,46,Delivered,1218.3
6084,573,70,174,2024-11-12 10:01:51,68,Delivered,1158.38
6085,323,59,165,2025-03-31 01:30:00,54,Delivered,1597.92
6086,243,113,207,2026-07-23 07:26:50,67,Delivered,1064.04
6087,965,9,198,2025-06-24 12:51:57,45,Delivered,768.09
6088,545,56,51,2026-03-17 16:17:28,61,Delivered,1676.11
6089,595,49,48,2024-12-14 12:32:30,61,Delivered,558.66
6090,616,98,78,2024-12-19 03:56:57,62,Delivered,1299.44
6091,284,8,122,2026-07-28 08:38:59,29,Delivered,241.35
6092,823,71,23,2026-05-24 05:54:07,37,Delivered,1601.85
6093,224,46,208,2024-12-16 11:53:00,60,Delivered,198.37
6094,106,12,206,2024-11-03 01:32:10,62,Cancelled,822.56
6095,529,59,223,2025-11-14 01:53:35,49,Delivered,1109.35
6096,211,52,229,2024-08-04 05:03:41,33,Preparing,921.01
6097,664,110,69,2025-04-12 18:27:04,59,Preparing,1451.33
6098,923,101,222,2025-01-28 07:14:30,42,Delivered,558.61
6099,872,35,232,2025-01-12 09:53:45,46,Delivered,1443.25
6100,635,122,68,2026-07-22 20:50:41,22,Delivered,391.95
6101,55,148,73,2025-12-04 10:33:17,67,Delivered,238.06
6102,91,6,46,2025-12-14 00:06:17,55,Delivered,224.12
6103,824,137,29,2025-12-23 15:04:31,58,Cancelled,691.03
6104,402,77,133,2025-03-15 02:46:17,31,Delivered,911.45
6105,580,121,52,2025-07-05 11:49:56,48,Delivered,539.5
6106,855,6,110,2026-04-06 02:30:27,20,Delivered,504.69
6107,330,115,221,2024-08-20 21:34:26,56,Delivered,1314.59
6108,485,136,152,2025-02-14 22:32:55,28,Cancelled,187.83
6109,828,89,172,2025-08-20 13:46:11,63,Delivered,1282.33
6110,420,9,48,2025-03-24 18:04:22,63,Delivered,1348.23
6111,882,136,121,2025-08-06 04:50:14,36,Delivered,926.23
6112,493,22,163,2026-06-28 17:01:56,69,Preparing,1043.89
6113,965,31,242,2025-05-27 01:14:22,25,Delivered,544.61
6114,737,103,237,2025-03-21 20:33:20,21,Cancelled,1090.48
6115,131,49,126,2025-09-22 09:55:28,44,Delivered,1137.07
6116,603,134,248,2025-03-10 04:55:48,34,Preparing,319.05
6117,755,54,233,2026-01-11 21:53:55,30,Delivered,1693.04
6118,457,3,86,2026-03-31 03:41:57,59,Delivered,1765.7
6119,502,149,17,2025-04-08 00:38:50,63,Delivered,1474.36
6120,415,94,31,2025-05-14 06:55:15,16,Delivered,591.09
6121,508,10,248,2025-11-04 23:46:35,44,Delivered,1406.23
6122,698,78,113,2025-01-18 03:30:55,48,Delivered,995.28
6123,201,3,59,2025-11-07 16:55:10,31,Delivered,1418.47
6124,474,55,111,2025-07-03 13:09:54,70,Delivered,619.83
6125,695,2,223,2025-04-08 11:24:31,33,Cancelled,1173.32
6126,491,48,132,2024-12-08 16:01:25,18,Delivered,462.08
6127,888,116,142,2024-10-11 22:20:44,70,Delivered,554.02
6128,680,100,206,2026-05-18 19:18:54,31,Delivered,1714.57
6129,439,127,191,2026-04-30 03:40:03,48,Delivered,1179.89
6130,849,69,243,2026-04-25 06:04:19,31,Preparing,1616.45
6131,565,144,169,2025-01-25 01:51:02,51,Preparing,1794.25
6132,602,56,7,2025-09-17 03:02:45,27,Preparing,1753.33
6133,35,119,161,2025-01-20 00:00:33,38,Delivered,1543.82
6134,845,88,40,2025-03-28 19:41:27,42,Delivered,1439.04
6135,128,93,41,2024-08-02 19:21:44,28,Delivered,1220.81
6136,921,34,156,2025-08-12 22:59:27,53,Delivered,813.64
6137,201,57,6,2026-05-05 01:59:18,53,Delivered,422.47
6138,252,92,218,2024-09-30 15:03:13,40,Delivered,1748.94
6139,251,8,113,2024-11-12 14:44:41,53,Delivered,343.61
6140,362,71,207,2025-03-09 08:21:10,65,Delivered,1477.11
6141,700,119,54,2025-04-13 17:24:43,25,Delivered,390.85
6142,999,92,56,2026-02-15 00:37:27,20,Delivered,1670.29
6143,5,6,75,2025-04-25 03:05:23,23,Delivered,1246.1
6144,545,36,180,2025-01-14 12:20:56,17,Delivered,1293.23
6145,394,133,33,2024-10-15 23:59:53,66,Preparing,646.58
6146,896,32,201,2024-12-05 04:10:08,59,Delivered,541.9
6147,991,15,233,2026-01-24 22:44:49,37,Delivered,625.01
6148,460,56,235,2026-05-03 21:19:56,48,Delivered,1398.2
6149,498,115,227,2026-05-29 11:37:34,28,Delivered,1016.97
6150,767,39,70,2026-06-27 16:52:39,68,Delivered,1202.84
6151,336,61,135,2025-11-03 22:30:17,68,Delivered,1565.74
6152,549,41,125,2024-09-10 20:05:22,24,Cancelled,459.86
6153,528,36,112,2024-07-31 15:29:45,32,Cancelled,1118.35
6154,889,26,130,2026-02-24 15:11:01,36,Delivered,747.86
6155,663,120,176,2025-02-07 13:46:26,41,Delivered,1442.68
6156,678,21,87,2025-05-31 09:25:21,36,Delivered,552.07
6157,960,132,32,2024-11-05 06:30:28,51,Delivered,1349.09
6158,851,85,217,2025-12-22 11:12:58,34,Delivered,977.98
6159,397,27,173,2024-12-19 15:05:53,66,Delivered,1510.52
6160,781,76,132,2024-10-08 01:25:52,50,Delivered,1370.09
6161,907,84,189,2026-07-21 19:38:39,16,Delivered,374.78
6162,262,74,105,2026-06-03 23:23:53,60,Delivered,541.59
6163,341,7,114,2024-09-19 20:56:30,69,Delivered,1684.96
6164,355,91,154,2026-07-20 20:51:14,59,Delivered,1691.36
6165,378,86,131,2026-02-06 01:49:11,47,Delivered,252.31
6166,775,35,170,2026-03-26 05:36:45,24,Delivered,1430.34
6167,308,115,197,2025-07-30 21:51:47,68,Delivered,969.48
6168,505,70,96,2025-01-29 00:19:50,51,Cancelled,760.4
6169,901,31,33,2026-07-16 02:01:23,28,Delivered,394.83
6170,296,64,124,2026-03-25 23:25:41,53,Delivered,213.59
6171,506,16,182,2025-12-08 05:42:56,33,Cancelled,1622.97
6172,615,73,141,2024-11-17 06:42:50,68,Delivered,1285.18
6173,427,119,230,2025-12-02 23:13:50,31,Preparing,1545.0
6174,109,112,110,2025-07-23 22:20:00,23,Delivered,1080.01
6175,808,108,169,2025-08-17 06:32:08,69,Delivered,404.16
6176,373,57,88,2024-11-28 01:12:19,16,Preparing,1431.26
6177,442,115,68,2025-06-24 15:15:39,54,Delivered,184.36
6178,309,32,201,2026-03-21 00:07:21,24,Preparing,1776.45
6179,503,38,174,2025-02-24 07:44:20,45,Delivered,475.62
6180,65,73,210,2025-09-18 10:37:38,38,Preparing,1294.16
6181,207,71,27,2025-12-10 03:18:13,46,Preparing,1201.0
6182,51,15,87,2025-09-25 19:50:01,33,Preparing,705.04
6183,247,75,91,2026-02-17 05:47:38,37,Delivered,704.75
6184,851,94,237,2025-02-05 10:23:48,42,Delivered,1731.06
6185,435,143,245,2025-11-20 16:17:25,57,Delivered,765.47
6186,994,124,180,2025-04-24 04:50:55,70,Delivered,834.36
6187,56,144,211,2025-10-03 16:14:47,65,Delivered,1401.74
6188,309,149,24,2025-04-04 09:07:14,16,Delivered,1402.57
6189,53,76,52,2026-02-02 08:58:54,20,Delivered,761.42
6190,338,121,144,2026-01-04 10:25:43,35,Delivered,304.26
6191,736,149,117,2025-04-04 13:40:02,52,Delivered,795.1
6192,393,12,200,2025-10-02 11:30:59,54,Delivered,550.24
6193,71,108,10,2025-04-07 06:49:14,48,Delivered,1739.8
6194,531,130,140,2024-12-08 20:37:23,37,Delivered,190.33
6195,91,9,95,2024-12-16 14:34:44,38,Delivered,1060.58
6196,612,21,24,2025-10-26 00:34:28,21,Delivered,487.61
6197,45,42,104,2025-12-30 09:00:37,33,Delivered,1158.3
6198,195,61,182,2025-03-23 04:14:35,28,Preparing,865.16
6199,512,11,48,2024-12-08 08:21:24,15,Delivered,1617.63
6200,557,144,163,2026-01-09 05:16:46,43,Delivered,1707.0
6201,975,17,144,2026-05-13 19:55:01,49,Delivered,1021.55
6202,291,116,134,2025-04-24 00:33:59,21,Delivered,830.15
6203,464,111,104,2024-11-14 18:15:17,30,Delivered,600.4
6204,864,35,190,2026-02-02 17:07:51,15,Delivered,643.31
6205,717,24,48,2026-05-27 10:29:54,33,Delivered,1413.78
6206,446,75,124,2025-03-28 21:19:52,32,Delivered,1496.68
6207,315,71,218,2024-10-15 19:49:05,16,Delivered,1219.6
6208,199,43,195,2025-06-09 11:24:37,46,Delivered,866.26
6209,246,114,153,2024-10-26 21:30:48,65,Delivered,1005.17
6210,700,141,122,2025-08-23 06:08:28,43,Delivered,648.88
6211,625,146,44,2025-04-09 14:08:35,34,Delivered,885.68
6212,91,79,239,2025-08-13 01:52:24,31,Delivered,1156.27
6213,813,146,158,2025-05-11 02:04:50,60,Delivered,301.55
6214,335,85,207,2025-11-18 16:59:02,42,Delivered,1228.43
6215,201,72,3,2024-10-02 08:01:20,24,Delivered,1457.19
6216,598,3,217,2025-07-12 12:32:01,50,Preparing,1478.59
6217,275,100,100,2024-09-18 18:17:48,41,Delivered,1482.9
6218,66,32,170,2024-09-09 13:56:15,49,Delivered,379.52
6219,801,38,63,2025-04-16 00:48:04,57,Delivered,1189.74
6220,903,35,69,2026-07-10 17:25:15,39,Delivered,376.66
6221,925,14,58,2024-09-07 15:04:44,44,Delivered,951.85
6222,572,70,14,2025-09-13 00:32:05,39,Delivered,256.13
6223,528,106,126,2026-05-21 13:58:57,34,Delivered,1782.44
6224,987,84,127,2025-12-05 15:04:21,47,Delivered,1681.6
6225,807,85,84,2024-09-03 16:43:11,52,Delivered,1470.14
6226,911,84,173,2025-05-07 05:25:20,64,Delivered,809.0
6227,840,96,212,2025-03-25 16:38:27,66,Delivered,785.87
6228,694,1,14,2025-11-06 13:02:00,37,Delivered,1552.05
6229,135,102,164,2024-10-09 02:26:23,62,Delivered,850.18
6230,655,66,241,2025-02-14 17:04:43,53,Delivered,1747.39
6231,938,58,43,2025-07-12 05:16:01,44,Delivered,828.29
6232,262,112,91,2025-07-16 18:42:48,27,Cancelled,1469.4
6233,182,11,16,2025-03-24 17:11:57,33,Delivered,1768.13
6234,523,111,114,2025-02-23 04:37:01,31,Delivered,314.59
6235,378,36,13,2025-07-30 09:05:04,30,Delivered,1192.09
6236,95,147,249,2025-01-23 23:01:20,48,Delivered,1707.69
6237,23,88,105,2026-03-15 00:18:08,38,Delivered,538.46
6238,325,141,82,2025-05-09 10:31:31,18,Delivered,1182.75
6239,193,48,214,2025-12-07 02:25:33,26,Delivered,976.16
6240,952,122,231,2025-01-11 22:08:05,42,Delivered,1791.92
6241,191,126,172,2025-05-02 01:26:32,52,Delivered,228.57
6242,286,33,54,2026-03-20 23:40:55,28,Delivered,152.58
6243,42,130,158,2024-11-15 16:40:47,19,Delivered,960.26
6244,40,94,39,2025-03-17 04:30:17,23,Delivered,1022.43
6245,358,118,231,2025-07-04 13:09:23,68,Delivered,1525.21
6246,303,149,213,2026-06-07 19:10:42,64,Delivered,1169.92
6247,22,86,217,2025-09-12 21:23:30,23,Delivered,1310.43
6248,360,110,25,2026-02-17 11:16:10,22,Delivered,505.69
6249,926,129,211,2026-02-26 10:34:22,27,Delivered,1704.59
6250,7,124,123,2026-05-22 17:51:28,61,Cancelled,1337.25
6251,127,57,11,2026-02-17 19:37:51,42,Delivered,1132.31
6252,157,36,28,2025-03-15 19:34:28,40,Delivered,902.03
6253,348,52,211,2024-10-24 03:52:26,44,Delivered,1797.27
6254,245,40,12,2026-05-07 06:44:45,33,Delivered,1155.82
6255,455,73,64,2026-04-03 06:19:37,66,Delivered,832.72
6256,422,90,102,2026-05-15 16:46:26,69,Delivered,515.75
6257,412,23,232,2025-07-22 07:44:22,41,Preparing,710.59
6258,23,108,196,2024-10-29 13:23:05,24,Delivered,687.67
6259,347,39,108,2025-05-01 21:26:11,44,Preparing,1625.51
6260,691,62,104,2025-10-23 00:20:23,55,Cancelled,1383.19
6261,148,117,186,2025-03-19 07:09:21,35,Delivered,162.71
6262,984,92,232,2026-01-25 13:51:58,62,Delivered,1663.88
6263,946,112,141,2026-04-15 22:18:37,46,Delivered,1105.43
6264,327,119,245,2025-10-15 15:09:21,19,Delivered,1752.93
6265,86,134,24,2025-07-20 22:31:30,69,Delivered,1584.68
6266,614,52,208,2024-12-30 23:20:06,26,Preparing,752.21
6267,815,49,148,2025-02-15 23:29:05,66,Delivered,1298.83
6268,237,5,162,2025-03-10 20:03:10,70,Delivered,1024.05
6269,752,150,180,2026-05-18 06:18:27,35,Preparing,1586.94
6270,429,85,122,2026-06-29 03:00:49,67,Delivered,879.9
6271,304,49,38,2025-11-09 10:54:20,70,Delivered,1021.22
6272,33,38,70,2025-01-02 20:58:27,26,Delivered,587.36
6273,768,136,201,2024-08-26 12:40:35,36,Delivered,1278.78
6274,757,29,147,2025-04-13 23:59:39,16,Delivered,206.96
6275,71,17,83,2025-01-24 18:32:19,60,Delivered,982.3
6276,798,81,26,2025-08-12 08:39:52,18,Delivered,464.1
6277,401,94,186,2025-08-29 14:46:37,30,Delivered,837.47
6278,783,61,2,2025-09-17 01:53:27,35,Delivered,1424.21
6279,717,78,50,2024-08-21 14:04:58,44,Delivered,237.34
6280,592,139,231,2025-01-17 16:29:00,33,Delivered,1422.26
6281,270,60,116,2024-12-27 16:59:02,43,Delivered,1217.15
6282,99,119,3,2024-11-03 00:11:10,68,Preparing,594.76
6283,63,29,210,2025-09-13 14:40:03,26,Delivered,1305.12
6284,638,44,142,2025-01-14 05:06:49,58,Delivered,519.56
6285,218,145,191,2025-06-21 06:51:12,45,Delivered,1209.21
6286,868,139,96,2024-10-01 15:28:40,39,Delivered,899.12
6287,620,114,96,2026-06-07 19:12:49,17,Delivered,305.75
6288,975,61,248,2026-04-01 17:52:32,59,Delivered,544.32
6289,782,18,15,2024-09-20 09:12:42,58,Delivered,749.09
6290,846,22,199,2026-01-14 17:52:31,39,Delivered,1054.52
6291,254,19,125,2025-01-01 05:10:10,52,Delivered,1617.45
6292,295,128,8,2025-01-31 04:51:00,48,Delivered,1497.43
6293,741,77,12,2026-05-01 05:55:47,39,Delivered,1333.67
6294,645,76,238,2025-12-11 12:19:50,70,Delivered,396.25
6295,758,86,147,2025-09-06 20:45:28,27,Preparing,758.2
6296,22,128,219,2026-07-12 10:33:59,39,Cancelled,161.07
6297,268,101,47,2025-11-07 18:39:18,70,Delivered,1037.67
6298,664,83,109,2024-12-17 14:21:00,24,Delivered,1340.04
6299,461,29,149,2025-06-25 19:41:42,57,Delivered,827.61
6300,779,33,239,2026-07-26 08:09:07,68,Delivered,781.99
6301,758,17,32,2024-08-27 03:21:26,50,Delivered,1570.22
6302,21,31,7,2025-08-31 12:09:50,53,Cancelled,1450.11
6303,447,1,151,2025-08-01 13:37:19,56,Delivered,609.26
6304,586,1,209,2025-08-26 02:33:52,50,Delivered,921.13
6305,51,51,35,2025-09-17 13:40:40,46,Delivered,1250.17
6306,541,7,89,2026-06-20 01:19:40,69,Delivered,1250.51
6307,537,119,120,2024-12-12 01:18:07,67,Delivered,968.01
6308,51,22,72,2026-04-20 19:53:20,57,Delivered,371.32
6309,395,130,34,2026-07-08 16:25:36,21,Delivered,704.16
6310,664,103,79,2025-10-04 13:20:10,42,Delivered,959.91
6311,208,82,247,2024-09-20 03:03:16,53,Delivered,1297.35
6312,577,29,152,2025-04-28 22:57:30,67,Delivered,210.92
6313,887,31,249,2026-04-07 02:17:17,28,Delivered,546.26
6314,950,146,240,2024-12-11 06:46:02,62,Delivered,1465.18
6315,749,136,201,2025-08-05 19:51:55,57,Delivered,730.31
6316,50,127,92,2025-09-24 01:28:00,21,Delivered,1382.56
6317,901,135,107,2025-08-02 04:13:44,55,Delivered,749.13
6318,124,142,34,2024-12-28 12:48:35,61,Delivered,1349.45
6319,269,131,116,2024-08-05 13:16:44,33,Delivered,1151.9
6320,383,86,168,2025-03-07 14:48:15,50,Delivered,1036.13
6321,382,99,155,2026-05-02 13:50:13,52,Delivered,1390.35
6322,182,90,38,2025-10-03 00:42:58,64,Delivered,282.42
6323,205,16,179,2025-07-01 18:41:29,39,Cancelled,852.55
6324,592,32,39,2024-12-18 22:41:11,39,Delivered,334.69
6325,92,146,108,2025-03-31 11:37:42,52,Delivered,497.85
6326,245,10,55,2026-01-11 13:15:58,55,Delivered,1411.68
6327,490,143,56,2024-09-15 16:22:46,17,Delivered,798.97
6328,136,132,205,2025-03-29 12:51:42,62,Delivered,937.78
6329,238,61,85,2024-12-17 01:39:49,68,Delivered,848.82
6330,176,14,35,2024-11-01 00:00:19,53,Delivered,1429.66
6331,980,126,65,2025-07-09 20:06:10,45,Delivered,337.67
6332,572,41,104,2026-01-17 04:11:52,52,Cancelled,1122.24
6333,298,95,32,2025-03-23 12:44:18,43,Delivered,1756.36
6334,820,33,36,2025-06-11 10:15:54,52,Delivered,876.82
6335,472,131,111,2025-04-08 19:55:49,36,Preparing,163.32
6336,251,146,167,2026-05-06 02:08:20,32,Delivered,1488.34
6337,450,96,215,2025-12-24 09:28:49,63,Delivered,241.54
6338,334,124,178,2025-01-10 06:40:12,57,Delivered,946.15
6339,866,145,21,2026-07-18 18:16:12,44,Delivered,272.37
6340,129,78,55,2025-04-09 09:24:21,34,Delivered,490.55
6341,254,129,237,2026-02-15 05:55:32,59,Delivered,1288.39
6342,507,91,9,2025-01-20 22:24:59,69,Delivered,1634.89
6343,471,41,13,2025-08-07 22:25:07,54,Delivered,207.16
6344,807,49,98,2026-04-20 21:25:53,52,Delivered,765.71
6345,660,91,107,2026-04-15 22:17:54,26,Cancelled,573.36
6346,205,148,26,2026-03-30 04:59:09,41,Delivered,1618.36
6347,810,118,250,2025-08-30 15:14:55,15,Delivered,1036.23
6348,333,5,103,2024-09-05 21:38:28,51,Delivered,525.92
6349,945,149,165,2024-10-15 22:07:47,32,Delivered,325.16
6350,805,18,5,2025-08-30 15:44:12,34,Delivered,953.19
6351,767,122,67,2025-10-10 13:02:10,54,Delivered,609.37
6352,599,39,30,2026-05-30 17:54:15,15,Delivered,1015.54
6353,73,130,140,2024-10-20 11:14:00,55,Delivered,1158.64
6354,961,30,55,2025-05-01 18:19:46,24,Delivered,1573.39
6355,601,63,95,2025-06-24 01:24:43,43,Preparing,679.58
6356,542,79,204,2026-01-12 13:16:25,47,Cancelled,277.98
6357,92,84,184,2025-08-04 14:55:05,46,Delivered,461.28
6358,470,95,102,2024-12-22 01:56:32,18,Delivered,1586.57
6359,858,106,74,2025-03-13 06:49:05,68,Preparing,1283.74
6360,394,48,78,2025-03-02 22:29:45,68,Preparing,1649.18
6361,291,107,42,2026-06-04 07:30:24,15,Preparing,1736.5
6362,851,60,88,2025-05-21 09:29:55,60,Delivered,792.49
6363,727,44,37,2025-08-18 18:09:02,57,Delivered,619.41
6364,502,22,193,2024-10-05 02:55:30,43,Delivered,636.92
6365,283,99,99,2026-02-20 03:01:58,18,Preparing,1472.37
6366,949,88,214,2025-08-05 06:17:26,31,Delivered,231.82
6367,678,13,107,2025-07-07 21:55:24,18,Delivered,562.23
6368,585,135,219,2026-02-25 15:07:38,19,Delivered,1103.85
6369,793,92,28,2025-05-19 08:43:56,40,Delivered,370.21
6370,266,22,190,2026-07-24 03:30:50,26,Delivered,431.25
6371,299,28,125,2024-12-02 08:20:08,36,Delivered,781.9
6372,43,87,112,2025-11-01 06:20:16,31,Delivered,291.73
6373,750,86,70,2026-04-18 11:43:29,22,Delivered,1262.28
6374,446,101,93,2025-06-02 19:17:10,61,Delivered,381.79
6375,349,18,85,2025-10-29 10:29:31,42,Delivered,1600.79
6376,566,30,113,2026-07-23 01:55:15,56,Delivered,1250.52
6377,745,122,141,2024-09-17 18:53:19,25,Delivered,1311.42
6378,182,78,152,2025-03-27 03:38:45,26,Delivered,1493.83
6379,884,30,165,2025-01-19 10:12:34,58,Delivered,617.18
6380,585,150,234,2025-01-08 02:20:55,53,Delivered,336.29
6381,113,73,2,2026-04-22 00:44:16,63,Delivered,1495.69
6382,985,93,178,2025-06-01 16:30:14,60,Delivered,1102.46
6383,195,149,31,2024-11-12 03:02:05,33,Cancelled,830.11
6384,158,2,232,2025-10-28 12:19:01,22,Delivered,1504.31
6385,32,28,116,2025-11-10 16:06:35,34,Cancelled,401.04
6386,635,130,166,2025-10-19 03:20:04,34,Delivered,869.14
6387,516,132,246,2025-02-13 15:28:07,48,Delivered,750.58
6388,305,140,19,2026-06-19 07:19:38,59,Delivered,914.53
6389,963,32,64,2025-05-17 03:59:25,57,Delivered,1613.41
6390,335,27,234,2025-11-29 16:53:35,41,Delivered,600.63
6391,655,148,32,2026-04-06 16:16:32,35,Delivered,396.73
6392,117,144,168,2025-06-28 01:31:26,16,Cancelled,312.32
6393,64,133,81,2025-02-17 13:25:55,23,Delivered,742.85
6394,849,137,197,2026-07-02 19:14:47,25,Cancelled,539.11
6395,188,140,65,2025-04-20 06:42:35,60,Preparing,1349.99
6396,152,65,102,2024-09-07 23:08:52,26,Preparing,936.41
6397,84,63,200,2025-11-14 13:08:00,25,Delivered,380.07
6398,253,65,41,2025-10-28 10:06:06,30,Delivered,877.67
6399,41,115,122,2025-10-18 18:27:27,39,Delivered,1425.05
6400,634,51,167,2025-10-27 02:19:26,55,Preparing,1240.12
6401,770,138,127,2026-04-03 21:43:23,55,Delivered,1634.62
6402,726,102,233,2024-08-20 13:59:51,45,Delivered,1752.71
6403,718,128,125,2026-01-15 14:37:16,70,Delivered,215.53
6404,666,87,46,2024-08-26 17:58:26,65,Delivered,1285.45
6405,21,62,214,2024-10-24 04:26:36,28,Delivered,1606.08
6406,380,19,5,2024-09-04 12:29:27,59,Delivered,1476.43
6407,613,127,248,2025-09-15 11:41:00,24,Delivered,912.22
6408,999,36,89,2025-11-03 15:53:36,32,Delivered,721.49
6409,907,17,112,2025-10-02 10:45:57,62,Delivered,1781.5
6410,607,54,152,2025-04-19 08:53:09,26,Delivered,1542.61
6411,771,60,149,2025-08-05 15:36:23,50,Delivered,455.71
6412,569,27,207,2025-01-22 01:25:29,50,Delivered,1681.04
6413,591,49,233,2025-10-20 13:46:40,39,Delivered,1750.91
6414,642,43,199,2024-08-11 05:43:08,68,Delivered,1224.0
6415,529,6,123,2025-09-14 17:31:18,62,Preparing,602.43
6416,667,60,91,2026-07-02 17:06:53,44,Delivered,531.13
6417,534,95,149,2025-01-26 18:43:04,30,Delivered,283.06
6418,437,149,152,2026-05-06 19:26:22,26,Delivered,1223.82
6419,327,64,80,2026-07-22 06:55:49,60,Delivered,244.1
6420,8,121,219,2026-01-11 03:42:06,56,Delivered,941.15
6421,7,143,142,2026-01-30 15:49:31,64,Preparing,1084.46
6422,675,148,157,2025-04-19 10:40:53,54,Delivered,809.17
6423,802,89,117,2024-12-03 05:35:49,39,Delivered,1312.18
6424,425,33,197,2024-10-11 00:10:36,19,Delivered,1691.7
6425,832,84,234,2026-01-27 02:06:11,52,Delivered,1157.96
6426,843,66,142,2024-10-03 01:45:00,32,Delivered,608.54
6427,176,42,231,2025-09-21 17:29:47,38,Delivered,705.47
6428,201,49,182,2025-11-02 18:53:44,17,Delivered,1160.35
6429,360,76,25,2025-06-12 05:00:01,52,Delivered,1238.09
6430,363,29,236,2025-12-26 11:23:19,62,Delivered,1662.61
6431,27,106,128,2025-09-07 13:33:53,34,Delivered,1259.67
6432,882,110,59,2025-03-11 17:00:49,40,Delivered,1361.32
6433,11,86,188,2026-07-01 16:31:54,16,Delivered,960.54
6434,509,37,37,2025-03-09 08:43:31,30,Delivered,842.69
6435,719,125,216,2024-12-08 06:18:23,47,Delivered,919.1
6436,984,11,182,2025-12-16 08:40:40,27,Cancelled,1513.0
6437,177,56,163,2025-03-15 01:09:55,67,Delivered,380.88
6438,83,113,17,2025-05-27 21:05:20,65,Cancelled,1496.41
6439,670,146,193,2025-03-01 03:58:31,29,Delivered,1570.19
6440,691,114,190,2026-02-20 19:50:43,58,Cancelled,678.26
6441,143,31,19,2026-07-27 12:55:58,25,Delivered,673.34
6442,596,109,63,2025-09-01 18:21:41,63,Cancelled,1620.39
6443,223,19,23,2026-03-24 04:08:37,34,Delivered,1724.05
6444,245,27,230,2025-09-03 09:33:53,16,Preparing,981.38
6445,166,62,14,2025-03-17 04:05:20,67,Delivered,1415.3
6446,801,149,228,2025-11-22 01:14:32,31,Delivered,193.47
6447,241,137,25,2026-03-04 10:43:13,47,Delivered,551.7
6448,428,77,141,2026-07-28 12:47:41,38,Delivered,1267.89
6449,940,12,34,2026-06-28 20:20:23,19,Delivered,652.51
6450,724,65,7,2026-05-12 00:33:52,49,Delivered,225.14
6451,531,68,249,2025-12-31 11:04:53,42,Delivered,1196.77
6452,482,137,115,2025-11-18 19:18:08,56,Delivered,466.07
6453,778,17,73,2026-02-11 13:32:22,51,Delivered,939.11
6454,937,3,54,2025-07-19 15:55:54,57,Delivered,183.99
6455,193,80,171,2025-10-24 18:25:53,46,Delivered,1344.99
6456,315,79,34,2025-05-13 00:06:06,21,Delivered,746.02
6457,892,12,207,2025-07-04 07:11:30,16,Delivered,801.91
6458,68,4,162,2024-12-08 15:32:27,33,Delivered,351.23
6459,345,94,86,2025-10-07 20:04:12,62,Delivered,650.71
6460,49,121,195,2026-07-06 12:47:22,24,Delivered,361.04
6461,238,92,109,2026-06-10 03:02:26,63,Cancelled,1292.54
6462,134,22,126,2025-05-13 04:15:38,39,Delivered,276.65
6463,536,144,241,2026-04-29 23:51:35,52,Delivered,1330.27
6464,928,117,126,2026-03-23 03:00:10,42,Delivered,872.62
6465,380,17,56,2026-06-20 05:12:52,47,Delivered,1232.86
6466,132,55,156,2025-08-13 20:58:34,49,Delivered,1752.09
6467,229,117,165,2025-04-10 06:57:05,55,Delivered,218.84
6468,519,122,58,2025-12-04 08:49:28,17,Delivered,342.9
6469,259,82,88,2026-01-31 12:29:22,62,Delivered,1683.5
6470,828,22,166,2025-10-15 14:00:40,62,Delivered,1516.69
6471,229,72,30,2025-04-25 18:35:12,49,Delivered,1281.23
6472,511,149,169,2026-03-06 21:27:43,40,Delivered,1351.06
6473,42,64,161,2025-09-05 21:09:05,55,Delivered,723.93
6474,497,82,131,2024-11-04 06:08:10,36,Delivered,1646.83
6475,109,139,164,2025-09-04 15:34:33,35,Delivered,795.64
6476,144,9,93,2026-02-25 07:29:37,32,Delivered,1141.57
6477,786,61,150,2024-10-23 09:44:02,26,Delivered,1262.55
6478,324,65,8,2026-05-14 12:29:12,41,Delivered,668.12
6479,431,117,3,2025-11-01 03:27:55,23,Preparing,1369.15
6480,987,20,197,2024-09-06 22:36:47,37,Delivered,1072.22
6481,286,48,15,2024-12-15 05:07:35,58,Cancelled,742.42
6482,665,90,185,2024-11-17 11:48:00,36,Delivered,1261.72
6483,274,73,240,2024-09-22 13:35:00,63,Delivered,892.79
6484,962,133,182,2025-07-06 16:21:50,52,Delivered,902.45
6485,716,129,224,2026-02-27 20:55:11,48,Delivered,1474.11
6486,950,43,165,2025-10-25 12:28:38,60,Cancelled,373.45
6487,997,28,196,2025-07-23 12:00:44,17,Delivered,901.63
6488,144,3,237,2026-02-16 22:44:29,32,Delivered,1397.56
6489,318,127,195,2025-09-20 13:43:52,19,Preparing,1440.78
6490,303,104,28,2025-11-14 05:53:16,59,Delivered,1253.3
6491,551,4,229,2025-12-23 23:01:43,32,Delivered,1614.74
6492,976,80,142,2026-06-25 22:26:06,42,Delivered,285.0
6493,429,66,244,2025-12-25 16:48:43,32,Delivered,865.12
6494,789,75,77,2026-05-16 23:02:43,67,Preparing,970.98
6495,713,67,145,2025-12-01 07:56:55,50,Delivered,285.57
6496,825,5,31,2026-05-11 10:00:27,47,Delivered,1434.67
6497,237,63,41,2024-09-24 12:35:20,35,Delivered,227.56
6498,293,76,58,2026-04-26 23:27:56,65,Delivered,914.91
6499,138,79,216,2024-11-12 23:40:33,39,Delivered,1424.92
6500,580,124,169,2025-03-18 11:45:33,31,Delivered,1487.94
6501,62,55,164,2025-09-12 19:22:34,64,Delivered,1466.86
6502,234,132,26,2025-09-21 20:12:20,66,Delivered,1180.14
6503,900,129,239,2024-12-21 17:21:56,52,Delivered,580.85
6504,862,147,42,2025-12-07 14:54:00,33,Delivered,616.14
6505,541,32,27,2025-11-13 15:35:36,58,Delivered,303.85
6506,437,74,63,2026-07-03 18:53:49,23,Delivered,1493.22
6507,945,92,177,2026-05-27 22:50:04,39,Delivered,309.88
6508,807,32,43,2025-07-15 00:40:50,44,Delivered,283.11
6509,837,122,15,2026-06-27 02:45:49,16,Delivered,549.35
6510,778,118,70,2024-09-30 17:10:18,27,Delivered,405.02
6511,910,98,207,2025-07-23 00:06:24,58,Delivered,196.75
6512,833,85,54,2024-08-09 05:45:04,39,Delivered,300.83
6513,665,40,53,2026-07-18 11:42:35,22,Delivered,705.32
6514,112,18,30,2025-04-09 22:59:15,52,Delivered,1636.62
6515,656,36,8,2026-03-04 01:57:44,39,Delivered,319.06
6516,755,103,167,2025-10-23 00:41:07,52,Delivered,1443.7
6517,370,33,46,2025-09-13 01:03:17,19,Preparing,660.33
6518,168,109,201,2025-03-18 11:55:35,43,Delivered,1711.28
6519,767,94,209,2026-07-10 11:12:57,27,Delivered,1255.13
6520,324,109,31,2025-02-18 02:27:45,22,Delivered,329.3
6521,702,81,172,2026-07-17 20:59:18,63,Delivered,1330.45
6522,319,70,189,2025-04-10 09:31:30,24,Delivered,1307.93
6523,547,71,218,2026-04-19 21:31:18,67,Delivered,495.93
6524,782,82,138,2024-10-13 20:48:42,24,Delivered,359.97
6525,657,95,16,2026-04-03 14:28:14,49,Delivered,1555.0
6526,595,80,248,2025-02-20 13:48:43,17,Delivered,465.98
6527,200,89,143,2026-04-07 09:45:57,38,Delivered,1512.04
6528,524,15,178,2026-07-18 06:45:43,28,Preparing,1365.74
6529,644,86,225,2025-01-05 03:42:28,56,Delivered,1004.49
6530,345,8,238,2025-06-24 12:33:53,66,Delivered,225.19
6531,510,131,23,2025-08-18 13:58:11,52,Delivered,1621.35
6532,841,116,207,2026-03-11 19:11:43,28,Delivered,1450.8
6533,843,76,234,2026-06-07 19:14:44,23,Delivered,612.82
6534,719,122,127,2024-11-30 05:49:49,46,Delivered,620.7
6535,932,71,145,2025-09-08 08:18:01,39,Delivered,1119.05
6536,35,79,110,2025-05-28 22:22:11,33,Delivered,230.53
6537,9,99,146,2025-09-08 13:51:05,49,Cancelled,1674.48
6538,400,77,140,2024-10-18 11:20:52,42,Delivered,1373.83
6539,469,94,207,2024-10-01 12:45:42,38,Delivered,969.78
6540,608,59,202,2024-12-17 14:27:01,67,Preparing,730.2
6541,668,75,168,2026-02-13 01:22:26,66,Delivered,1111.64
6542,144,32,6,2025-01-14 02:35:20,69,Delivered,921.85
6543,881,93,65,2025-12-06 18:20:58,66,Preparing,1356.38
6544,618,112,12,2024-08-21 02:53:35,20,Delivered,249.74
6545,854,57,37,2025-01-08 02:43:10,68,Delivered,567.24
6546,32,113,145,2025-09-12 07:12:01,24,Delivered,374.53
6547,685,27,181,2025-08-23 13:58:41,45,Delivered,355.22
6548,404,15,56,2025-04-20 11:37:49,23,Delivered,1220.99
6549,237,150,77,2026-03-05 03:33:07,30,Delivered,1135.85
6550,957,136,67,2025-07-01 11:39:14,32,Preparing,908.88
6551,587,92,40,2026-05-19 10:33:57,58,Preparing,855.18
6552,806,128,152,2025-09-18 16:18:03,31,Delivered,1347.75
6553,345,79,155,2024-10-25 16:04:28,59,Delivered,734.67
6554,639,91,216,2026-03-23 07:17:51,44,Delivered,1595.15
6555,178,115,186,2024-09-30 16:33:06,27,Delivered,963.47
6556,896,74,175,2025-10-21 02:30:22,61,Cancelled,1471.68
6557,450,28,136,2025-02-04 22:51:22,29,Delivered,389.36
6558,700,72,231,2025-11-14 16:10:33,16,Delivered,1139.51
6559,214,101,221,2025-08-14 23:10:56,57,Preparing,935.07
6560,105,119,105,2026-05-08 01:51:33,67,Delivered,200.16
6561,683,71,11,2025-09-20 12:56:17,32,Delivered,792.57
6562,680,94,26,2024-09-29 00:51:07,20,Delivered,773.33
6563,517,21,245,2025-02-27 17:48:13,22,Preparing,727.85
6564,961,35,182,2026-07-10 21:07:26,70,Delivered,1027.63
6565,618,42,10,2025-04-16 11:26:51,45,Delivered,631.72
6566,652,87,151,2025-10-19 19:06:17,37,Delivered,1711.41
6567,539,35,114,2024-08-06 21:13:37,64,Preparing,843.0
6568,494,70,47,2026-06-18 09:52:26,28,Delivered,675.27
6569,272,56,234,2026-04-27 19:18:33,63,Delivered,1203.94
6570,902,117,50,2024-08-15 16:00:44,61,Delivered,1330.5
6571,533,56,156,2026-02-22 04:45:53,41,Delivered,1104.47
6572,82,89,31,2026-04-07 12:02:10,17,Delivered,775.94
6573,502,113,194,2025-11-20 10:52:39,25,Delivered,469.62
6574,644,65,245,2025-12-21 03:08:13,59,Delivered,1728.08
6575,583,98,249,2026-07-11 06:09:06,65,Preparing,716.39
6576,896,128,18,2026-06-02 01:37:46,38,Preparing,936.06
6577,115,7,92,2026-05-15 09:25:17,26,Delivered,1086.86
6578,200,17,143,2026-02-08 09:49:22,44,Delivered,1247.69
6579,582,93,14,2025-10-17 00:23:08,45,Delivered,1538.14
6580,479,116,218,2025-11-30 14:42:17,68,Preparing,323.99
6581,134,122,50,2026-05-17 02:40:37,32,Preparing,1374.43
6582,530,88,14,2024-12-05 17:12:52,64,Delivered,1289.04
6583,686,96,156,2026-05-07 09:07:34,55,Delivered,1299.59
6584,539,39,106,2024-10-18 21:41:37,49,Delivered,150.43
6585,61,121,39,2025-07-09 22:25:29,26,Delivered,1231.09
6586,490,22,224,2025-07-27 13:52:16,25,Preparing,350.04
6587,599,72,89,2025-10-20 07:18:16,26,Delivered,1793.34
6588,717,83,146,2024-09-03 13:33:34,41,Delivered,366.82
6589,215,20,209,2025-05-12 18:24:16,35,Delivered,1646.44
6590,916,133,185,2025-03-31 05:09:49,44,Preparing,339.73
6591,370,115,203,2024-11-20 20:50:52,54,Delivered,426.13
6592,15,142,135,2025-10-07 05:47:27,49,Delivered,866.02
6593,4,73,241,2026-05-29 03:59:20,19,Delivered,169.45
6594,978,72,32,2025-06-24 08:18:11,29,Preparing,227.68
6595,526,140,109,2026-07-17 05:32:13,46,Delivered,1000.86
6596,801,125,84,2025-06-22 14:02:36,36,Delivered,707.84
6597,6,87,148,2025-10-26 14:27:57,63,Delivered,703.18
6598,304,113,46,2025-01-06 09:49:00,30,Delivered,1176.34
6599,694,101,33,2025-01-16 17:28:22,43,Delivered,858.26
6600,348,27,139,2026-04-29 09:27:29,22,Delivered,1288.17
6601,41,79,204,2026-04-03 03:29:32,29,Delivered,596.14
6602,679,83,234,2025-05-15 07:13:05,17,Delivered,1286.48
6603,929,103,38,2024-10-06 12:37:38,21,Delivered,787.01
6604,679,50,238,2025-11-28 20:22:18,33,Delivered,481.96
6605,588,74,28,2026-05-04 00:18:16,42,Delivered,1670.4
6606,733,97,115,2025-12-21 08:45:45,31,Preparing,878.67
6607,916,144,173,2025-03-29 05:46:43,59,Delivered,992.73
6608,854,93,137,2026-02-27 08:15:51,35,Delivered,1173.98
6609,981,23,14,2025-08-24 23:48:48,40,Delivered,1696.45
6610,469,39,110,2025-09-20 07:10:03,33,Preparing,981.61
6611,640,61,168,2026-03-04 06:32:01,52,Delivered,1158.4
6612,325,56,117,2024-08-14 02:47:49,45,Delivered,1745.58
6613,286,148,55,2026-03-07 03:14:56,68,Delivered,1371.88
6614,365,134,38,2026-02-09 18:56:52,31,Preparing,1777.83
6615,450,140,4,2025-07-24 23:46:44,32,Delivered,633.0
6616,495,52,100,2026-03-02 19:56:25,37,Delivered,989.79
6617,458,96,101,2024-08-07 07:08:54,65,Delivered,1776.49
6618,922,36,194,2026-03-18 05:02:17,18,Delivered,1426.2
6619,964,57,172,2026-05-09 12:12:12,61,Delivered,1722.17
6620,988,88,199,2025-12-30 15:23:47,46,Delivered,750.94
6621,913,124,48,2025-04-02 09:14:52,19,Delivered,561.13
6622,28,142,200,2024-12-27 15:33:05,36,Delivered,984.81
6623,590,90,202,2024-11-04 08:20:17,52,Delivered,536.31
6624,723,79,47,2026-01-03 01:23:31,36,Delivered,778.08
6625,8,149,139,2025-05-31 12:43:44,65,Delivered,151.39
6626,894,86,235,2024-08-13 13:53:27,46,Delivered,501.21
6627,670,12,179,2026-02-28 14:22:31,28,Delivered,1638.09
6628,276,19,211,2026-02-27 06:23:39,30,Delivered,819.34
6629,670,49,33,2024-10-31 11:09:23,52,Delivered,865.58
6630,959,138,69,2024-10-31 17:10:17,54,Cancelled,1143.4
6631,880,114,222,2025-10-19 04:51:14,61,Delivered,1497.01
6632,29,128,206,2025-02-01 08:32:10,17,Delivered,191.08
6633,279,97,26,2026-04-01 13:12:21,68,Delivered,545.36
6634,893,114,9,2025-10-26 01:15:58,18,Delivered,1359.87
6635,82,125,80,2024-09-29 01:28:59,33,Delivered,1073.7
6636,85,98,62,2024-08-06 04:03:11,47,Preparing,906.41
6637,191,21,233,2025-02-07 04:08:06,37,Cancelled,1317.99
6638,820,78,214,2026-05-26 05:15:45,15,Delivered,570.7
6639,384,129,112,2025-09-15 18:37:23,42,Delivered,396.25
6640,779,139,186,2024-11-03 15:48:58,46,Delivered,602.19
6641,501,130,93,2026-05-22 11:27:13,29,Delivered,563.64
6642,744,129,129,2025-10-17 12:26:20,45,Delivered,491.95
6643,265,147,45,2025-08-01 11:18:58,20,Delivered,374.98
6644,731,57,148,2025-03-24 19:23:19,70,Delivered,1471.66
6645,919,41,32,2024-11-10 10:56:40,35,Delivered,189.29
6646,473,32,55,2025-12-13 01:46:22,70,Preparing,1242.0
6647,7,75,184,2026-06-01 19:32:17,32,Preparing,576.64
6648,800,90,108,2025-03-30 20:19:54,44,Preparing,946.91
6649,373,69,29,2025-04-26 13:49:46,61,Preparing,1222.34
6650,389,100,2,2024-10-31 06:01:29,33,Delivered,1054.29
6651,858,60,148,2025-02-03 01:53:10,20,Cancelled,813.08
6652,839,80,95,2026-02-11 00:40:24,43,Delivered,961.06
6653,806,116,193,2025-06-25 09:46:33,67,Delivered,764.53
6654,486,111,99,2024-08-30 21:21:25,40,Cancelled,943.09
6655,404,12,144,2025-10-17 21:03:40,37,Delivered,975.22
6656,756,88,218,2024-09-12 22:41:09,56,Delivered,869.05
6657,338,83,238,2026-01-16 01:37:58,26,Delivered,750.2
6658,295,147,160,2025-09-14 14:17:53,49,Delivered,1023.21
6659,608,143,129,2025-04-09 21:34:08,46,Preparing,922.23
6660,307,71,37,2026-05-01 21:50:24,25,Delivered,277.06
6661,717,142,93,2025-09-17 14:51:48,59,Delivered,1619.18
6662,175,138,120,2026-04-09 13:53:18,65,Delivered,1214.84
6663,443,71,9,2024-10-15 13:30:07,18,Delivered,940.27
6664,313,107,221,2026-05-24 14:47:29,42,Delivered,211.75
6665,167,23,66,2025-08-23 04:51:44,30,Delivered,296.79
6666,714,49,146,2026-02-06 02:42:33,67,Cancelled,548.99
6667,21,21,28,2024-11-01 14:43:42,22,Delivered,988.71
6668,685,6,103,2024-08-31 05:49:10,37,Delivered,1027.43
6669,352,134,128,2025-03-06 04:37:01,35,Delivered,1299.27
6670,365,40,146,2025-04-09 15:02:52,40,Delivered,273.45
6671,198,106,156,2024-09-14 10:35:03,44,Preparing,721.63
6672,725,134,55,2026-06-12 01:13:55,35,Delivered,897.56
6673,586,140,52,2024-11-11 09:50:03,56,Delivered,1325.82
6674,92,62,85,2025-03-18 13:34:11,37,Preparing,1726.15
6675,936,111,250,2025-01-09 20:48:00,30,Delivered,485.5
6676,862,139,183,2026-02-04 03:15:47,66,Delivered,1322.47
6677,763,138,112,2025-07-22 03:54:27,57,Delivered,915.56
6678,547,37,84,2025-01-05 12:31:57,58,Delivered,225.75
6679,126,150,29,2025-06-05 02:39:32,64,Delivered,1362.7
6680,133,68,221,2024-09-21 04:25:59,42,Preparing,655.76
6681,482,108,181,2026-07-02 14:25:51,25,Delivered,799.0
6682,907,138,73,2025-04-21 16:11:21,23,Delivered,1569.01
6683,857,30,125,2026-07-23 11:41:02,52,Delivered,866.28
6684,579,13,24,2026-01-21 13:31:50,67,Cancelled,366.34
6685,953,127,209,2026-04-07 14:47:39,19,Delivered,245.91
6686,806,81,220,2026-04-01 08:36:05,61,Delivered,1575.39
6687,857,3,49,2025-09-14 10:46:19,49,Preparing,899.42
6688,104,33,32,2025-08-18 11:09:58,64,Cancelled,752.8
6689,78,147,11,2025-01-04 18:57:47,55,Delivered,730.54
6690,816,98,44,2025-05-19 12:44:08,67,Delivered,1777.27
6691,278,107,177,2026-03-09 10:50:04,26,Delivered,304.85
6692,345,109,105,2025-06-06 08:24:42,28,Delivered,539.11
6693,218,91,10,2024-11-14 16:43:21,48,Delivered,461.21
6694,135,99,33,2026-07-09 18:35:51,35,Delivered,1038.46
6695,978,71,4,2025-07-05 17:18:44,30,Delivered,965.95
6696,321,135,215,2024-09-28 07:41:35,33,Delivered,601.53
6697,164,16,37,2025-01-13 15:18:50,33,Delivered,462.88
6698,971,89,13,2026-01-16 03:55:10,46,Delivered,173.9
6699,978,55,189,2025-04-25 21:22:23,70,Delivered,453.76
6700,56,150,164,2025-08-28 22:13:17,51,Delivered,918.29
6701,144,68,70,2026-02-08 18:56:25,15,Delivered,1449.76
6702,89,7,233,2025-11-06 18:34:46,54,Delivered,948.96
6703,686,143,45,2025-06-05 11:38:59,30,Delivered,1309.3
6704,248,34,194,2025-10-13 12:20:13,70,Delivered,1188.84
6705,226,126,112,2025-02-04 15:06:28,37,Delivered,877.38
6706,67,113,33,2025-01-07 09:18:14,43,Delivered,1712.57
6707,346,83,80,2025-04-29 10:12:29,50,Preparing,625.37
6708,961,25,47,2025-02-02 00:37:50,39,Delivered,324.49
6709,913,64,149,2026-04-10 06:15:23,28,Delivered,1102.22
6710,891,33,156,2025-11-21 14:35:38,32,Delivered,1317.87
6711,853,36,247,2024-09-13 22:35:59,19,Delivered,1690.67
6712,101,54,227,2026-01-27 02:54:01,31,Delivered,517.26
6713,256,146,13,2024-08-03 14:08:54,42,Delivered,1170.9
6714,759,139,249,2025-11-27 18:46:51,54,Delivered,695.43
6715,186,74,208,2025-04-14 09:11:28,43,Delivered,505.11
6716,906,145,18,2025-09-25 00:43:26,68,Delivered,1577.03
6717,886,12,57,2025-04-04 23:30:49,43,Preparing,1286.28
6718,113,38,114,2026-06-07 18:37:15,37,Delivered,1086.14
6719,807,93,81,2026-03-04 14:19:16,44,Delivered,294.43
6720,295,47,22,2026-05-13 17:13:58,65,Delivered,845.35
6721,690,48,46,2025-06-28 05:04:09,17,Delivered,1315.23
6722,877,84,154,2024-10-07 05:43:38,20,Delivered,1333.28
6723,855,65,49,2025-05-09 21:38:46,40,Delivered,505.72
6724,274,75,65,2025-12-02 15:03:42,28,Delivered,1385.44
6725,577,108,151,2025-03-12 18:54:50,20,Delivered,407.91
6726,779,2,162,2025-07-13 20:53:48,18,Delivered,397.91
6727,942,114,102,2025-12-28 02:18:43,60,Delivered,676.58
6728,473,131,13,2025-02-05 09:04:56,69,Delivered,1639.06
6729,943,115,236,2024-10-03 19:43:02,49,Delivered,945.97
6730,58,56,49,2025-12-16 10:44:10,49,Delivered,509.78
6731,15,12,151,2025-04-14 17:33:30,17,Cancelled,1248.24
6732,217,36,88,2026-05-28 15:31:12,47,Delivered,849.81
6733,981,122,239,2025-05-24 17:59:35,43,Cancelled,618.08
6734,379,142,106,2026-04-27 07:06:09,22,Delivered,1062.02
6735,317,119,168,2025-05-16 18:43:30,16,Delivered,602.46
6736,432,56,57,2025-01-31 00:25:46,26,Delivered,1503.07
6737,363,106,220,2025-10-26 06:40:29,70,Delivered,1698.15
6738,790,17,86,2025-08-11 14:15:57,33,Delivered,1362.5
6739,341,31,120,2025-10-13 07:40:28,35,Delivered,667.41
6740,775,18,210,2024-12-20 11:39:02,47,Delivered,1449.55
6741,864,128,102,2025-05-02 09:45:46,51,Delivered,742.31
6742,837,145,93,2025-04-24 08:48:22,52,Delivered,1451.96
6743,13,11,202,2026-04-03 13:28:13,55,Preparing,1665.32
6744,235,57,115,2026-06-10 10:06:22,62,Delivered,450.86
6745,864,102,189,2024-10-26 22:08:50,32,Delivered,1201.76
6746,91,3,145,2024-10-15 17:11:12,25,Delivered,1614.05
6747,334,24,188,2025-05-20 02:05:12,31,Delivered,941.93
6748,602,95,215,2025-03-11 10:49:25,61,Delivered,1207.94
6749,236,125,102,2025-02-05 05:09:01,41,Delivered,265.64
6750,148,110,79,2025-05-30 05:28:40,28,Delivered,1171.07
6751,484,12,140,2026-01-07 08:04:15,19,Delivered,953.04
6752,184,144,37,2025-11-17 12:57:26,22,Delivered,1435.62
6753,371,39,80,2024-08-31 03:24:42,57,Delivered,402.17
6754,622,95,9,2025-12-23 17:16:38,20,Delivered,1261.62
6755,967,79,146,2024-11-10 03:54:48,40,Cancelled,1069.04
6756,27,118,207,2026-05-11 04:55:41,42,Delivered,1251.56
6757,830,85,51,2025-08-27 16:24:56,53,Delivered,1050.52
6758,552,55,169,2026-07-06 16:02:59,57,Delivered,973.07
6759,469,7,13,2025-01-31 11:09:21,43,Delivered,662.66
6760,409,111,101,2025-07-30 07:36:33,39,Delivered,1284.92
6761,228,111,238,2025-08-10 16:11:16,58,Delivered,1272.01
6762,579,80,54,2024-12-17 04:51:38,48,Delivered,411.97
6763,699,92,232,2025-07-18 23:25:33,61,Delivered,689.52
6764,594,47,86,2024-08-19 22:42:35,65,Delivered,422.53
6765,489,48,97,2026-05-24 08:44:03,39,Delivered,1552.96
6766,216,37,84,2024-11-29 02:27:52,43,Delivered,412.09
6767,251,78,184,2025-09-25 03:30:45,67,Cancelled,1670.99
6768,840,43,122,2025-11-02 19:50:04,18,Delivered,596.3
6769,182,50,200,2025-06-21 16:53:58,58,Delivered,567.97
6770,258,111,107,2026-03-15 19:22:57,40,Delivered,733.17
6771,960,77,154,2025-12-16 01:19:47,61,Delivered,293.44
6772,50,97,223,2025-05-18 19:52:39,47,Delivered,978.55
6773,563,99,194,2025-06-12 09:51:22,62,Delivered,1297.4
6774,979,121,242,2024-08-01 16:52:46,54,Preparing,598.53
6775,257,66,228,2025-04-21 13:39:41,16,Delivered,1272.3
6776,816,93,22,2026-07-09 01:49:12,48,Preparing,1175.61
6777,332,107,205,2025-02-07 18:11:41,20,Delivered,644.5
6778,49,144,250,2025-03-15 04:27:01,49,Delivered,1232.03
6779,890,26,140,2024-12-13 14:42:28,30,Delivered,350.15
6780,594,49,69,2025-09-06 22:08:40,45,Delivered,262.39
6781,139,53,127,2024-09-30 21:58:20,46,Delivered,1445.33
6782,647,142,207,2025-05-18 10:34:10,15,Delivered,1261.19
6783,162,41,239,2026-04-17 01:31:55,66,Delivered,786.17
6784,99,129,196,2025-02-12 00:58:20,38,Delivered,159.74
6785,157,62,149,2025-02-13 05:37:48,21,Delivered,506.81
6786,951,50,63,2024-09-20 09:57:48,67,Delivered,1201.31
6787,703,56,174,2026-04-24 15:30:51,19,Delivered,158.04
6788,567,46,21,2026-01-27 11:51:52,25,Delivered,452.93
6789,126,141,153,2026-01-10 12:46:47,42,Delivered,207.69
6790,116,47,160,2025-06-14 05:39:10,37,Delivered,1630.98
6791,972,63,26,2024-09-26 12:23:55,57,Delivered,951.83
6792,328,103,232,2024-08-25 05:15:49,51,Delivered,172.67
6793,716,2,177,2026-06-22 21:52:13,21,Delivered,1204.11
6794,770,21,244,2024-10-18 11:56:36,44,Delivered,715.54
6795,983,55,211,2025-11-25 07:30:39,63,Delivered,635.14
6796,317,136,62,2026-01-21 02:29:32,31,Preparing,1443.86
6797,523,124,30,2025-07-22 18:36:32,38,Preparing,665.82
6798,737,127,78,2025-04-06 04:49:51,42,Delivered,337.38
6799,1000,15,230,2025-12-03 23:26:22,60,Delivered,896.12
6800,137,124,37,2026-06-21 14:58:08,49,Preparing,1645.09
6801,865,66,14,2025-01-04 02:06:50,17,Delivered,1233.7
6802,751,134,3,2025-04-15 01:56:39,70,Cancelled,1689.6
6803,207,73,161,2025-09-17 22:21:07,60,Delivered,338.15
6804,858,53,43,2026-06-06 12:22:15,22,Delivered,1274.08
6805,26,96,221,2026-04-25 12:40:24,53,Cancelled,504.25
6806,272,20,140,2025-12-04 03:18:26,29,Delivered,1364.45
6807,359,48,183,2026-07-12 21:47:15,43,Delivered,745.56
6808,672,11,227,2025-03-18 18:43:09,25,Delivered,334.31
6809,448,120,145,2025-06-12 04:55:32,37,Delivered,423.28
6810,978,56,43,2026-05-03 08:57:17,39,Delivered,193.84
6811,768,22,103,2025-02-20 08:41:15,43,Delivered,336.35
6812,444,120,204,2024-08-31 08:22:37,68,Delivered,828.87
6813,139,2,46,2025-05-15 00:26:07,35,Delivered,461.52
6814,407,66,194,2024-11-02 17:15:03,25,Delivered,535.87
6815,17,44,44,2024-08-27 04:04:53,17,Delivered,643.13
6816,495,87,54,2024-12-22 19:03:08,56,Cancelled,616.81
6817,690,4,93,2025-12-30 21:47:16,65,Delivered,1153.75
6818,288,20,16,2025-10-07 04:43:08,57,Delivered,888.14
6819,815,82,1,2025-09-26 19:47:25,48,Delivered,677.85
6820,561,75,106,2024-07-30 00:18:50,46,Delivered,533.93
6821,509,130,65,2024-11-11 04:59:09,42,Delivered,962.03
6822,752,2,144,2025-08-13 23:31:25,56,Delivered,1793.71
6823,667,116,101,2025-01-11 06:38:56,32,Delivered,1520.78
6824,348,131,60,2024-08-04 11:44:17,35,Delivered,1628.07
6825,87,128,232,2025-02-19 03:56:18,25,Delivered,900.03
6826,610,114,63,2024-11-16 21:49:55,61,Delivered,459.21
6827,27,31,217,2025-08-11 00:31:37,59,Delivered,539.83
6828,12,93,28,2025-06-20 01:16:19,20,Delivered,254.3
6829,198,66,8,2025-01-07 00:49:08,42,Cancelled,1552.22
6830,547,8,19,2025-06-22 00:17:25,54,Delivered,750.4
6831,184,78,11,2024-11-10 09:26:58,40,Delivered,259.14
6832,481,70,220,2026-07-24 05:35:37,45,Delivered,1336.38
6833,472,13,172,2026-05-25 21:10:24,40,Delivered,730.21
6834,832,113,146,2025-08-28 12:01:37,42,Preparing,1067.65
6835,975,50,162,2026-06-06 15:32:30,57,Delivered,1625.49
6836,805,66,213,2024-10-16 15:18:23,18,Delivered,1239.4
6837,26,79,163,2025-02-18 13:44:25,34,Delivered,282.41
6838,253,139,169,2025-12-03 07:40:09,48,Delivered,253.03
6839,128,26,193,2025-02-15 08:40:33,69,Delivered,1649.5
6840,716,105,128,2026-01-05 11:08:12,65,Delivered,916.79
6841,427,19,150,2025-02-24 05:39:21,70,Delivered,592.16
6842,409,8,25,2025-07-16 03:25:13,45,Delivered,402.91
6843,97,116,109,2024-10-27 05:01:38,34,Delivered,1687.78
6844,495,120,195,2025-09-12 20:21:02,66,Delivered,1609.11
6845,682,53,143,2026-03-07 11:19:59,15,Delivered,1775.54
6846,981,59,79,2025-10-21 19:05:06,43,Delivered,417.57
6847,472,35,83,2025-01-23 15:29:05,70,Delivered,395.47
6848,633,91,163,2025-10-31 20:47:24,52,Delivered,451.27
6849,275,135,145,2025-04-01 06:37:14,50,Delivered,538.94
6850,726,129,128,2026-04-06 23:21:44,26,Preparing,1729.57
6851,635,49,56,2025-01-09 06:34:49,55,Delivered,1305.97
6852,914,5,42,2026-07-18 17:57:00,59,Preparing,199.52
6853,836,63,148,2024-08-14 20:19:25,47,Delivered,849.09
6854,732,136,79,2025-10-18 22:43:28,64,Delivered,1030.63
6855,273,35,174,2025-06-13 21:18:57,44,Delivered,1069.44
6856,327,101,204,2025-10-18 18:46:37,58,Delivered,1321.69
6857,618,20,142,2026-04-09 08:02:52,61,Delivered,1241.5
6858,415,43,202,2024-09-01 22:35:24,24,Delivered,700.26
6859,888,58,213,2025-06-19 00:51:51,30,Cancelled,1626.67
6860,962,100,162,2025-08-17 18:32:01,25,Delivered,322.19
6861,435,50,63,2025-06-06 09:48:32,32,Delivered,342.54
6862,708,35,24,2025-02-16 02:39:31,38,Delivered,473.8
6863,904,88,46,2026-01-20 00:28:53,70,Delivered,811.9
6864,819,136,143,2026-03-08 09:35:02,41,Delivered,508.3
6865,374,118,9,2026-05-28 11:35:40,33,Delivered,750.28
6866,819,31,190,2026-07-11 15:53:54,56,Preparing,485.59
6867,893,75,240,2025-12-23 03:18:53,24,Delivered,323.67
6868,348,68,228,2026-05-28 06:04:00,51,Delivered,1786.18
6869,341,123,165,2025-11-12 09:19:30,33,Delivered,1491.37
6870,647,142,137,2025-11-27 19:59:23,60,Delivered,1562.88
6871,787,77,97,2026-01-17 14:22:27,30,Delivered,1633.73
6872,77,42,160,2026-07-13 13:04:15,22,Delivered,1651.25
6873,280,126,165,2024-07-31 20:31:09,54,Delivered,565.26
6874,397,74,46,2025-10-14 12:54:14,52,Delivered,976.83
6875,453,45,65,2024-12-10 23:32:11,43,Delivered,683.29
6876,668,136,226,2024-12-10 12:57:48,46,Delivered,1214.49
6877,832,31,93,2025-08-25 19:38:35,30,Cancelled,250.91
6878,324,31,67,2025-09-18 20:07:19,38,Preparing,1224.01
6879,817,136,57,2026-03-14 02:46:57,69,Delivered,1607.68
6880,182,61,13,2026-05-26 15:27:49,36,Preparing,1491.07
6881,572,44,67,2025-03-02 03:54:57,35,Delivered,1796.11
6882,27,129,24,2026-07-28 00:08:42,23,Delivered,1766.49
6883,926,62,191,2025-11-17 17:05:29,45,Delivered,1272.91
6884,394,44,79,2025-08-28 12:43:26,28,Delivered,1779.85
6885,651,19,236,2025-07-16 23:07:34,32,Delivered,171.86
6886,431,100,30,2026-03-15 11:01:15,61,Delivered,1484.85
6887,610,106,63,2025-02-23 11:39:09,62,Delivered,660.69
6888,105,38,205,2026-06-05 17:17:21,69,Delivered,1006.14
6889,503,10,99,2025-04-03 12:54:51,36,Delivered,277.92
6890,792,69,113,2026-03-07 00:32:21,20,Delivered,164.83
6891,111,43,82,2025-04-27 09:16:38,15,Delivered,1785.05
6892,84,107,12,2024-10-23 23:13:45,15,Preparing,1406.54
6893,192,124,43,2026-05-24 16:31:55,50,Preparing,1174.62
6894,426,131,247,2026-01-29 03:19:07,29,Delivered,336.15
6895,177,16,142,2025-01-29 05:56:25,40,Cancelled,586.05
6896,719,141,76,2026-05-05 15:26:14,24,Delivered,1553.27
6897,634,102,196,2026-05-05 20:33:15,39,Delivered,1493.78
6898,771,116,130,2026-03-16 17:56:13,31,Delivered,1686.87
6899,663,18,74,2025-04-10 08:01:48,20,Delivered,594.98
6900,264,101,4,2025-09-19 15:49:01,56,Delivered,1539.61
6901,174,64,181,2026-03-02 12:45:04,69,Delivered,848.18
6902,736,91,149,2026-06-22 11:42:59,38,Delivered,1312.64
6903,864,83,190,2025-07-16 10:37:55,53,Delivered,1139.38
6904,468,83,169,2024-11-11 12:44:17,45,Delivered,502.01
6905,772,126,180,2026-05-17 01:28:04,63,Delivered,431.22
6906,236,8,88,2025-08-14 09:41:01,35,Delivered,1098.39
6907,676,137,218,2024-11-01 19:44:30,68,Delivered,881.9
6908,17,121,80,2025-07-16 07:37:00,61,Delivered,216.6
6909,601,56,155,2025-02-20 13:55:37,32,Delivered,1033.55
6910,325,2,198,2026-06-19 00:00:16,32,Delivered,529.31
6911,58,61,88,2024-12-28 17:24:33,66,Delivered,191.94
6912,137,136,92,2024-08-14 14:05:00,64,Delivered,826.19
6913,648,99,109,2025-12-09 13:36:38,60,Delivered,1168.71
6914,217,92,79,2025-06-24 00:42:44,58,Delivered,1663.46
6915,18,125,84,2026-04-16 03:16:38,69,Delivered,432.83
6916,59,23,129,2025-10-01 10:23:12,33,Delivered,422.57
6917,141,98,80,2025-10-06 23:45:47,68,Delivered,1659.55
6918,540,6,225,2024-10-30 03:05:54,65,Delivered,607.75
6919,597,76,16,2026-04-02 18:29:55,47,Delivered,1447.19
6920,649,60,83,2024-10-19 03:08:25,40,Delivered,705.0
6921,821,71,165,2026-03-09 11:26:56,30,Delivered,897.71
6922,748,85,10,2025-05-23 03:05:50,67,Delivered,1625.94
6923,944,93,199,2026-05-11 20:17:56,64,Delivered,1628.48
6924,498,65,144,2026-05-06 09:00:07,66,Delivered,1349.13
6925,745,40,85,2026-04-27 13:37:08,19,Delivered,1706.23
6926,961,142,213,2025-02-24 13:07:46,33,Delivered,1458.63
6927,866,14,22,2026-03-23 12:52:13,57,Delivered,685.62
6928,174,41,219,2026-02-08 23:01:09,45,Delivered,1196.98
6929,180,71,145,2026-03-15 18:35:11,58,Delivered,1786.91
6930,336,42,54,2026-05-03 23:12:16,65,Delivered,968.98
6931,695,150,244,2024-08-25 08:06:48,51,Delivered,384.65
6932,840,58,171,2025-01-02 19:29:34,48,Delivered,212.78
6933,1,16,144,2025-03-23 00:23:06,31,Delivered,715.11
6934,732,22,241,2025-01-06 19:51:34,23,Delivered,834.5
6935,758,82,121,2025-10-30 19:59:45,35,Delivered,1296.3
6936,349,18,182,2025-08-24 10:28:14,27,Delivered,1153.65
6937,494,97,181,2026-03-11 09:04:40,30,Delivered,1164.79
6938,428,19,80,2025-09-08 01:41:09,23,Delivered,1383.93
6939,23,70,16,2026-06-29 00:06:10,47,Delivered,187.0
6940,810,63,53,2024-09-17 13:19:18,31,Cancelled,275.78
6941,540,128,135,2025-08-27 01:29:04,46,Delivered,387.47
6942,184,98,231,2025-08-16 07:29:54,37,Preparing,1623.62
6943,194,56,178,2025-01-04 17:11:22,47,Delivered,318.98
6944,978,17,124,2025-09-28 00:00:33,20,Delivered,1478.91
6945,50,63,52,2025-07-29 00:58:19,68,Delivered,1267.67
6946,63,130,209,2025-07-08 07:08:22,38,Delivered,293.28
6947,666,78,64,2025-12-17 09:48:54,41,Delivered,1577.28
6948,56,47,174,2026-03-01 14:18:45,16,Delivered,1664.75
6949,90,57,121,2025-05-04 00:27:36,50,Delivered,1356.42
6950,701,18,9,2025-08-30 17:19:32,52,Delivered,835.58
6951,743,106,128,2025-01-17 20:11:45,44,Delivered,900.62
6952,874,107,88,2026-02-17 20:33:08,63,Preparing,772.83
6953,366,90,77,2025-01-26 20:16:53,36,Delivered,245.98
6954,257,130,29,2025-01-11 15:08:47,54,Delivered,1570.43
6955,257,52,92,2025-06-08 09:44:12,64,Delivered,333.21
6956,924,13,36,2025-03-06 15:00:42,39,Delivered,1097.43
6957,381,53,61,2026-03-12 03:14:21,67,Delivered,1170.14
6958,770,35,50,2025-08-01 22:14:08,59,Delivered,1227.12
6959,900,22,53,2025-07-13 04:56:47,38,Delivered,1772.61
6960,319,134,81,2024-08-08 21:05:56,36,Delivered,197.01
6961,24,37,97,2026-05-04 06:39:53,31,Delivered,378.71
6962,815,109,4,2025-02-09 01:47:23,39,Delivered,1333.55
6963,328,32,192,2024-10-10 07:16:37,67,Delivered,1494.69
6964,489,112,41,2025-01-25 16:32:18,21,Preparing,1642.37
6965,431,74,144,2026-02-06 07:57:09,30,Delivered,570.71
6966,140,117,179,2024-08-04 14:38:58,68,Cancelled,898.46
6967,56,45,150,2025-11-11 00:20:33,33,Delivered,1085.2
6968,845,123,236,2024-08-07 17:43:48,25,Delivered,1250.05
6969,162,59,190,2025-11-24 17:17:03,66,Delivered,746.02
6970,635,53,117,2026-07-08 07:46:12,44,Delivered,415.33
6971,560,47,138,2024-10-24 14:43:30,31,Delivered,1414.74
6972,618,22,152,2025-04-26 05:20:43,57,Cancelled,1335.24
6973,977,77,213,2024-12-25 23:19:58,53,Delivered,286.21
6974,695,86,160,2025-08-31 06:02:06,52,Delivered,1316.33
6975,598,71,81,2026-05-01 13:30:18,68,Delivered,1233.74
6976,301,77,111,2025-12-05 18:29:36,31,Delivered,388.23
6977,845,150,2,2026-06-07 09:54:24,16,Delivered,1748.08
6978,174,78,224,2025-06-19 14:41:49,24,Preparing,1600.11
6979,756,135,97,2024-08-16 01:51:27,46,Delivered,694.89
6980,506,3,202,2024-12-20 18:13:05,19,Delivered,925.38
6981,500,89,196,2025-09-25 08:09:04,17,Delivered,1280.01
6982,385,116,241,2024-11-05 06:19:50,17,Delivered,1166.51
6983,772,59,109,2025-06-01 13:36:00,46,Delivered,1208.77
6984,352,12,191,2024-11-09 13:18:17,23,Preparing,1301.17
6985,59,80,171,2025-04-25 21:24:28,19,Delivered,1635.51
6986,34,127,62,2025-02-19 12:18:04,32,Delivered,848.54
6987,690,64,28,2026-04-01 18:02:36,41,Delivered,1244.98
6988,13,125,151,2024-12-05 15:59:55,54,Delivered,1280.63
6989,90,99,227,2024-08-28 18:13:05,32,Delivered,683.96
6990,182,125,89,2026-07-16 14:57:36,33,Delivered,1333.97
6991,729,52,223,2025-02-17 12:55:40,23,Delivered,1394.83
6992,502,129,87,2024-09-19 17:47:03,20,Preparing,1272.09
6993,434,101,134,2025-12-19 23:30:11,47,Delivered,741.65
6994,480,29,178,2026-05-18 05:52:45,35,Delivered,836.2
6995,427,21,221,2024-12-08 09:44:44,41,Delivered,1776.51
6996,913,78,12,2026-05-29 21:00:56,51,Delivered,1691.47
6997,245,100,65,2026-06-04 17:27:53,41,Delivered,713.7
6998,904,95,81,2025-01-25 18:19:13,22,Delivered,342.34
6999,929,19,57,2026-06-23 19:04:18,28,Delivered,835.29
7000,193,48,34,2024-10-03 01:54:06,31,Preparing,1686.33
7001,524,39,96,2025-11-15 19:21:52,40,Delivered,261.17
7002,132,21,243,2024-08-25 03:10:52,24,Delivered,858.93
7003,582,116,217,2026-02-11 12:52:08,62,Cancelled,1070.77
7004,779,100,149,2025-12-17 18:38:16,46,Delivered,1017.23
7005,585,130,161,2025-05-01 15:42:06,53,Preparing,1370.22
7006,88,147,109,2025-07-13 18:03:13,29,Delivered,417.36
7007,643,14,67,2025-07-22 18:34:25,60,Delivered,1091.66
7008,851,47,47,2024-11-10 02:32:41,63,Delivered,1079.61
7009,81,109,65,2024-08-03 18:02:00,23,Delivered,1703.13
7010,138,124,73,2025-02-22 15:18:21,40,Delivered,1335.51
7011,11,29,125,2026-03-09 18:57:38,39,Delivered,328.07
7012,621,24,147,2025-03-03 03:45:20,67,Delivered,851.66
7013,478,5,215,2024-09-18 13:09:49,48,Delivered,720.73
7014,832,100,2,2024-08-13 08:23:35,41,Delivered,436.73
7015,13,106,49,2024-09-11 00:34:22,37,Delivered,490.04
7016,755,91,126,2026-01-29 10:06:30,44,Delivered,1173.56
7017,297,43,197,2026-01-16 02:41:32,53,Delivered,1470.64
7018,2,77,226,2025-08-17 08:17:45,15,Delivered,1321.39
7019,223,41,121,2026-01-15 14:07:25,28,Delivered,1391.46
7020,316,135,45,2025-10-31 13:05:59,60,Delivered,1577.04
7021,391,53,192,2026-05-11 15:06:56,65,Delivered,1277.79
7022,235,88,215,2026-01-26 23:55:03,41,Delivered,1068.7
7023,708,39,4,2025-02-25 10:03:01,30,Delivered,1041.07
7024,704,110,220,2024-10-14 12:09:29,67,Delivered,1337.79
7025,338,130,171,2025-10-10 22:22:38,41,Preparing,1241.17
7026,576,86,52,2025-01-12 03:07:19,56,Preparing,1593.13
7027,728,27,25,2024-11-29 23:57:34,56,Preparing,979.15
7028,81,120,125,2025-02-24 08:09:40,65,Delivered,1485.74
7029,215,101,109,2025-05-13 09:46:53,39,Delivered,797.27
7030,738,78,123,2026-03-27 12:22:42,26,Delivered,1222.57
7031,163,107,244,2025-01-31 15:08:31,69,Delivered,1000.45
7032,345,3,50,2026-05-12 15:46:43,27,Preparing,960.7
7033,51,45,171,2025-09-29 21:53:47,57,Delivered,1780.02
7034,32,58,126,2025-12-10 16:30:40,38,Delivered,1194.35
7035,203,28,169,2024-09-25 12:54:35,27,Delivered,564.04
7036,352,33,217,2024-09-13 06:38:06,59,Delivered,1286.29
7037,425,116,213,2025-11-23 16:57:59,21,Delivered,714.8
7038,833,64,14,2025-08-08 00:06:05,38,Delivered,900.38
7039,64,117,203,2026-02-04 02:23:36,19,Delivered,1565.9
7040,408,85,39,2025-11-19 14:56:26,33,Delivered,1177.27
7041,815,139,155,2025-03-26 12:15:43,19,Delivered,413.96
7042,741,130,61,2024-10-13 19:07:05,47,Delivered,429.26
7043,5,19,84,2025-12-03 17:34:55,22,Delivered,920.23
7044,509,106,69,2026-07-16 10:37:15,51,Delivered,809.93
7045,87,105,220,2024-11-18 06:08:11,37,Delivered,1534.59
7046,141,131,231,2024-11-18 01:34:44,25,Preparing,1310.18
7047,825,100,28,2026-03-04 02:42:35,68,Delivered,690.85
7048,276,145,171,2025-03-01 06:04:21,67,Delivered,1564.74
7049,135,145,79,2025-09-24 14:09:46,50,Cancelled,1107.66
7050,304,49,172,2025-07-25 17:14:22,69,Delivered,572.44
7051,879,82,118,2024-08-19 22:29:26,45,Delivered,1778.14
7052,885,102,20,2025-10-28 07:06:54,61,Cancelled,1665.62
7053,549,112,88,2026-02-16 05:15:01,55,Delivered,1431.96
7054,980,9,182,2026-02-20 05:58:44,52,Cancelled,1300.78
7055,609,89,185,2025-10-05 11:47:26,40,Delivered,1000.69
7056,146,54,145,2025-08-01 18:00:22,59,Delivered,1373.06
7057,783,94,246,2024-11-23 08:48:20,63,Delivered,460.64
7058,827,4,237,2026-02-27 06:18:44,22,Delivered,619.88
7059,158,118,8,2025-05-27 19:27:04,41,Delivered,1077.17
7060,336,59,105,2025-02-12 17:13:32,17,Delivered,962.99
7061,43,113,35,2026-06-01 08:33:02,15,Delivered,197.96
7062,879,58,238,2026-07-23 23:32:00,55,Delivered,1058.46
7063,563,26,242,2025-10-18 03:55:48,19,Delivered,1401.28
7064,592,110,102,2025-06-10 02:12:16,69,Delivered,1764.53
7065,454,42,242,2025-01-04 01:09:06,16,Delivered,882.27
7066,303,65,129,2024-12-18 11:05:13,29,Preparing,769.3
7067,431,124,1,2024-12-13 21:32:50,44,Delivered,1105.85
7068,714,1,89,2025-05-14 22:22:21,40,Delivered,687.86
7069,825,74,215,2024-09-27 17:56:57,70,Delivered,1121.77
7070,501,123,9,2025-08-18 07:48:09,35,Delivered,1500.86
7071,207,63,20,2026-05-14 01:12:24,40,Delivered,1135.04
7072,605,88,70,2025-03-17 22:51:05,42,Cancelled,1228.77
7073,508,62,184,2026-04-06 08:31:25,57,Delivered,733.75
7074,992,129,110,2024-11-18 00:44:04,49,Delivered,1552.23
7075,339,55,25,2024-12-20 03:54:37,23,Preparing,1471.33
7076,433,108,33,2025-03-11 00:17:48,35,Delivered,967.31
7077,521,13,176,2024-08-08 22:17:46,17,Delivered,1000.87
7078,314,4,218,2025-02-19 21:45:32,20,Delivered,787.07
7079,852,81,156,2026-05-06 14:14:47,65,Delivered,1359.97
7080,42,7,19,2026-06-20 09:42:23,52,Delivered,1744.19
7081,948,9,116,2026-01-19 00:42:28,28,Delivered,1698.0
7082,264,101,113,2025-12-12 13:59:20,63,Delivered,1190.83
7083,746,128,73,2026-01-03 03:31:29,30,Delivered,1392.84
7084,238,147,163,2025-01-11 06:29:40,17,Delivered,605.89
7085,216,28,148,2024-12-09 23:08:02,48,Delivered,1099.15
7086,510,18,135,2025-06-19 16:16:45,29,Delivered,481.86
7087,14,90,76,2024-10-14 11:40:24,23,Preparing,1043.58
7088,260,45,92,2024-10-20 20:35:53,55,Delivered,292.87
7089,925,150,168,2025-09-16 11:58:51,17,Delivered,733.07
7090,308,4,148,2026-05-03 12:42:55,33,Delivered,1102.73
7091,65,47,81,2025-11-24 01:46:49,51,Delivered,1181.01
7092,841,10,187,2024-09-07 03:45:00,58,Delivered,1423.14
7093,253,143,139,2024-08-25 14:17:18,60,Delivered,840.92
7094,480,100,219,2024-12-25 12:28:29,42,Delivered,1194.05
7095,852,43,216,2025-03-23 08:03:47,61,Delivered,1697.57
7096,918,19,229,2025-05-22 05:11:01,27,Delivered,1521.89
7097,18,55,145,2025-09-10 11:54:11,54,Delivered,926.13
7098,224,137,119,2025-06-29 07:31:40,33,Delivered,1304.54
7099,200,6,136,2024-10-14 03:03:39,21,Delivered,822.32
7100,165,146,171,2026-01-14 02:14:35,28,Delivered,1589.79
7101,839,115,181,2025-05-21 08:52:32,15,Delivered,1390.98
7102,249,131,43,2025-01-12 03:30:32,15,Delivered,724.61
7103,317,144,21,2024-09-06 02:27:01,50,Delivered,517.06
7104,845,27,20,2025-08-01 22:08:20,67,Delivered,834.69
7105,350,113,213,2024-08-07 09:12:28,43,Delivered,896.33
7106,74,35,181,2024-11-22 00:51:11,65,Cancelled,1247.07
7107,566,35,196,2025-09-26 06:35:59,17,Cancelled,247.47
7108,160,136,249,2025-06-04 06:04:02,43,Delivered,872.46
7109,35,92,129,2025-07-12 12:59:01,54,Delivered,456.4
7110,696,4,54,2026-01-19 11:10:20,41,Delivered,872.55
7111,543,124,29,2025-12-18 02:33:28,53,Cancelled,430.08
7112,778,121,170,2024-12-07 23:29:03,26,Delivered,713.65
7113,902,120,17,2024-09-10 15:07:47,27,Preparing,614.98
7114,862,107,123,2026-07-24 17:12:38,31,Delivered,306.33
7115,763,80,81,2026-07-21 09:22:08,29,Delivered,1413.1
7116,364,114,185,2024-11-23 16:41:32,34,Preparing,640.33
7117,831,133,137,2026-03-26 03:48:38,24,Preparing,683.18
7118,738,108,168,2024-08-25 08:43:51,68,Preparing,1096.18
7119,50,29,209,2024-08-22 18:16:31,48,Delivered,321.98
7120,948,27,210,2025-11-02 20:52:07,22,Delivered,864.09
7121,915,64,202,2025-04-15 10:30:06,29,Delivered,718.13
7122,328,118,110,2026-03-26 11:12:24,33,Delivered,965.83
7123,38,95,16,2026-04-05 13:21:08,57,Delivered,1578.34
7124,545,3,249,2025-01-28 17:11:37,53,Delivered,981.61
7125,215,18,221,2025-05-28 16:52:22,52,Delivered,865.96
7126,720,16,46,2026-06-22 21:08:47,63,Delivered,990.09
7127,439,14,64,2026-04-13 10:50:40,55,Delivered,1380.15
7128,353,97,52,2025-06-15 16:59:42,59,Delivered,490.84
7129,554,148,39,2026-02-09 10:10:28,30,Delivered,1753.09
7130,369,36,72,2024-11-11 08:12:41,64,Delivered,238.43
7131,79,82,222,2024-09-21 11:52:59,70,Delivered,926.34
7132,544,35,104,2025-10-15 18:14:05,27,Delivered,162.47
7133,656,52,206,2025-05-04 23:42:03,25,Preparing,1792.36
7134,757,38,119,2024-12-28 18:18:06,20,Delivered,1247.4
7135,766,100,198,2025-06-11 22:52:30,25,Delivered,1285.23
7136,932,97,149,2025-09-24 08:51:15,44,Preparing,564.05
7137,428,47,244,2025-10-25 04:44:55,28,Delivered,190.57
7138,701,143,89,2024-08-22 06:42:46,56,Preparing,924.81
7139,776,114,193,2024-08-05 19:29:59,70,Delivered,831.79
7140,99,147,223,2025-04-18 08:16:34,27,Preparing,1464.27
7141,159,46,186,2025-07-25 02:53:24,51,Preparing,298.96
7142,814,45,239,2025-08-02 15:00:29,59,Delivered,992.21
7143,714,1,222,2025-11-10 21:57:46,63,Preparing,796.4
7144,357,62,176,2025-03-29 04:03:16,52,Delivered,1358.37
7145,934,129,93,2024-08-21 09:14:03,32,Delivered,609.04
7146,864,139,157,2024-09-13 14:44:56,25,Delivered,1630.94
7147,910,62,22,2024-10-11 10:59:21,31,Delivered,234.42
7148,238,89,103,2025-08-17 11:44:34,29,Delivered,1642.56
7149,163,130,39,2025-02-03 02:44:17,42,Delivered,688.53
7150,311,3,79,2024-11-12 03:13:01,43,Delivered,1395.76
7151,975,98,93,2025-04-14 03:07:54,43,Delivered,1516.73
7152,516,150,183,2026-04-09 20:13:51,42,Delivered,302.42
7153,152,94,16,2025-10-09 10:12:23,48,Delivered,1553.22
7154,418,138,81,2024-08-07 15:16:02,39,Delivered,1181.43
7155,306,113,99,2024-08-18 06:08:34,18,Delivered,1014.36
7156,895,138,45,2026-04-10 07:12:20,28,Delivered,430.5
7157,371,140,113,2025-07-22 10:33:00,26,Delivered,1455.85
7158,656,75,102,2025-01-12 23:33:38,44,Preparing,1246.23
7159,403,54,20,2025-11-19 00:13:10,40,Delivered,177.14
7160,568,76,100,2025-07-22 12:07:15,17,Delivered,410.2
7161,404,39,132,2024-10-06 13:27:56,64,Delivered,1708.73
7162,718,104,80,2024-12-23 06:11:04,53,Delivered,1511.86
7163,291,128,73,2026-03-05 15:39:50,51,Delivered,299.0
7164,827,62,66,2026-03-25 21:24:14,69,Delivered,517.24
7165,697,9,59,2024-08-24 22:39:10,21,Delivered,1718.74
7166,101,100,106,2025-12-19 07:27:59,30,Delivered,862.03
7167,770,37,135,2025-07-14 17:33:21,32,Delivered,674.95
7168,75,75,193,2024-12-09 09:35:50,15,Delivered,696.63
7169,631,97,39,2024-11-30 12:45:36,25,Cancelled,730.79
7170,783,27,163,2024-10-09 16:56:37,15,Delivered,1019.63
7171,82,10,98,2024-10-21 20:21:42,61,Preparing,834.04
7172,45,16,47,2025-01-03 15:58:32,70,Delivered,160.11
7173,429,5,164,2025-09-21 21:50:42,21,Delivered,1160.6
7174,344,52,131,2026-04-21 12:53:15,68,Delivered,324.82
7175,843,98,229,2025-05-20 17:49:04,67,Delivered,665.23
7176,75,7,107,2025-10-11 23:27:31,39,Delivered,1050.39
7177,295,82,121,2024-08-30 02:36:08,70,Preparing,1549.81
7178,152,20,111,2026-02-26 08:36:22,37,Delivered,443.2
7179,700,71,40,2025-08-28 15:51:59,28,Delivered,1094.19
7180,355,69,191,2025-07-31 03:41:23,31,Delivered,173.08
7181,79,18,165,2026-06-16 03:39:22,15,Delivered,1397.32
7182,632,133,96,2024-09-25 18:15:45,16,Delivered,1241.02
7183,27,89,164,2025-12-19 21:12:50,62,Delivered,852.32
7184,456,25,65,2025-05-27 20:48:41,49,Delivered,1684.65
7185,673,51,199,2025-08-18 00:26:45,22,Delivered,282.96
7186,467,148,195,2024-11-16 18:34:20,35,Delivered,1363.64
7187,68,44,145,2024-12-20 06:04:01,66,Cancelled,1296.75
7188,300,149,46,2024-10-30 05:33:43,25,Delivered,1441.95
7189,520,141,19,2024-08-17 10:39:36,37,Delivered,448.65
7190,522,91,36,2026-04-14 18:06:43,22,Delivered,1590.35
7191,561,1,31,2026-04-29 19:03:15,67,Delivered,1152.01
7192,171,86,248,2025-02-11 06:18:04,17,Cancelled,1402.75
7193,489,59,183,2025-03-31 16:10:13,23,Delivered,1664.76
7194,65,60,228,2026-06-04 22:05:19,53,Delivered,239.39
7195,838,44,94,2026-07-15 05:46:17,17,Delivered,427.84
7196,257,102,209,2026-01-31 11:51:52,24,Delivered,545.52
7197,236,130,246,2026-03-21 20:07:35,33,Delivered,1401.83
7198,954,60,124,2025-03-03 00:34:22,56,Delivered,573.87
7199,611,150,152,2026-02-26 13:01:34,32,Delivered,1356.71
7200,776,92,189,2025-06-10 14:06:47,48,Delivered,520.86
7201,27,134,106,2026-04-05 11:56:54,55,Delivered,308.45
7202,570,106,168,2024-10-23 23:01:16,30,Delivered,1124.79
7203,48,132,82,2025-08-18 07:13:32,66,Delivered,1758.09
7204,773,70,240,2024-10-23 05:57:30,57,Delivered,967.7
7205,109,86,150,2025-10-14 09:23:32,16,Delivered,344.57
7206,129,55,120,2024-12-05 22:03:34,46,Delivered,247.93
7207,54,124,65,2025-09-27 01:17:03,33,Delivered,1094.44
7208,238,146,28,2026-04-17 10:56:55,59,Delivered,356.04
7209,963,65,219,2024-09-20 04:38:40,60,Delivered,480.68
7210,263,92,101,2025-08-01 04:47:58,48,Delivered,981.81
7211,284,136,102,2026-05-08 00:47:10,36,Delivered,953.16
7212,214,123,76,2024-08-02 22:45:20,64,Delivered,774.29
7213,387,2,114,2025-07-17 07:23:32,23,Delivered,774.44
7214,60,75,218,2025-02-13 13:17:01,65,Delivered,320.84
7215,7,143,28,2025-03-24 01:06:38,49,Delivered,869.99
7216,609,54,129,2025-02-04 06:23:26,55,Delivered,1536.32
7217,136,137,174,2025-06-10 05:43:04,52,Delivered,157.83
7218,222,149,64,2024-09-08 20:18:40,64,Delivered,813.55
7219,141,102,156,2024-11-18 10:55:30,64,Delivered,947.2
7220,452,96,34,2026-04-30 21:37:15,59,Preparing,840.91
7221,297,144,240,2025-01-20 06:41:46,18,Delivered,1371.93
7222,438,51,103,2026-03-11 01:03:15,45,Delivered,908.89
7223,154,67,214,2025-03-20 06:32:04,56,Delivered,560.01
7224,250,125,99,2025-03-13 17:58:22,32,Delivered,1519.44
7225,970,132,59,2026-05-25 13:58:05,63,Delivered,168.85
7226,980,92,62,2026-03-31 23:17:36,53,Delivered,1371.82
7227,904,102,11,2026-07-21 22:32:20,48,Delivered,1769.78
7228,193,47,154,2026-06-29 23:19:21,66,Delivered,922.18
7229,243,75,181,2024-11-08 09:25:27,70,Delivered,288.74
7230,635,126,214,2024-12-18 17:19:47,61,Delivered,1764.15
7231,279,126,52,2025-05-05 02:35:21,58,Cancelled,891.72
7232,475,10,71,2024-11-18 02:04:10,63,Delivered,1166.33
7233,590,107,118,2024-10-09 04:14:41,49,Delivered,661.55
7234,843,100,221,2025-12-14 08:06:41,36,Delivered,1710.58
7235,239,99,25,2025-06-02 15:56:52,64,Preparing,1244.48
7236,792,65,6,2024-08-10 00:32:33,36,Delivered,1649.06
7237,412,139,232,2024-11-17 23:11:58,69,Delivered,309.34
7238,53,133,222,2025-04-20 22:51:23,62,Delivered,1487.09
7239,723,128,248,2024-12-16 17:10:17,35,Delivered,1204.56
7240,912,55,9,2025-01-11 19:20:11,45,Cancelled,1654.65
7241,825,27,230,2026-07-06 22:41:06,58,Delivered,1458.44
7242,468,117,206,2025-10-28 13:17:37,19,Delivered,850.17
7243,946,148,151,2025-02-23 16:25:07,21,Delivered,985.4
7244,186,60,106,2026-03-07 17:52:33,30,Delivered,265.74
7245,33,68,138,2024-09-30 23:22:37,69,Delivered,1794.6
7246,940,108,116,2024-11-16 07:02:01,22,Preparing,785.31
7247,829,123,178,2026-02-18 01:35:26,25,Delivered,260.02
7248,993,37,216,2026-07-08 21:09:21,64,Delivered,344.15
7249,870,126,195,2026-07-26 11:30:35,50,Delivered,1548.98
7250,522,94,234,2025-12-27 01:19:45,56,Delivered,1102.8
7251,690,150,17,2026-02-16 09:38:31,54,Cancelled,192.62
7252,543,75,26,2024-08-11 06:45:30,61,Delivered,1267.69
7253,574,86,225,2025-10-25 03:47:29,38,Delivered,1326.88
7254,64,72,55,2025-02-25 00:27:53,44,Cancelled,485.28
7255,543,83,95,2025-03-23 00:49:59,51,Delivered,965.13
7256,505,32,112,2026-02-25 07:41:25,63,Delivered,571.49
7257,561,25,70,2026-04-29 12:49:02,62,Delivered,157.88
7258,765,70,10,2025-07-10 13:00:56,65,Delivered,826.99
7259,153,62,199,2026-04-09 18:16:22,70,Preparing,234.01
7260,433,80,249,2026-05-14 12:10:14,64,Delivered,1418.41
7261,622,125,41,2025-08-01 14:06:29,52,Delivered,1371.96
7262,181,144,129,2026-06-15 03:28:04,57,Cancelled,1386.11
7263,313,40,117,2024-12-16 02:27:35,28,Delivered,576.73
7264,603,125,148,2025-05-16 23:27:39,67,Delivered,396.18
7265,885,96,30,2025-11-20 07:41:19,66,Cancelled,1667.51
7266,492,50,208,2024-08-15 14:53:40,41,Delivered,1509.62
7267,330,71,115,2025-01-06 19:28:41,61,Preparing,989.4
7268,856,119,215,2026-01-03 21:18:30,50,Delivered,1701.03
7269,991,63,245,2024-12-17 22:01:31,57,Delivered,260.43
7270,62,83,49,2025-06-20 19:18:49,52,Delivered,385.74
7271,664,15,204,2025-12-09 08:56:14,42,Delivered,967.68
7272,124,143,83,2025-11-26 21:52:35,27,Delivered,153.34
7273,651,28,122,2025-04-29 08:12:07,33,Preparing,1306.06
7274,264,16,247,2025-03-31 08:34:55,25,Delivered,1724.25
7275,61,12,76,2024-10-10 08:46:25,22,Delivered,314.34
7276,699,102,217,2025-01-19 13:17:34,46,Delivered,393.64
7277,796,1,113,2026-07-15 22:32:51,22,Preparing,1604.22
7278,590,120,27,2024-11-07 11:09:16,43,Delivered,1373.13
7279,334,3,106,2025-07-29 09:00:55,70,Delivered,637.79
7280,714,118,41,2025-06-11 17:22:42,51,Delivered,1662.68
7281,705,76,54,2024-09-28 08:22:52,47,Delivered,316.14
7282,931,105,119,2025-12-17 03:13:05,40,Delivered,1576.61
7283,869,113,9,2025-07-25 17:17:16,24,Delivered,664.82
7284,974,19,102,2025-11-09 04:15:23,55,Preparing,533.02
7285,69,82,131,2026-04-25 16:30:42,34,Preparing,599.97
7286,495,33,86,2025-03-19 03:56:38,41,Delivered,616.55
7287,827,120,229,2026-02-08 11:01:45,47,Delivered,1228.06
7288,699,53,112,2025-10-04 20:19:34,54,Delivered,1294.61
7289,111,82,182,2024-08-16 18:54:10,65,Delivered,204.14
7290,833,48,101,2026-01-06 00:05:34,19,Delivered,198.69
7291,639,121,58,2024-11-10 02:17:03,20,Cancelled,405.3
7292,790,15,209,2025-02-24 01:11:08,67,Delivered,783.4
7293,446,104,249,2025-04-22 23:47:36,35,Delivered,157.02
7294,240,46,72,2026-05-02 12:55:46,25,Delivered,1225.68
7295,709,106,145,2026-01-17 14:07:13,32,Delivered,519.04
7296,171,129,191,2025-05-03 23:27:16,42,Preparing,919.5
7297,682,4,94,2025-10-25 22:31:39,50,Cancelled,545.6
7298,991,133,9,2025-09-21 12:47:10,36,Delivered,458.21
7299,229,97,199,2025-04-27 12:05:03,66,Delivered,1070.57
7300,958,144,99,2024-10-24 00:21:54,33,Delivered,1523.06
7301,137,105,29,2025-05-21 23:27:40,35,Delivered,876.77
7302,753,90,171,2024-08-26 20:17:19,38,Preparing,163.86
7303,988,41,160,2024-11-08 03:14:48,38,Delivered,807.49
7304,505,69,75,2024-10-19 05:11:52,20,Delivered,465.07
7305,951,150,215,2024-10-19 15:06:49,69,Preparing,1051.17
7306,445,45,239,2025-10-18 15:47:23,35,Delivered,1134.56
7307,896,103,64,2025-12-29 11:02:26,35,Delivered,207.74
7308,664,48,86,2024-10-22 20:16:45,57,Delivered,754.24
7309,495,115,178,2025-04-03 08:35:27,38,Delivered,1115.3
7310,487,134,65,2026-07-21 12:36:30,52,Delivered,260.41
7311,177,117,206,2025-09-19 04:22:50,27,Delivered,1582.7
7312,827,86,136,2025-10-23 16:23:39,56,Delivered,259.13
7313,505,109,177,2026-07-15 08:20:40,25,Delivered,1697.56
7314,427,23,102,2026-05-13 17:58:09,32,Delivered,276.96
7315,153,111,198,2024-10-07 16:22:32,36,Delivered,1490.47
7316,131,67,232,2024-12-08 16:09:19,64,Delivered,1373.41
7317,523,25,1,2026-04-15 15:42:10,21,Delivered,1290.13
7318,172,150,185,2025-06-27 22:49:44,43,Delivered,1071.31
7319,280,12,199,2025-09-21 21:02:19,68,Delivered,1601.54
7320,675,65,64,2026-06-13 05:36:55,43,Delivered,1714.86
7321,568,31,208,2025-06-08 07:52:50,23,Cancelled,1000.29
7322,500,64,3,2026-03-09 09:22:53,61,Delivered,1555.27
7323,332,132,139,2026-01-26 04:36:31,66,Delivered,1589.83
7324,338,131,11,2025-03-07 20:17:56,49,Delivered,176.53
7325,222,73,183,2026-02-18 00:26:36,68,Delivered,1790.05
7326,567,29,178,2025-11-12 06:18:27,61,Cancelled,709.52
7327,972,57,88,2026-04-13 06:06:41,56,Delivered,1508.94
7328,443,10,163,2025-09-18 06:41:32,26,Preparing,1433.52
7329,71,25,106,2026-06-16 09:11:10,59,Delivered,650.71
7330,23,36,246,2025-06-15 08:02:03,55,Delivered,1655.77
7331,902,75,232,2025-02-12 08:38:58,42,Preparing,1518.61
7332,795,67,37,2025-08-05 02:09:53,47,Delivered,1314.33
7333,742,89,145,2025-10-03 22:09:57,48,Cancelled,804.29
7334,163,14,118,2025-06-26 11:16:36,67,Delivered,1176.13
7335,844,144,201,2026-04-04 13:53:12,68,Delivered,1637.4
7336,742,83,154,2026-06-11 15:41:53,19,Delivered,791.51
7337,883,149,39,2026-07-04 13:28:57,15,Delivered,280.41
7338,864,67,191,2025-09-01 01:29:51,42,Delivered,1748.22
7339,363,127,184,2026-01-03 22:27:22,70,Delivered,842.29
7340,363,126,218,2025-06-21 07:08:47,70,Preparing,1192.34
7341,217,6,74,2024-11-04 15:08:44,51,Delivered,1551.45
7342,311,61,238,2025-01-11 04:47:52,47,Delivered,1393.77
7343,298,26,102,2025-07-24 03:49:26,32,Delivered,1021.8
7344,148,145,225,2025-05-19 17:28:49,35,Delivered,1614.68
7345,788,33,217,2024-09-12 17:24:12,29,Delivered,1793.69
7346,278,142,235,2026-07-04 05:09:46,46,Delivered,305.14
7347,191,106,26,2024-08-05 13:49:06,28,Delivered,1088.04
7348,835,93,126,2025-08-21 13:55:41,31,Delivered,804.82
7349,517,4,177,2025-09-10 05:54:31,35,Cancelled,480.13
7350,252,80,227,2025-02-23 04:25:01,17,Delivered,758.84
7351,649,72,216,2025-03-28 08:54:40,24,Delivered,931.81
7352,544,91,145,2025-07-18 09:27:33,49,Preparing,356.22
7353,177,4,111,2025-02-15 02:14:30,54,Delivered,778.47
7354,201,46,95,2024-08-16 10:07:33,57,Preparing,834.4
7355,146,118,112,2025-08-30 02:27:36,59,Delivered,545.99
7356,552,61,22,2026-03-02 23:39:12,66,Delivered,711.75
7357,928,66,32,2025-01-24 06:28:57,49,Delivered,1370.22
7358,721,89,248,2025-07-04 12:26:26,36,Delivered,925.99
7359,575,9,42,2026-04-27 15:32:50,65,Preparing,1552.83
7360,138,132,5,2025-12-21 15:24:12,20,Cancelled,970.27
7361,695,7,108,2025-10-05 01:53:51,23,Delivered,748.71
7362,937,5,35,2024-10-05 20:36:17,62,Delivered,1401.36
7363,294,69,117,2025-10-10 13:35:47,29,Delivered,1250.46
7364,285,25,226,2024-10-22 03:24:55,68,Delivered,1299.25
7365,637,19,8,2025-10-16 06:16:26,62,Delivered,1717.14
7366,754,32,212,2024-08-23 07:54:39,48,Delivered,1243.92
7367,438,120,220,2025-08-14 04:45:25,51,Delivered,1615.92
7368,433,125,246,2025-03-12 12:53:43,62,Delivered,945.42
7369,650,35,193,2025-11-22 09:46:51,18,Delivered,311.03
7370,678,16,76,2026-05-17 11:01:16,15,Delivered,990.34
7371,253,120,217,2025-10-12 15:54:11,50,Delivered,179.44
7372,87,140,115,2024-11-07 12:38:12,45,Delivered,1446.65
7373,772,89,165,2024-10-03 16:05:50,29,Delivered,1689.77
7374,955,73,37,2025-07-03 15:12:44,23,Delivered,1125.93
7375,964,34,35,2025-03-19 16:23:19,31,Delivered,1610.37
7376,505,123,116,2024-08-31 22:30:53,64,Delivered,902.71
7377,371,115,173,2024-09-06 04:09:14,36,Delivered,1791.95
7378,675,134,135,2025-06-07 14:22:02,37,Delivered,314.68
7379,948,73,135,2025-10-15 18:58:07,34,Delivered,207.49
7380,729,97,49,2026-02-21 11:46:27,48,Delivered,1514.72
7381,729,137,126,2026-02-13 01:00:16,49,Delivered,1590.75
7382,181,5,195,2026-03-14 13:13:13,62,Delivered,620.85
7383,340,144,64,2025-09-13 00:24:50,38,Delivered,1456.13
7384,319,115,193,2026-07-23 23:18:44,45,Delivered,782.48
7385,719,63,175,2026-04-29 23:45:31,52,Delivered,711.55
7386,134,14,39,2026-03-18 00:03:21,35,Delivered,284.0
7387,430,122,152,2026-06-23 05:55:57,33,Delivered,1778.81
7388,661,116,135,2025-01-01 15:37:22,57,Delivered,1007.7
7389,780,146,133,2025-05-30 08:17:16,65,Delivered,1334.01
7390,765,21,224,2025-11-13 06:09:09,29,Cancelled,687.19
7391,736,75,200,2026-02-16 08:27:56,55,Delivered,1445.55
7392,139,17,30,2025-11-26 18:28:15,60,Delivered,1384.73
7393,178,59,244,2024-11-05 08:57:49,55,Delivered,1190.1
7394,90,72,118,2026-05-07 13:03:48,28,Delivered,1092.06
7395,141,103,173,2024-12-29 08:57:55,27,Delivered,1440.2
7396,389,91,75,2026-03-31 02:52:23,64,Preparing,1707.03
7397,899,127,174,2025-04-08 07:15:57,44,Delivered,1318.2
7398,568,40,208,2025-01-24 01:38:06,70,Delivered,183.54
7399,564,32,6,2025-03-02 11:03:11,65,Delivered,1374.89
7400,183,130,210,2025-09-21 18:03:11,41,Delivered,1133.65
7401,405,47,82,2025-02-23 00:20:20,20,Delivered,683.55
7402,349,28,65,2025-08-29 02:02:01,70,Delivered,1395.35
7403,44,145,180,2025-07-03 12:39:33,40,Delivered,1193.57
7404,804,4,170,2025-02-24 02:30:08,47,Delivered,1326.73
7405,647,91,132,2025-07-12 20:22:33,59,Delivered,452.6
7406,161,45,124,2024-08-28 09:53:39,69,Delivered,1207.83
7407,898,101,109,2025-08-24 15:55:49,37,Delivered,362.04
7408,305,133,51,2024-11-28 13:38:47,69,Delivered,1790.28
7409,118,117,32,2024-10-28 03:34:01,52,Delivered,1375.85
7410,66,47,168,2025-01-19 01:12:57,28,Cancelled,572.43
7411,778,61,84,2025-10-17 23:13:57,29,Preparing,914.44
7412,692,115,175,2025-09-12 00:08:04,45,Delivered,500.92
7413,925,34,100,2025-06-12 16:33:07,66,Delivered,702.43
7414,875,124,83,2025-04-02 11:56:10,18,Delivered,264.84
7415,307,113,154,2025-02-27 03:14:29,20,Delivered,926.02
7416,489,20,162,2025-06-29 08:52:32,58,Delivered,1581.29
7417,31,106,22,2024-12-21 16:37:27,57,Preparing,1133.94
7418,493,68,101,2024-11-21 01:05:02,40,Cancelled,1765.92
7419,619,128,214,2026-02-03 23:12:14,57,Delivered,400.08
7420,865,24,118,2026-05-24 16:36:46,22,Delivered,430.96
7421,787,59,95,2024-08-05 14:52:33,39,Delivered,1233.12
7422,251,13,56,2024-12-06 16:29:23,24,Delivered,475.42
7423,953,147,96,2024-09-18 06:19:41,60,Delivered,747.97
7424,545,115,187,2024-12-05 09:18:21,62,Cancelled,957.87
7425,328,3,122,2024-12-30 20:46:56,50,Delivered,1381.09
7426,678,128,46,2026-02-26 13:00:14,48,Delivered,1226.56
7427,305,119,216,2026-02-13 15:02:41,39,Delivered,1347.94
7428,768,19,47,2025-08-14 22:52:54,58,Delivered,579.51
7429,715,53,169,2026-01-13 03:26:38,40,Delivered,540.28
7430,790,147,102,2026-07-28 06:02:04,26,Cancelled,1662.27
7431,342,101,179,2026-02-25 19:32:34,34,Delivered,1107.16
7432,781,10,150,2024-11-21 07:36:43,35,Delivered,1148.51
7433,345,101,228,2026-06-01 21:02:10,40,Delivered,177.24
7434,668,101,52,2024-08-09 08:39:41,39,Delivered,1677.21
7435,812,14,92,2025-05-04 02:59:01,58,Delivered,577.31
7436,457,131,119,2026-06-30 04:22:21,70,Delivered,1734.17
7437,730,15,224,2025-04-10 11:47:58,34,Delivered,977.36
7438,93,53,190,2024-07-30 05:18:13,56,Delivered,1574.86
7439,772,51,224,2026-06-11 12:44:06,59,Delivered,1385.23
7440,687,64,155,2025-01-06 17:29:14,41,Delivered,414.15
7441,945,42,196,2026-03-12 10:21:07,66,Delivered,1108.23
7442,558,101,113,2025-01-14 05:41:14,44,Delivered,250.96
7443,370,77,133,2024-07-30 14:24:19,52,Delivered,1420.99
7444,486,23,47,2024-09-14 09:53:38,59,Delivered,1148.51
7445,624,25,84,2024-08-14 01:55:59,33,Delivered,452.08
7446,842,123,3,2024-08-12 04:18:31,18,Delivered,1096.9
7447,223,27,55,2025-09-28 03:07:22,23,Delivered,1093.68
7448,483,68,108,2025-09-05 04:20:04,16,Delivered,562.03
7449,777,140,217,2025-05-17 19:30:51,49,Delivered,743.52
7450,494,22,178,2025-02-07 05:00:42,23,Delivered,1784.86
7451,539,69,45,2026-04-06 05:19:37,59,Delivered,767.78
7452,740,91,204,2025-03-12 15:02:13,41,Delivered,930.32
7453,683,94,87,2026-02-26 18:31:46,50,Delivered,405.98
7454,710,95,93,2026-02-03 21:21:54,23,Delivered,683.22
7455,503,7,223,2025-06-07 07:41:50,42,Delivered,1443.33
7456,155,38,141,2025-07-16 06:12:19,64,Cancelled,442.6
7457,951,58,205,2025-01-30 21:53:33,30,Delivered,387.14
7458,875,113,135,2025-11-02 05:42:40,54,Delivered,768.03
7459,916,50,90,2024-10-23 11:00:06,66,Preparing,1220.72
7460,308,125,242,2025-11-16 13:30:31,25,Delivered,1245.91
7461,871,128,69,2024-08-01 19:33:00,41,Delivered,743.89
7462,35,117,176,2024-07-31 16:08:12,24,Cancelled,554.89
7463,777,3,237,2025-09-02 23:24:30,22,Preparing,1716.16
7464,744,13,135,2025-09-06 19:23:25,49,Delivered,1040.74
7465,324,104,190,2025-10-16 03:28:54,34,Delivered,1704.24
7466,769,7,192,2026-03-17 16:16:57,58,Delivered,333.34
7467,13,82,136,2026-03-25 11:11:56,15,Delivered,1077.32
7468,658,143,228,2025-10-13 08:12:08,58,Delivered,952.7
7469,504,67,65,2024-10-06 22:53:57,46,Delivered,1120.65
7470,458,137,208,2024-10-31 07:03:33,64,Delivered,1725.39
7471,386,50,213,2025-02-09 21:25:54,39,Delivered,637.87
7472,782,85,63,2024-10-29 13:54:55,29,Delivered,1498.44
7473,454,71,191,2025-06-09 13:31:38,51,Delivered,527.64
7474,976,123,148,2026-04-10 03:18:45,70,Delivered,1458.8
7475,954,111,236,2024-07-31 02:55:41,25,Delivered,1166.62
7476,77,89,1,2024-08-16 00:56:12,26,Delivered,628.78
7477,563,128,63,2025-10-22 06:53:36,33,Preparing,232.96
7478,987,43,30,2026-05-24 20:10:24,53,Delivered,677.16
7479,649,1,65,2026-05-20 14:01:59,45,Delivered,837.57
7480,640,123,222,2024-10-08 18:58:01,56,Delivered,420.35
7481,78,70,91,2025-05-23 16:48:38,52,Delivered,539.8
7482,994,105,97,2025-10-13 00:32:45,16,Delivered,1389.27
7483,959,82,149,2026-03-05 21:52:40,22,Delivered,303.67
7484,770,77,125,2026-02-24 21:53:53,61,Delivered,869.13
7485,210,113,166,2025-11-28 16:06:42,48,Delivered,1014.55
7486,826,77,130,2024-11-24 08:00:35,62,Delivered,1271.95
7487,925,93,116,2026-04-27 06:53:25,22,Delivered,1469.65
7488,627,138,65,2025-01-27 16:03:04,31,Delivered,1457.87
7489,616,100,17,2024-11-13 22:08:01,42,Delivered,1081.4
7490,186,87,123,2026-01-12 12:22:38,31,Delivered,947.56
7491,243,113,164,2025-08-17 03:09:17,25,Delivered,516.73
7492,281,132,117,2025-01-01 14:31:57,43,Delivered,1639.07
7493,75,21,238,2026-07-24 09:10:14,50,Delivered,1523.8
7494,481,86,96,2025-07-18 19:53:42,46,Delivered,1253.54
7495,869,57,33,2026-02-25 12:28:35,61,Delivered,1131.17
7496,655,8,236,2026-05-06 00:57:49,18,Delivered,170.29
7497,294,90,190,2025-10-24 02:16:32,22,Delivered,776.64
7498,564,94,73,2026-01-02 23:53:34,17,Delivered,1086.0
7499,586,58,71,2025-09-15 05:28:03,34,Preparing,629.24
7500,129,121,27,2026-03-21 17:31:26,23,Delivered,536.58
7501,961,15,199,2025-10-20 08:44:55,63,Delivered,540.63
7502,381,50,225,2026-02-13 13:14:03,60,Delivered,1709.07
7503,322,150,172,2025-07-21 05:23:59,49,Delivered,803.32
7504,831,41,129,2026-02-23 20:21:42,26,Delivered,348.06
7505,414,1,135,2026-02-05 11:27:38,46,Delivered,1410.45
7506,334,121,130,2025-11-20 21:42:15,56,Cancelled,391.4
7507,719,122,49,2024-09-01 19:20:35,44,Cancelled,851.12
7508,49,121,117,2025-05-26 14:11:03,29,Delivered,1491.38
7509,743,64,223,2024-08-04 23:33:12,42,Delivered,829.66
7510,583,128,169,2025-09-22 20:58:55,51,Preparing,980.35
7511,334,86,250,2026-04-07 16:19:18,15,Delivered,1394.23
7512,703,75,72,2026-02-18 10:40:00,38,Delivered,882.09
7513,144,103,41,2025-04-16 16:38:57,54,Cancelled,1353.4
7514,995,7,176,2025-03-19 05:41:21,20,Delivered,878.38
7515,237,47,177,2025-09-24 01:52:10,24,Delivered,393.73
7516,530,41,89,2026-05-14 13:34:18,33,Delivered,175.9
7517,637,78,172,2024-09-30 21:51:16,20,Delivered,851.84
7518,124,18,118,2026-05-23 19:51:45,43,Delivered,1113.69
7519,861,114,43,2026-06-02 04:08:08,32,Delivered,670.96
7520,93,142,118,2026-07-05 16:19:38,57,Delivered,984.93
7521,513,78,2,2025-09-27 09:46:32,46,Delivered,670.45
7522,206,141,207,2025-06-24 08:53:56,15,Delivered,1373.73
7523,347,123,37,2025-08-05 21:54:49,42,Delivered,1586.21
7524,969,95,9,2025-02-14 11:14:29,64,Delivered,1302.05
7525,25,90,22,2025-05-26 19:50:17,66,Delivered,224.98
7526,621,107,115,2025-02-04 07:36:38,26,Delivered,362.01
7527,110,82,100,2024-08-29 14:55:59,50,Delivered,892.34
7528,29,47,124,2024-09-06 09:56:17,70,Preparing,1695.84
7529,230,116,146,2024-08-15 23:21:08,67,Delivered,406.73
7530,296,147,44,2026-07-14 16:54:34,34,Delivered,930.67
7531,491,62,1,2025-11-04 13:17:27,70,Cancelled,1286.01
7532,580,10,213,2026-04-23 19:40:09,48,Delivered,505.99
7533,418,144,67,2026-05-13 09:50:20,58,Preparing,486.91
7534,882,109,200,2025-10-29 22:21:01,63,Delivered,353.98
7535,454,42,51,2025-09-02 02:45:14,49,Delivered,704.35
7536,424,12,240,2025-03-01 11:19:57,40,Delivered,762.8
7537,957,90,145,2026-01-11 13:44:44,37,Delivered,551.8
7538,936,84,75,2025-01-15 06:11:00,21,Delivered,675.44
7539,763,114,124,2025-02-07 11:59:25,57,Delivered,1762.41
7540,301,11,46,2025-07-01 14:20:59,36,Delivered,1475.07
7541,546,129,141,2024-10-29 07:00:48,19,Delivered,1041.96
7542,328,84,136,2026-06-20 14:16:06,43,Delivered,715.31
7543,516,75,194,2024-10-12 05:39:22,38,Delivered,1188.32
7544,48,135,6,2026-02-10 15:27:23,24,Delivered,338.33
7545,813,74,22,2026-05-08 15:39:47,38,Delivered,920.41
7546,973,78,149,2025-02-03 19:57:13,30,Delivered,775.31
7547,536,31,110,2025-07-10 05:24:09,64,Delivered,339.06
7548,352,94,162,2024-10-01 03:06:03,39,Preparing,297.4
7549,664,73,5,2026-07-21 01:57:02,60,Delivered,1244.88
7550,365,12,11,2024-10-11 17:21:25,17,Cancelled,664.62
7551,566,78,9,2025-09-08 14:14:55,56,Delivered,377.34
7552,642,123,6,2026-06-14 10:17:26,40,Cancelled,1091.62
7553,699,10,238,2024-10-03 05:04:44,56,Delivered,1151.52
7554,316,62,86,2025-04-02 07:49:42,42,Delivered,1369.52
7555,873,130,243,2024-10-08 21:14:04,17,Preparing,521.69
7556,672,101,55,2025-12-25 08:56:57,50,Delivered,633.25
7557,144,43,78,2025-11-10 07:18:29,38,Delivered,991.48
7558,762,25,125,2025-10-03 08:59:36,17,Delivered,514.54
7559,358,17,201,2025-12-12 15:23:54,63,Delivered,1587.44
7560,684,48,67,2025-05-11 23:16:08,32,Delivered,1588.75
7561,628,105,103,2026-01-19 08:16:12,59,Delivered,1152.32
7562,789,11,187,2025-02-15 08:12:25,17,Delivered,499.34
7563,929,141,5,2025-04-11 04:03:58,32,Delivered,1590.42
7564,742,141,223,2025-08-22 09:28:32,63,Delivered,1365.46
7565,508,43,216,2024-11-15 23:40:50,35,Delivered,166.91
7566,590,97,29,2026-03-10 18:35:29,62,Delivered,1081.64
7567,515,115,54,2025-10-17 09:11:34,19,Delivered,172.95
7568,605,129,248,2026-04-15 05:07:37,22,Cancelled,1749.89
7569,983,137,234,2025-03-26 02:33:35,50,Delivered,1623.97
7570,236,140,76,2024-11-22 15:14:35,39,Delivered,1270.95
7571,563,25,94,2024-08-12 04:15:37,18,Delivered,566.43
7572,268,105,99,2024-12-22 22:50:24,24,Delivered,532.2
7573,159,90,57,2025-12-04 23:58:16,41,Delivered,878.27
7574,608,129,116,2025-02-15 20:04:08,40,Delivered,1580.44
7575,806,150,91,2026-04-15 06:19:12,46,Delivered,1204.14
7576,965,80,126,2026-05-18 14:51:53,32,Delivered,1066.37
7577,647,145,166,2025-12-27 09:00:17,47,Delivered,894.73
7578,478,60,167,2024-08-07 09:56:11,29,Delivered,705.81
7579,508,25,239,2024-09-20 04:50:53,42,Delivered,608.28
7580,392,22,68,2025-05-07 00:41:16,68,Preparing,566.58
7581,90,107,86,2025-01-03 02:10:14,17,Delivered,583.11
7582,108,95,48,2025-04-06 16:14:30,42,Delivered,1748.1
7583,699,129,190,2026-03-13 10:09:01,55,Delivered,1639.83
7584,425,74,187,2025-01-30 20:02:37,38,Delivered,1238.77
7585,860,147,205,2025-03-01 18:51:54,22,Delivered,1687.84
7586,838,119,143,2025-06-14 18:02:09,17,Delivered,984.87
7587,849,110,35,2025-06-13 09:16:50,16,Delivered,1487.46
7588,828,50,114,2024-08-21 08:13:56,30,Delivered,1686.0
7589,754,43,80,2025-07-10 20:28:26,26,Delivered,1255.69
7590,3,125,73,2025-04-04 21:32:51,57,Delivered,663.14
7591,268,70,1,2025-05-16 09:11:07,65,Delivered,1294.76
7592,195,91,49,2025-10-18 11:43:12,33,Delivered,732.82
7593,395,23,143,2025-11-12 16:43:58,27,Delivered,1708.68
7594,738,40,213,2025-11-04 22:42:31,20,Delivered,572.12
7595,126,93,89,2025-02-08 13:00:04,19,Delivered,1099.81
7596,361,70,239,2025-03-06 04:10:43,23,Cancelled,1186.91
7597,792,37,222,2025-10-24 02:52:46,45,Delivered,756.86
7598,925,139,129,2026-06-20 18:58:07,55,Delivered,1642.82
7599,663,135,237,2026-01-26 22:02:14,26,Delivered,873.69
7600,483,19,39,2025-02-26 08:55:13,40,Delivered,656.31
7601,709,48,169,2026-05-30 13:18:12,54,Delivered,1023.67
7602,108,64,39,2025-06-08 04:29:54,41,Delivered,894.65
7603,250,40,225,2025-06-29 13:31:01,41,Delivered,887.81
7604,739,110,113,2025-07-07 01:51:33,33,Delivered,1163.77
7605,934,130,204,2024-11-21 05:28:35,47,Cancelled,1108.05
7606,865,75,196,2026-02-05 06:51:34,39,Delivered,886.48
7607,724,118,193,2024-09-08 17:58:48,33,Delivered,399.23
7608,589,75,69,2024-10-11 05:35:56,53,Delivered,1449.15
7609,207,107,126,2024-09-12 13:10:02,37,Delivered,966.59
7610,888,104,105,2025-09-29 16:16:10,47,Delivered,1494.72
7611,988,2,233,2024-11-13 05:04:00,58,Delivered,817.16
7612,433,113,166,2025-02-21 10:42:10,47,Delivered,458.1
7613,196,20,102,2026-06-13 12:55:46,22,Preparing,1323.55
7614,212,28,124,2025-12-11 05:51:21,43,Delivered,713.55
7615,310,11,235,2026-02-09 02:16:16,28,Delivered,1031.12
7616,194,52,27,2024-08-10 12:23:02,56,Delivered,1755.12
7617,964,25,132,2026-04-19 07:07:59,16,Delivered,814.64
7618,554,3,41,2024-11-14 05:52:40,30,Delivered,1037.28
7619,890,31,224,2026-01-28 16:39:27,53,Delivered,1022.03
7620,710,94,245,2026-03-19 03:11:57,27,Delivered,733.46
7621,794,62,145,2025-09-20 18:36:36,45,Delivered,305.51
7622,497,63,67,2026-07-06 01:48:47,66,Delivered,673.91
7623,823,22,6,2024-10-08 05:06:51,58,Delivered,853.41
7624,513,108,217,2026-01-15 00:09:59,26,Delivered,777.09
7625,62,75,102,2025-08-26 20:36:35,17,Preparing,827.16
7626,669,45,208,2024-11-24 06:52:50,24,Delivered,1720.65
7627,566,34,38,2026-07-14 03:41:45,36,Delivered,1440.0
7628,714,38,223,2024-11-13 01:47:49,42,Preparing,313.84
7629,812,63,87,2025-12-17 23:12:45,17,Preparing,356.86
7630,62,136,75,2025-01-17 21:04:54,17,Delivered,1579.64
7631,865,149,128,2025-08-31 18:51:27,56,Delivered,374.31
7632,630,135,17,2025-07-11 01:19:58,17,Delivered,1159.45
7633,658,91,48,2025-11-04 08:24:43,70,Preparing,1026.11
7634,429,96,13,2026-07-15 13:06:02,49,Delivered,1061.37
7635,782,101,143,2026-03-16 20:31:20,66,Delivered,420.53
7636,298,11,114,2025-03-10 12:36:54,29,Delivered,473.34
7637,539,117,22,2024-07-29 22:33:53,32,Delivered,1104.63
7638,200,3,155,2024-11-22 00:31:38,24,Delivered,235.88
7639,866,101,46,2026-06-20 21:03:33,40,Delivered,945.92
7640,648,46,167,2025-05-28 19:49:26,33,Delivered,997.55
7641,335,115,160,2024-11-15 09:04:50,48,Delivered,1541.14
7642,631,44,17,2024-08-24 05:22:48,29,Delivered,526.88
7643,121,85,241,2025-09-14 09:49:04,26,Delivered,1444.71
7644,213,45,35,2025-04-24 07:33:44,51,Delivered,1270.35
7645,988,84,66,2025-08-22 01:03:40,17,Delivered,1127.89
7646,874,64,141,2026-06-18 04:55:36,58,Preparing,1623.31
7647,502,95,75,2024-09-21 10:56:20,30,Delivered,984.67
7648,412,80,93,2025-08-19 00:03:11,53,Delivered,1051.03
7649,59,122,209,2025-02-17 15:03:02,55,Delivered,1097.08
7650,755,70,193,2026-01-15 02:11:44,42,Delivered,828.3
7651,614,134,62,2025-04-07 07:31:21,45,Delivered,743.14
7652,654,94,166,2026-07-01 20:51:50,16,Delivered,1664.89
7653,558,63,139,2024-11-11 15:41:27,46,Delivered,172.46
7654,760,128,192,2025-07-27 05:38:38,44,Preparing,1168.17
7655,56,49,30,2025-01-21 16:35:52,43,Delivered,306.73
7656,900,20,204,2026-04-03 10:00:59,29,Delivered,1785.77
7657,724,129,1,2026-07-08 00:17:01,33,Delivered,540.19
7658,826,96,173,2025-05-03 12:39:21,41,Delivered,586.66
7659,119,13,22,2025-12-05 23:18:03,34,Delivered,299.55
7660,633,52,236,2024-12-25 16:50:45,28,Delivered,161.77
7661,959,112,43,2025-06-13 18:02:32,26,Delivered,782.31
7662,704,146,54,2025-03-28 01:40:07,19,Preparing,1376.35
7663,134,99,103,2024-11-30 03:50:39,68,Preparing,531.32
7664,389,25,75,2026-07-21 20:16:30,18,Preparing,1723.17
7665,195,27,2,2025-01-17 16:55:27,19,Delivered,1290.31
7666,124,150,76,2025-04-22 14:22:06,35,Delivered,1368.48
7667,48,86,196,2025-07-17 00:47:11,22,Delivered,1200.79
7668,371,8,142,2024-08-11 13:49:37,19,Delivered,1321.09
7669,6,86,106,2024-08-04 14:30:36,64,Delivered,1484.18
7670,653,92,41,2025-03-14 22:22:22,66,Delivered,522.62
7671,613,95,23,2024-10-04 18:51:51,45,Delivered,543.74
7672,187,68,29,2024-11-29 22:16:09,30,Delivered,196.42
7673,722,48,207,2025-11-22 10:35:45,48,Delivered,771.01
7674,101,14,102,2024-10-10 14:53:07,41,Delivered,848.66
7675,173,76,149,2026-03-20 08:59:51,25,Preparing,754.45
7676,457,113,114,2025-10-07 00:56:17,33,Delivered,646.67
7677,45,95,121,2024-11-14 09:47:38,20,Delivered,466.21
7678,132,127,222,2025-09-30 13:13:22,58,Delivered,1169.93
7679,856,127,178,2026-01-24 17:12:19,65,Delivered,724.0
7680,404,32,81,2025-04-12 22:44:42,48,Delivered,1655.93
7681,640,135,153,2024-10-20 07:33:35,66,Delivered,811.72
7682,747,142,221,2025-09-28 10:44:03,30,Delivered,1751.83
7683,325,30,24,2024-10-27 07:33:53,19,Delivered,1343.48
7684,119,41,75,2026-01-13 09:01:31,59,Delivered,664.39
7685,374,79,248,2025-06-19 06:09:17,41,Delivered,272.7
7686,689,53,114,2026-07-27 20:06:42,19,Preparing,925.44
7687,862,68,24,2024-09-21 00:02:35,51,Cancelled,150.9
7688,420,103,153,2025-11-29 02:39:58,35,Delivered,1707.49
7689,671,14,139,2024-12-13 07:15:19,37,Delivered,1493.74
7690,197,66,2,2026-03-31 19:15:14,22,Delivered,1461.83
7691,956,127,104,2025-12-01 14:24:34,20,Delivered,788.47
7692,212,10,30,2025-04-09 08:01:59,21,Delivered,895.69
7693,546,57,220,2025-04-23 18:31:51,20,Delivered,1011.87
7694,849,23,117,2025-10-10 11:50:19,25,Delivered,553.24
7695,326,121,151,2024-08-11 23:11:11,39,Delivered,1533.66
7696,266,4,8,2025-03-08 21:04:18,19,Delivered,1248.41
7697,873,82,75,2025-12-28 00:26:18,69,Delivered,808.04
7698,59,113,142,2026-06-01 22:06:38,67,Preparing,1555.47
7699,77,32,108,2026-06-22 02:21:04,70,Delivered,597.54
7700,706,45,78,2025-06-02 21:00:21,57,Delivered,1539.93
7701,857,32,65,2024-10-25 22:30:42,45,Delivered,631.21
7702,406,112,37,2026-06-15 04:43:41,32,Preparing,1021.48
7703,130,59,244,2024-08-22 16:35:25,68,Delivered,851.96
7704,904,76,33,2024-09-14 07:31:18,62,Delivered,280.74
7705,943,131,67,2025-07-24 23:11:52,40,Delivered,1005.56
7706,973,90,26,2025-11-08 08:26:37,55,Delivered,1162.08
7707,244,72,236,2024-12-10 08:29:10,59,Delivered,675.69
7708,67,127,74,2025-01-15 05:09:42,42,Delivered,460.74
7709,948,60,26,2024-09-10 01:54:37,42,Delivered,596.06
7710,812,81,3,2025-02-19 12:12:15,42,Delivered,683.9
7711,842,74,27,2025-06-25 07:30:48,21,Delivered,501.77
7712,951,27,239,2025-06-11 06:37:35,29,Delivered,629.49
7713,436,62,162,2024-08-16 08:11:16,21,Delivered,169.6
7714,509,140,154,2024-09-08 20:05:51,69,Delivered,1204.31
7715,549,110,148,2024-10-03 06:45:30,68,Delivered,680.03
7716,766,97,14,2024-11-05 07:38:43,22,Delivered,1413.84
7717,233,4,71,2025-10-08 05:43:07,21,Delivered,682.47
7718,880,72,164,2025-02-02 06:22:50,33,Delivered,1532.39
7719,247,61,69,2025-09-07 19:14:19,59,Delivered,1776.45
7720,850,121,64,2024-11-17 09:17:03,42,Delivered,938.4
7721,97,110,129,2025-07-20 00:30:28,64,Delivered,1529.57
7722,372,62,20,2024-10-04 09:05:46,57,Delivered,1308.94
7723,817,82,13,2024-08-21 01:46:16,31,Preparing,1462.02
7724,220,122,5,2024-10-06 18:14:05,20,Preparing,340.7
7725,336,102,143,2026-02-10 22:47:48,51,Delivered,593.3
7726,19,92,44,2026-06-11 18:52:36,51,Delivered,1345.03
7727,673,91,9,2026-02-28 05:13:07,53,Delivered,1670.81
7728,157,129,18,2026-07-03 20:13:44,48,Delivered,1354.37
7729,400,102,130,2024-12-12 14:19:20,18,Delivered,489.06
7730,900,45,74,2024-12-31 19:11:19,19,Delivered,1198.49
7731,93,89,221,2026-07-01 06:47:24,32,Delivered,1288.5
7732,742,98,46,2024-11-04 19:48:59,62,Delivered,1216.03
7733,914,7,131,2025-10-13 02:03:14,49,Preparing,1379.46
7734,56,101,129,2026-02-19 23:04:13,66,Delivered,1407.53
7735,154,31,118,2026-07-17 17:04:06,52,Delivered,380.25
7736,568,39,200,2025-11-28 04:23:17,67,Cancelled,495.95
7737,979,21,48,2025-06-25 21:24:15,36,Delivered,972.31
7738,355,1,212,2024-09-20 09:08:21,59,Delivered,503.41
7739,872,89,242,2025-04-27 13:47:51,63,Cancelled,353.42
7740,180,118,180,2024-10-06 15:15:23,22,Preparing,580.99
7741,195,72,203,2024-11-03 05:26:14,26,Delivered,1318.85
7742,194,37,52,2024-08-20 20:55:51,35,Delivered,533.66
7743,502,66,47,2025-12-19 17:04:31,65,Delivered,1628.22
7744,740,39,4,2026-07-01 13:41:08,53,Delivered,207.23
7745,609,62,230,2025-02-19 12:00:49,45,Delivered,759.87
7746,521,117,17,2025-09-15 13:16:46,54,Delivered,624.36
7747,351,13,221,2026-02-04 16:14:47,57,Delivered,1084.85
7748,680,85,58,2025-05-15 18:15:43,70,Preparing,1481.11
7749,3,148,94,2024-08-07 00:25:49,37,Delivered,1369.67
7750,561,126,127,2025-08-19 16:25:01,53,Delivered,1315.12
7751,230,102,76,2026-02-20 06:54:28,57,Delivered,956.13
7752,472,150,90,2025-06-27 13:48:35,44,Delivered,1008.94
7753,642,26,109,2025-07-02 02:43:50,58,Delivered,267.88
7754,597,39,22,2026-03-04 17:11:55,30,Delivered,318.26
7755,910,19,62,2025-04-07 13:52:21,56,Delivered,326.39
7756,487,85,49,2025-01-19 08:25:42,38,Preparing,1266.05
7757,183,67,104,2026-04-23 00:18:08,51,Delivered,1016.7
7758,795,74,183,2026-03-20 14:51:26,61,Cancelled,431.38
7759,143,33,47,2026-06-21 06:48:02,29,Cancelled,1645.48
7760,572,124,202,2026-02-16 11:16:43,30,Delivered,680.89
7761,721,122,16,2026-07-08 13:24:05,64,Delivered,1337.24
7762,312,54,150,2026-03-06 15:36:09,68,Delivered,560.11
7763,13,135,250,2025-02-14 21:13:31,37,Delivered,875.35
7764,532,53,123,2025-03-28 10:40:56,54,Delivered,521.57
7765,115,109,209,2025-05-21 15:27:32,62,Delivered,381.92
7766,666,14,133,2026-02-12 12:04:34,15,Delivered,1486.02
7767,215,115,18,2024-09-02 19:05:37,38,Delivered,532.61
7768,948,115,216,2026-06-08 22:39:36,49,Delivered,1328.71
7769,558,144,202,2025-03-23 07:44:29,64,Delivered,1041.52
7770,203,114,164,2025-12-19 21:19:05,32,Preparing,872.16
7771,759,60,140,2024-12-14 02:10:32,22,Delivered,1458.4
7772,457,16,172,2026-06-23 07:47:36,31,Delivered,802.89
7773,314,94,81,2024-11-18 03:58:06,34,Delivered,1562.93
7774,904,4,4,2025-07-05 16:06:16,35,Preparing,1665.06
7775,330,130,133,2025-06-19 11:32:33,23,Cancelled,1663.41
7776,566,26,171,2025-01-14 23:33:52,22,Delivered,195.27
7777,569,46,145,2026-05-21 22:23:06,56,Delivered,1003.83
7778,330,15,207,2025-12-03 12:23:13,23,Delivered,1032.65
7779,504,124,152,2025-03-18 23:03:23,50,Delivered,1736.52
7780,528,125,189,2025-05-22 09:47:46,37,Delivered,265.75
7781,381,110,198,2026-05-01 00:41:38,33,Delivered,1609.02
7782,827,61,56,2024-08-17 14:24:58,62,Delivered,1423.48
7783,391,106,107,2024-10-20 05:28:23,58,Cancelled,250.41
7784,912,103,55,2025-11-24 05:10:41,63,Preparing,299.51
7785,587,18,184,2024-10-05 12:03:50,42,Delivered,1798.18
7786,987,86,87,2025-04-13 15:09:47,62,Delivered,1131.7
7787,502,53,186,2025-01-28 20:01:46,22,Delivered,571.8
7788,59,59,125,2024-08-03 09:05:59,46,Delivered,1754.67
7789,9,56,125,2025-05-09 07:20:47,51,Delivered,498.49
7790,425,25,208,2025-08-20 19:40:21,49,Delivered,1600.55
7791,918,4,74,2026-02-07 15:59:06,38,Delivered,224.39
7792,148,25,101,2026-02-26 13:46:30,26,Delivered,890.46
7793,710,77,33,2026-04-10 07:34:10,34,Delivered,595.53
7794,490,63,38,2025-11-27 05:32:57,38,Cancelled,1669.62
7795,63,109,242,2025-01-04 06:13:01,36,Delivered,1099.63
7796,621,7,86,2026-02-17 12:55:34,60,Cancelled,784.57
7797,938,113,160,2025-03-26 04:05:00,55,Delivered,189.98
7798,462,41,233,2025-08-15 01:40:48,62,Delivered,1175.31
7799,489,141,209,2026-05-16 15:53:10,57,Preparing,187.45
7800,240,81,179,2024-11-21 17:14:16,59,Delivered,1668.65
7801,551,26,146,2025-02-15 14:27:12,53,Delivered,1452.88
7802,871,107,139,2025-01-27 11:58:40,70,Delivered,1691.25
7803,270,72,83,2025-04-26 16:49:23,42,Delivered,1311.67
7804,762,138,200,2025-10-05 17:37:53,20,Delivered,887.98
7805,302,48,9,2025-06-21 17:29:15,35,Delivered,1678.8
7806,652,93,232,2024-10-01 14:08:27,20,Preparing,1670.01
7807,946,84,108,2025-08-14 13:34:50,45,Delivered,613.0
7808,578,45,13,2025-06-12 09:21:15,22,Delivered,1215.88
7809,819,81,154,2025-09-17 10:08:20,62,Delivered,550.51
7810,947,7,19,2024-12-07 09:20:55,29,Cancelled,1575.76
7811,81,78,224,2024-12-02 19:27:26,17,Delivered,1188.09
7812,54,100,162,2026-07-29 08:08:53,45,Delivered,269.07
7813,261,70,245,2025-04-01 22:41:08,42,Delivered,1006.59
7814,6,13,4,2026-03-08 22:27:44,17,Cancelled,211.73
7815,300,106,66,2024-10-15 22:40:55,69,Delivered,1178.4
7816,395,136,203,2026-03-03 04:20:51,28,Delivered,1746.82
7817,830,113,90,2026-01-07 18:15:15,25,Delivered,181.23
7818,917,142,149,2024-11-04 02:23:34,53,Delivered,615.34
7819,436,35,81,2026-05-01 16:13:02,43,Delivered,287.21
7820,198,136,11,2025-07-20 11:03:36,59,Delivered,696.81
7821,82,23,130,2025-12-30 01:16:35,22,Delivered,1622.54
7822,812,99,91,2024-12-18 09:58:49,26,Delivered,765.23
7823,571,31,95,2025-05-31 06:42:46,51,Delivered,187.12
7824,247,28,87,2025-07-15 23:14:11,16,Delivered,1533.0
7825,871,19,199,2024-08-01 00:14:22,46,Delivered,1192.72
7826,701,71,124,2025-08-28 17:12:21,66,Delivered,1414.3
7827,740,100,225,2025-05-29 12:38:57,27,Delivered,1524.7
7828,104,11,177,2026-05-18 04:25:04,29,Delivered,407.91
7829,254,32,150,2025-06-18 23:18:24,44,Delivered,245.55
7830,371,79,247,2026-01-26 13:26:19,39,Delivered,991.33
7831,943,75,72,2026-04-18 14:51:00,39,Delivered,616.71
7832,780,130,156,2025-05-25 23:41:10,63,Delivered,1277.25
7833,87,139,59,2026-07-25 06:12:33,26,Delivered,1424.86
7834,888,23,220,2025-04-27 18:10:35,66,Delivered,1575.51
7835,648,33,70,2026-07-22 21:04:18,62,Delivered,610.43
7836,505,41,200,2026-01-22 19:54:56,52,Delivered,1333.12
7837,589,24,184,2026-03-29 08:54:16,69,Delivered,1526.8
7838,995,136,233,2025-06-04 21:35:48,51,Preparing,183.03
7839,6,148,170,2024-11-24 14:59:36,34,Delivered,1553.71
7840,885,140,66,2026-05-24 21:08:18,40,Delivered,1751.3
7841,594,40,165,2024-11-07 01:18:44,62,Delivered,1373.39
7842,820,129,127,2025-02-28 11:41:38,50,Delivered,1729.99
7843,770,63,123,2024-09-26 13:14:15,40,Delivered,1261.4
7844,489,108,206,2026-07-18 18:33:41,31,Cancelled,925.54
7845,211,116,136,2025-11-23 17:17:00,17,Delivered,602.41
7846,152,90,29,2026-06-12 01:15:32,51,Delivered,1037.73
7847,126,109,33,2025-07-07 07:41:41,69,Delivered,886.51
7848,453,112,207,2026-06-15 14:08:03,44,Delivered,1295.43
7849,410,15,178,2025-06-11 13:32:49,54,Delivered,348.81
7850,195,94,42,2026-05-22 01:34:22,39,Delivered,358.2
7851,591,54,29,2025-09-25 23:33:30,43,Delivered,1105.96
7852,866,4,136,2025-07-07 08:57:47,65,Delivered,1390.84
7853,459,82,148,2025-08-29 16:29:05,22,Delivered,768.37
7854,669,112,188,2026-05-25 03:21:20,65,Delivered,1620.22
7855,606,107,125,2026-05-15 20:35:25,17,Delivered,1561.94
7856,804,115,123,2025-02-23 10:32:07,45,Preparing,1790.69
7857,279,9,91,2026-04-03 18:11:12,66,Delivered,1548.29
7858,968,15,35,2025-11-25 09:15:12,38,Preparing,1387.28
7859,714,22,93,2025-03-13 23:51:52,38,Preparing,572.48
7860,289,10,164,2025-07-31 16:34:14,68,Delivered,1291.75
7861,900,138,83,2025-07-26 20:33:25,44,Delivered,368.11
7862,399,56,126,2026-05-04 15:24:43,31,Preparing,590.74
7863,765,141,69,2024-09-29 14:31:13,37,Delivered,705.77
7864,686,122,100,2025-12-25 13:23:53,68,Preparing,1260.63
7865,216,62,212,2024-11-30 01:30:01,36,Delivered,1753.07
7866,4,86,7,2025-10-21 03:36:11,51,Cancelled,1720.82
7867,800,3,176,2024-09-13 17:40:34,43,Delivered,1682.08
7868,482,34,136,2025-12-07 11:26:11,55,Delivered,1428.16
7869,487,100,147,2025-01-06 09:12:49,35,Delivered,1603.21
7870,510,16,243,2025-05-05 22:20:37,60,Delivered,1785.11
7871,862,41,189,2024-08-09 17:58:50,56,Preparing,1497.9
7872,24,61,105,2024-08-26 09:55:30,42,Delivered,1041.51
7873,807,48,200,2025-06-14 16:19:15,44,Delivered,1593.98
7874,271,139,45,2026-07-23 11:22:15,56,Preparing,1140.11
7875,844,74,51,2024-10-21 14:41:42,59,Delivered,243.44
7876,494,102,206,2026-04-16 07:36:27,21,Delivered,519.49
7877,508,120,175,2025-08-29 09:27:36,48,Delivered,609.02
7878,109,108,74,2025-03-21 15:35:54,51,Preparing,1117.59
7879,399,50,242,2025-08-21 21:21:34,58,Delivered,700.56
7880,876,121,206,2025-10-11 09:32:46,26,Delivered,440.29
7881,37,26,100,2025-08-08 12:14:42,53,Delivered,854.7
7882,488,136,16,2025-03-20 02:51:30,45,Delivered,384.17
7883,55,123,172,2024-11-19 03:13:49,17,Delivered,254.47
7884,221,79,212,2024-11-03 14:01:26,62,Delivered,383.34
7885,970,123,77,2025-01-27 19:42:53,29,Delivered,1778.92
7886,588,45,195,2025-03-29 08:07:41,64,Delivered,614.32
7887,566,1,24,2026-05-31 05:24:49,59,Delivered,1102.41
7888,361,31,31,2025-02-25 05:38:52,56,Delivered,1094.4
7889,308,108,231,2026-04-20 12:37:06,31,Delivered,262.48
7890,110,139,40,2025-01-07 18:25:17,50,Delivered,1139.26
7891,97,68,112,2025-03-24 23:35:50,37,Delivered,308.22
7892,85,38,8,2024-09-08 17:35:22,66,Delivered,530.31
7893,834,16,95,2025-03-24 16:52:05,53,Preparing,1773.38
7894,697,111,166,2026-02-13 00:13:56,52,Delivered,507.79
7895,971,75,212,2025-06-19 17:24:00,27,Delivered,492.88
7896,494,92,226,2026-06-11 13:46:38,70,Delivered,1610.48
7897,294,41,136,2026-02-23 00:00:23,47,Delivered,549.86
7898,737,123,62,2026-03-06 15:14:29,34,Delivered,1189.36
7899,333,14,189,2025-05-18 23:28:57,30,Delivered,1768.87
7900,184,115,122,2025-09-27 11:05:29,65,Delivered,1458.27
7901,465,148,53,2024-11-24 09:43:46,67,Delivered,411.33
7902,48,85,91,2024-10-22 20:42:11,27,Delivered,881.8
7903,621,38,72,2024-11-23 04:56:18,70,Delivered,1195.58
7904,692,131,63,2024-10-04 13:05:56,59,Delivered,801.05
7905,572,119,196,2025-04-16 06:12:37,60,Delivered,1610.34
7906,752,131,226,2026-04-04 03:56:09,57,Delivered,1522.99
7907,882,21,206,2025-12-05 23:45:43,25,Cancelled,1746.41
7908,454,43,130,2025-06-30 05:56:37,46,Delivered,971.47
7909,552,99,236,2026-05-15 05:04:13,54,Delivered,636.03
7910,454,98,181,2025-02-10 09:38:47,70,Cancelled,422.9
7911,387,98,81,2025-11-10 16:06:37,26,Delivered,614.8
7912,762,82,125,2026-02-22 11:35:35,29,Delivered,997.76
7913,145,5,74,2026-03-04 13:05:42,16,Delivered,1312.2
7914,9,118,207,2025-05-01 19:04:23,21,Delivered,372.17
7915,795,72,64,2024-12-03 03:45:13,65,Delivered,903.04
7916,949,47,109,2025-05-02 06:56:43,38,Delivered,1673.22
7917,299,102,57,2025-02-13 12:12:48,66,Delivered,199.44
7918,597,54,95,2025-10-18 13:10:20,28,Preparing,1241.84
7919,32,30,185,2026-03-31 07:11:30,35,Delivered,759.47
7920,454,58,245,2024-12-09 17:05:52,20,Delivered,937.3
7921,712,12,186,2024-08-11 10:00:24,59,Delivered,1778.72
7922,710,119,71,2025-06-04 11:54:15,51,Delivered,1643.56
7923,462,93,107,2025-12-23 15:24:59,16,Delivered,1798.23
7924,7,48,242,2026-01-16 17:53:12,21,Delivered,1305.33
7925,871,114,55,2025-02-28 18:13:28,44,Delivered,1525.8
7926,493,12,22,2026-04-12 05:48:18,68,Cancelled,159.39
7927,677,75,145,2025-03-05 22:03:08,25,Delivered,276.64
7928,819,142,158,2025-12-10 08:31:26,69,Delivered,1577.38
7929,973,67,4,2026-04-25 16:52:07,15,Delivered,494.38
7930,391,86,70,2024-10-05 08:52:23,69,Delivered,853.49
7931,413,14,44,2026-03-16 08:32:10,56,Delivered,290.26
7932,973,70,64,2024-11-02 03:55:25,36,Delivered,218.35
7933,284,121,22,2024-10-15 13:42:26,19,Delivered,1323.51
7934,32,9,245,2025-12-31 22:03:18,34,Delivered,286.79
7935,324,63,237,2026-01-31 17:41:05,19,Delivered,1094.09
7936,336,105,15,2025-11-16 18:35:30,68,Preparing,945.17
7937,615,49,205,2025-08-16 00:47:11,59,Cancelled,1464.54
7938,775,127,125,2026-03-22 07:59:02,53,Delivered,231.98
7939,336,66,234,2024-12-27 23:07:05,47,Delivered,698.27
7940,154,82,121,2025-09-26 16:47:23,37,Delivered,601.05
7941,184,80,103,2025-09-29 14:18:30,70,Delivered,243.88
7942,605,68,170,2024-09-29 10:34:23,62,Delivered,834.8
7943,113,126,87,2025-09-14 15:44:43,69,Delivered,324.72
7944,531,41,128,2024-11-20 01:10:36,64,Delivered,1459.0
7945,308,144,143,2025-07-24 03:38:38,67,Delivered,781.43
7946,378,143,6,2025-02-07 12:40:12,19,Delivered,1257.42
7947,884,85,91,2024-07-31 00:31:46,46,Delivered,431.17
7948,504,141,98,2026-05-25 20:25:03,69,Preparing,1614.52
7949,269,70,188,2025-12-30 10:48:48,33,Delivered,643.35
7950,286,36,160,2025-06-27 07:18:32,31,Delivered,1385.39
7951,506,5,136,2025-01-26 10:18:50,49,Delivered,721.81
7952,45,17,85,2025-03-24 07:15:27,67,Delivered,873.12
7953,525,107,198,2025-01-20 02:18:16,26,Delivered,565.91
7954,633,114,12,2025-04-17 02:25:54,33,Delivered,253.57
7955,744,145,171,2026-01-06 00:51:24,47,Delivered,397.28
7956,929,2,114,2025-10-27 19:30:48,39,Delivered,279.68
7957,670,3,12,2026-04-02 20:42:50,42,Delivered,1637.76
7958,226,110,93,2025-03-09 08:55:07,51,Delivered,1258.29
7959,232,120,101,2025-08-21 18:27:22,41,Delivered,1277.23
7960,321,65,32,2026-06-08 06:06:40,70,Delivered,287.84
7961,39,8,204,2026-05-31 03:39:18,46,Delivered,282.54
7962,852,118,90,2025-08-23 12:21:03,63,Preparing,1322.09
7963,550,2,2,2026-04-16 07:53:25,43,Preparing,1063.44
7964,184,130,73,2024-12-14 22:02:33,38,Delivered,870.72
7965,543,110,236,2026-02-11 10:09:23,45,Delivered,225.47
7966,439,125,34,2024-09-17 08:58:49,59,Delivered,1348.11
7967,818,46,142,2025-09-12 08:32:31,63,Delivered,1117.22
7968,121,67,53,2025-09-03 11:41:49,15,Preparing,1126.59
7969,155,29,93,2025-03-01 09:25:13,25,Delivered,441.56
7970,373,125,137,2025-10-27 18:09:18,29,Delivered,1723.66
7971,475,72,201,2026-04-12 12:09:35,59,Delivered,1014.4
7972,591,27,44,2025-06-20 02:42:28,58,Delivered,719.73
7973,599,69,207,2025-09-19 00:57:20,33,Delivered,1186.28
7974,792,101,152,2024-08-16 01:59:20,62,Delivered,1781.79
7975,553,8,24,2025-06-08 18:06:11,26,Delivered,422.53
7976,774,104,205,2025-06-08 18:05:59,23,Delivered,506.69
7977,99,4,221,2025-02-15 18:07:58,50,Delivered,395.39
7978,503,10,203,2026-06-01 20:07:49,19,Delivered,1593.74
7979,173,13,189,2026-03-22 08:22:59,56,Delivered,547.58
7980,64,58,231,2024-08-12 06:24:44,38,Preparing,1171.44
7981,907,28,82,2025-04-24 19:58:43,22,Delivered,1633.37
7982,772,20,112,2026-05-17 17:56:45,60,Delivered,1771.23
7983,416,89,139,2024-10-13 10:42:32,70,Delivered,1591.23
7984,198,99,220,2026-04-24 07:17:00,18,Delivered,743.58
7985,883,97,132,2024-10-15 07:45:49,46,Delivered,388.08
7986,63,38,46,2024-09-01 00:56:37,35,Cancelled,743.32
7987,825,141,242,2024-12-17 05:29:44,16,Delivered,592.58
7988,628,113,144,2024-10-07 19:54:11,66,Preparing,1501.98
7989,843,144,128,2024-12-01 02:44:38,21,Delivered,1034.1
7990,205,74,229,2026-04-23 05:32:13,22,Delivered,1770.7
7991,656,2,112,2026-06-11 03:39:53,39,Delivered,633.24
7992,295,62,219,2025-05-13 06:46:18,60,Delivered,1453.61
7993,237,7,194,2025-03-27 15:01:31,15,Delivered,252.26
7994,719,81,215,2024-12-28 08:35:52,56,Delivered,152.16
7995,547,128,228,2025-12-20 23:47:17,17,Delivered,1082.63
7996,870,63,121,2026-03-03 09:54:51,38,Delivered,158.77
7997,290,120,227,2025-03-02 17:49:39,54,Preparing,1198.5
7998,970,81,192,2024-09-30 22:59:46,50,Delivered,245.18
7999,482,4,33,2026-04-13 02:38:04,46,Delivered,1101.97
8000,164,117,109,2026-02-13 03:00:47,31,Delivered,1796.35
8001,5,13,83,2024-12-20 21:55:00,55,Delivered,1630.22
8002,122,140,238,2025-02-06 00:26:54,35,Preparing,691.87
8003,494,54,232,2026-05-30 12:33:05,49,Delivered,150.39
8004,290,47,125,2024-08-20 19:51:34,34,Delivered,413.86
8005,169,129,84,2024-10-29 01:51:10,65,Delivered,420.26
8006,323,58,48,2026-01-30 03:56:51,15,Delivered,381.06
8007,550,93,19,2025-06-05 21:04:13,35,Delivered,1632.3
8008,120,49,85,2024-09-06 15:26:48,25,Delivered,283.02
8009,821,113,142,2025-03-27 14:09:15,47,Delivered,1405.27
8010,794,89,4,2025-11-15 20:59:55,61,Delivered,493.64
8011,887,31,225,2026-02-26 22:12:36,48,Delivered,294.86
8012,26,92,192,2025-09-12 02:09:26,20,Delivered,318.02
8013,23,1,127,2025-06-23 07:17:45,31,Delivered,218.83
8014,282,96,18,2024-08-01 07:39:27,36,Delivered,1146.12
8015,858,55,56,2026-04-29 22:11:24,66,Delivered,930.16
8016,717,38,201,2025-01-31 06:11:01,64,Delivered,1093.38
8017,940,150,68,2025-08-18 20:08:59,43,Delivered,918.02
8018,627,52,11,2024-11-16 13:46:24,51,Preparing,1262.74
8019,183,53,155,2024-10-15 02:36:41,18,Delivered,234.54
8020,423,51,106,2026-02-03 06:41:20,66,Delivered,283.57
8021,309,32,53,2026-02-16 01:21:16,45,Delivered,1544.77
8022,631,23,36,2025-12-09 14:39:52,56,Delivered,1780.97
8023,72,146,57,2026-06-06 14:17:05,42,Delivered,623.82
8024,195,111,77,2025-08-25 11:48:55,28,Preparing,727.41
8025,710,50,22,2025-05-24 03:23:20,57,Delivered,1369.74
8026,323,72,96,2024-09-08 03:07:13,41,Delivered,343.61
8027,33,140,150,2024-09-12 11:11:27,35,Preparing,1661.64
8028,391,60,203,2025-01-02 10:55:50,56,Preparing,327.85
8029,459,141,149,2024-12-02 18:58:06,45,Cancelled,1438.74
8030,246,12,33,2024-09-15 14:16:29,27,Delivered,406.83
8031,845,54,62,2026-01-22 21:21:29,67,Delivered,1004.94
8032,647,62,27,2025-01-01 16:27:03,57,Delivered,156.71
8033,149,84,7,2024-10-18 15:30:45,54,Delivered,1237.29
8034,508,5,67,2025-11-02 23:03:45,15,Delivered,662.05
8035,794,140,235,2025-07-11 01:01:28,42,Preparing,857.42
8036,311,120,11,2025-09-29 20:24:51,66,Delivered,402.17
8037,44,42,119,2026-05-03 05:54:23,35,Delivered,985.3
8038,429,110,52,2025-11-01 01:25:54,41,Delivered,738.92
8039,995,125,50,2025-11-24 21:10:48,48,Delivered,1065.34
8040,539,38,52,2025-11-10 12:11:16,27,Cancelled,221.22
8041,472,8,24,2026-07-07 18:15:06,53,Delivered,1108.3
8042,174,76,119,2024-09-05 12:14:53,46,Delivered,1284.25
8043,371,26,135,2024-09-29 08:13:31,59,Preparing,378.7
8044,4,145,130,2024-10-06 13:16:59,57,Delivered,1463.52
8045,850,106,215,2026-04-17 08:03:10,27,Delivered,1020.21
8046,703,45,130,2025-02-28 10:57:30,56,Delivered,1600.94
8047,558,147,100,2024-08-23 06:08:05,15,Delivered,1428.81
8048,921,103,219,2026-07-27 21:47:41,65,Delivered,1648.32
8049,65,41,125,2024-08-08 07:42:37,52,Delivered,1349.41
8050,168,95,44,2025-01-08 01:32:13,49,Delivered,772.76
8051,516,6,109,2025-03-17 09:10:55,49,Delivered,1268.07
8052,612,35,41,2026-07-12 20:37:19,55,Delivered,1248.61
8053,625,117,155,2026-07-26 16:29:51,43,Delivered,353.46
8054,571,16,136,2025-08-01 21:15:27,28,Delivered,1346.05
8055,633,140,235,2026-04-21 18:22:36,69,Delivered,1346.96
8056,264,136,117,2024-10-27 18:23:49,50,Delivered,1707.8
8057,818,70,230,2025-02-01 00:32:03,49,Delivered,570.71
8058,922,82,139,2024-10-20 02:59:30,39,Preparing,905.48
8059,754,35,100,2026-03-03 18:30:00,18,Delivered,507.31
8060,687,130,177,2026-01-15 21:25:38,16,Delivered,847.12
8061,745,107,77,2025-08-18 14:45:26,18,Delivered,1205.95
8062,906,148,122,2026-03-01 16:39:17,55,Delivered,517.24
8063,25,136,128,2024-10-13 21:10:57,61,Delivered,1539.08
8064,217,114,135,2025-10-30 02:13:09,26,Preparing,1209.98
8065,343,62,113,2026-04-29 00:34:00,21,Delivered,1362.67
8066,896,135,136,2025-07-26 12:13:44,46,Delivered,1788.37
8067,83,86,202,2026-03-12 20:53:09,35,Delivered,1718.25
8068,101,61,162,2025-12-17 16:00:13,61,Delivered,1328.77
8069,291,43,250,2025-10-02 23:17:54,22,Delivered,1253.28
8070,398,36,70,2025-06-16 08:35:06,45,Delivered,604.65
8071,740,65,64,2024-09-02 11:19:58,27,Delivered,969.69
8072,558,41,116,2026-03-27 10:20:59,29,Delivered,214.38
8073,665,123,105,2026-03-02 23:54:23,42,Delivered,1021.0
8074,845,4,236,2024-10-18 14:09:54,43,Delivered,1329.72
8075,411,65,230,2026-06-16 04:09:07,15,Delivered,697.89
8076,460,76,105,2025-11-30 15:56:00,39,Delivered,1139.83
8077,715,125,131,2026-03-09 13:31:34,57,Delivered,855.27
8078,647,33,81,2025-05-26 09:30:30,36,Delivered,646.15
8079,270,86,144,2026-06-15 18:27:30,65,Delivered,899.79
8080,625,46,147,2026-07-19 07:53:27,53,Delivered,914.32
8081,139,108,121,2024-11-26 21:53:54,54,Delivered,865.2
8082,25,26,81,2026-03-11 19:23:06,64,Delivered,525.65
8083,168,113,184,2026-07-29 02:39:29,29,Delivered,1257.02
8084,539,56,61,2025-04-30 15:04:39,54,Delivered,484.77
8085,550,135,100,2026-01-11 03:25:04,23,Delivered,1217.38
8086,259,109,167,2026-02-04 15:28:47,47,Delivered,458.08
8087,423,111,23,2025-11-20 04:14:20,18,Delivered,812.38
8088,510,69,165,2026-03-04 13:57:01,50,Delivered,1657.96
8089,206,126,167,2024-09-06 14:54:11,20,Delivered,1523.51
8090,594,42,106,2026-02-09 16:04:50,24,Delivered,1184.38
8091,5,103,9,2025-08-27 02:46:56,18,Delivered,395.27
8092,439,106,221,2025-02-14 17:54:06,33,Cancelled,1200.55
8093,38,150,205,2024-10-13 14:06:46,42,Delivered,1148.03
8094,38,146,233,2025-10-23 23:42:21,69,Delivered,227.48
8095,109,111,101,2025-12-14 09:23:10,37,Delivered,1128.25
8096,331,80,87,2025-03-07 08:21:37,34,Preparing,560.22
8097,56,25,122,2026-05-16 16:56:35,48,Cancelled,1559.45
8098,134,126,187,2025-12-05 03:53:47,34,Cancelled,1223.85
8099,161,2,234,2025-07-26 12:41:12,56,Delivered,1505.22
8100,134,88,171,2026-04-28 02:56:29,58,Delivered,985.64
8101,915,118,176,2025-09-08 23:25:21,67,Delivered,973.47
8102,982,51,41,2025-04-10 08:07:56,21,Delivered,804.78
8103,841,103,146,2026-06-02 17:50:08,21,Delivered,888.27
8104,643,137,174,2025-05-08 07:15:17,57,Delivered,1647.67
8105,886,31,209,2026-07-14 15:08:29,46,Delivered,1253.76
8106,259,1,164,2024-08-05 09:13:55,24,Delivered,1718.28
8107,417,70,46,2025-11-29 09:05:19,24,Preparing,1790.01
8108,930,66,63,2024-10-30 15:26:33,34,Delivered,1216.49
8109,782,106,87,2024-09-26 21:40:50,23,Preparing,1261.61
8110,937,92,16,2025-01-05 02:15:37,69,Delivered,467.57
8111,512,126,173,2025-07-03 22:02:25,69,Delivered,284.79
8112,422,4,41,2025-04-19 17:07:17,47,Delivered,1095.47
8113,361,50,184,2025-01-18 15:03:52,68,Preparing,1723.97
8114,551,128,88,2025-04-17 08:39:26,37,Delivered,1635.43
8115,506,82,145,2025-09-13 19:28:37,62,Delivered,579.54
8116,72,89,226,2024-12-04 17:26:15,35,Delivered,1452.45
8117,543,43,196,2026-01-28 13:28:01,29,Delivered,1572.68
8118,409,71,187,2024-10-29 18:55:41,29,Delivered,1237.13
8119,643,35,155,2024-08-15 15:27:04,46,Delivered,610.76
8120,659,74,59,2025-07-31 02:27:50,29,Delivered,1759.19
8121,608,80,89,2026-07-15 16:29:02,58,Delivered,857.17
8122,941,128,178,2024-12-05 08:42:38,56,Delivered,1598.96
8123,56,76,220,2025-10-05 13:28:57,45,Preparing,363.64
8124,652,101,185,2025-09-12 13:11:31,32,Preparing,943.36
8125,806,131,55,2026-01-05 02:59:59,57,Delivered,319.58
8126,815,3,105,2026-06-02 15:50:03,43,Delivered,1457.19
8127,892,20,6,2026-05-10 06:35:32,17,Delivered,879.78
8128,299,75,45,2025-07-08 15:35:10,54,Delivered,1105.25
8129,254,17,98,2025-09-07 23:14:23,55,Delivered,349.82
8130,515,33,109,2026-02-27 11:19:07,37,Delivered,1734.67
8131,482,13,248,2024-07-31 18:05:00,70,Delivered,618.91
8132,607,19,1,2025-07-30 10:09:51,36,Delivered,924.79
8133,587,146,23,2024-11-12 22:36:36,38,Delivered,1517.93
8134,762,67,59,2026-03-26 10:24:07,31,Delivered,728.73
8135,388,90,247,2025-07-27 13:20:35,22,Delivered,1789.94
8136,229,74,53,2025-11-06 02:55:44,31,Delivered,1332.59
8137,479,7,132,2026-03-11 17:23:38,64,Delivered,1557.98
8138,222,19,241,2024-09-10 17:52:49,61,Delivered,692.48
8139,665,75,62,2026-02-04 11:11:23,35,Preparing,1040.8
8140,803,69,220,2025-01-21 03:28:33,35,Delivered,1375.0
8141,215,32,40,2025-07-27 12:42:51,48,Delivered,1201.34
8142,814,19,47,2024-10-24 00:26:46,40,Delivered,401.11
8143,996,131,21,2025-06-16 19:02:26,35,Delivered,1417.48
8144,999,142,130,2024-10-19 05:28:33,52,Delivered,916.26
8145,995,117,14,2025-06-25 12:45:35,46,Delivered,1561.96
8146,455,7,160,2024-08-19 09:59:02,38,Preparing,1340.53
8147,654,103,239,2025-10-01 05:20:07,23,Delivered,508.57
8148,455,104,46,2026-01-16 04:53:40,31,Delivered,1591.31
8149,899,52,34,2025-08-30 17:37:54,42,Delivered,402.32
8150,981,127,156,2024-10-23 07:59:15,48,Delivered,1368.87
8151,42,124,132,2026-03-26 06:48:56,54,Preparing,1375.12
8152,657,62,113,2025-11-19 04:34:22,53,Preparing,972.95
8153,680,85,42,2025-07-29 02:37:09,59,Preparing,464.84
8154,604,112,214,2026-05-08 11:07:53,68,Delivered,1083.43
8155,112,133,77,2024-11-26 04:00:53,38,Delivered,327.59
8156,696,140,173,2024-11-06 20:46:21,29,Preparing,1658.89
8157,464,146,40,2026-06-23 06:22:10,48,Delivered,1484.15
8158,761,5,26,2025-01-02 14:02:27,41,Delivered,730.64
8159,324,148,81,2026-01-05 18:51:08,25,Delivered,618.7
8160,873,140,213,2025-11-03 18:35:14,62,Preparing,1730.27
8161,370,85,189,2026-06-11 21:25:21,29,Delivered,487.88
8162,1000,115,147,2026-03-09 22:48:13,64,Delivered,1458.42
8163,219,77,210,2025-10-28 20:06:24,46,Delivered,781.82
8164,66,109,192,2025-12-03 07:21:25,21,Cancelled,776.11
8165,646,13,37,2025-05-23 11:28:58,22,Delivered,1472.92
8166,805,12,44,2025-02-09 06:21:46,46,Delivered,657.69
8167,626,145,92,2025-08-06 18:17:10,67,Delivered,1256.04
8168,774,119,15,2025-08-13 23:25:53,64,Delivered,349.03
8169,129,84,59,2026-03-22 22:35:46,47,Cancelled,238.12
8170,666,108,50,2024-10-30 17:56:34,21,Delivered,154.61
8171,922,56,228,2025-09-17 23:28:55,46,Delivered,782.08
8172,613,54,44,2024-12-29 19:52:13,61,Delivered,1195.6
8173,929,43,182,2025-08-09 21:39:04,70,Preparing,971.6
8174,692,99,199,2025-04-18 06:06:39,26,Delivered,1652.87
8175,693,122,82,2026-05-10 13:40:53,27,Delivered,1382.32
8176,357,42,172,2025-01-21 03:14:30,31,Delivered,490.57
8177,504,35,220,2024-08-29 09:06:55,57,Delivered,686.53
8178,618,50,188,2025-07-11 13:49:44,21,Delivered,1224.16
8179,258,69,208,2026-06-11 06:20:57,65,Delivered,1129.63
8180,579,97,169,2025-06-19 16:27:10,32,Delivered,1269.58
8181,995,99,46,2025-10-06 18:18:40,55,Delivered,484.14
8182,285,2,248,2026-05-30 14:26:24,51,Preparing,1332.35
8183,145,127,115,2024-10-19 10:17:58,57,Delivered,735.33
8184,875,59,171,2026-06-27 20:35:46,55,Delivered,696.83
8185,663,114,16,2026-06-30 09:30:56,35,Delivered,1627.9
8186,160,90,23,2024-08-03 11:31:59,56,Preparing,1454.01
8187,961,50,23,2024-12-17 11:23:33,56,Delivered,897.34
8188,20,123,91,2026-04-10 02:20:13,52,Delivered,608.41
8189,760,96,107,2025-03-08 19:47:26,42,Preparing,277.33
8190,418,104,187,2025-09-26 22:54:09,44,Delivered,1463.73
8191,992,24,185,2024-08-09 15:44:11,36,Delivered,596.02
8192,279,1,197,2026-01-03 08:53:00,20,Delivered,455.86
8193,670,96,88,2026-02-10 11:23:54,44,Delivered,651.76
8194,380,108,217,2026-02-05 10:39:44,56,Delivered,1532.12
8195,405,93,191,2025-09-28 12:23:31,44,Cancelled,1346.44
8196,603,123,123,2025-05-09 14:31:54,34,Delivered,246.79
8197,3,111,134,2026-03-30 07:23:40,35,Delivered,1457.25
8198,822,39,62,2025-04-28 09:22:49,30,Delivered,1442.64
8199,913,110,195,2025-07-25 15:29:13,59,Delivered,662.52
8200,497,6,222,2026-06-02 14:01:50,41,Delivered,1532.2
8201,974,86,57,2025-08-21 19:32:48,69,Delivered,913.71
8202,857,4,83,2024-08-22 12:18:56,28,Delivered,1591.68
8203,169,140,153,2024-08-09 12:07:20,15,Preparing,1320.41
8204,72,107,39,2024-12-07 21:16:12,52,Delivered,1692.01
8205,823,97,29,2025-12-16 23:13:55,37,Cancelled,940.35
8206,880,13,111,2025-02-13 14:21:43,40,Delivered,1146.44
8207,226,111,217,2025-12-30 19:00:27,70,Delivered,697.24
8208,61,69,31,2026-06-03 08:34:43,22,Delivered,1535.76
8209,656,121,114,2025-03-13 18:25:44,53,Delivered,484.51
8210,609,148,73,2024-12-26 20:49:53,41,Delivered,1086.73
8211,637,100,173,2026-04-10 04:49:43,18,Delivered,597.39
8212,431,18,221,2026-03-17 14:41:14,24,Delivered,1573.65
8213,524,57,5,2024-11-10 21:14:27,47,Delivered,958.65
8214,530,80,183,2025-01-10 17:29:21,45,Delivered,1079.26
8215,521,130,40,2026-06-09 17:40:07,31,Delivered,901.19
8216,637,104,136,2025-06-01 01:43:56,62,Delivered,1282.82
8217,182,115,65,2024-12-20 16:58:25,47,Delivered,1298.44
8218,13,10,146,2024-12-02 02:26:40,60,Delivered,1633.98
8219,264,125,209,2026-04-30 06:28:59,36,Delivered,735.64
8220,119,50,219,2024-10-31 11:13:38,63,Delivered,506.53
8221,464,39,187,2025-05-28 12:45:34,57,Delivered,1528.23
8222,392,115,196,2025-10-26 12:12:42,61,Delivered,259.12
8223,19,138,41,2024-08-27 14:51:23,49,Delivered,634.73
8224,853,104,79,2026-04-03 03:55:40,53,Delivered,1523.66
8225,831,31,165,2025-05-23 16:13:36,30,Delivered,843.23
8226,334,15,146,2025-11-09 00:17:04,32,Delivered,426.66
8227,830,56,170,2025-12-30 14:32:00,21,Delivered,1090.6
8228,655,61,121,2026-03-14 00:40:33,49,Delivered,517.47
8229,904,17,94,2025-05-22 02:28:35,21,Delivered,273.03
8230,248,98,207,2025-09-30 09:58:16,52,Delivered,193.45
8231,925,113,153,2025-04-28 18:57:15,18,Delivered,1360.54
8232,289,68,16,2026-05-17 21:11:01,64,Delivered,1478.93
8233,67,85,26,2025-07-18 03:59:10,53,Delivered,1166.78
8234,930,40,127,2025-02-15 16:28:41,50,Delivered,303.65
8235,887,19,160,2025-06-03 12:26:30,58,Delivered,1452.85
8236,548,14,6,2025-12-28 15:47:00,54,Delivered,1789.22
8237,981,13,164,2025-07-30 19:13:23,42,Delivered,1012.35
8238,914,75,79,2024-08-13 12:55:11,70,Delivered,1629.19
8239,437,100,25,2025-05-27 03:46:23,21,Delivered,919.88
8240,156,72,42,2026-04-12 02:23:48,15,Delivered,1577.96
8241,52,143,249,2025-07-07 18:01:34,16,Delivered,1006.15
8242,353,142,40,2026-01-09 23:24:23,32,Preparing,169.22
8243,639,123,125,2026-01-10 06:50:28,60,Delivered,1758.7
8244,331,124,46,2025-05-01 23:18:15,33,Preparing,205.24
8245,61,51,22,2024-09-18 13:19:17,38,Delivered,1447.52
8246,886,106,24,2025-07-03 10:30:15,43,Delivered,1071.34
8247,446,46,198,2025-11-22 10:23:13,24,Delivered,1157.78
8248,649,120,108,2026-01-16 01:48:08,31,Delivered,315.89
8249,277,89,222,2024-10-29 00:33:13,47,Preparing,448.9
8250,372,20,154,2025-02-05 01:34:49,51,Delivered,166.54
8251,882,104,60,2025-10-21 01:25:25,28,Delivered,1177.56
8252,138,38,114,2026-05-20 01:09:56,63,Delivered,1403.66
8253,57,137,84,2026-07-09 07:00:14,51,Delivered,1270.34
8254,433,130,45,2026-07-22 14:16:45,30,Delivered,1376.84
8255,760,95,68,2025-05-08 07:36:02,27,Delivered,572.51
8256,807,47,24,2026-01-21 10:12:08,30,Delivered,156.9
8257,124,81,166,2026-03-02 11:50:30,69,Delivered,818.91
8258,284,26,173,2026-07-28 20:59:47,38,Cancelled,319.39
8259,638,140,196,2026-06-10 14:47:15,38,Preparing,1479.87
8260,255,41,232,2024-11-16 09:17:54,28,Delivered,172.98
8261,777,56,157,2024-10-06 12:51:32,46,Delivered,913.7
8262,919,43,209,2025-04-05 01:19:15,35,Delivered,1768.07
8263,226,38,72,2024-09-09 17:17:07,30,Delivered,388.83
8264,757,53,146,2026-02-20 13:49:49,37,Delivered,946.21
8265,590,111,84,2024-10-26 17:29:07,42,Delivered,160.7
8266,203,58,96,2026-05-11 12:34:43,16,Delivered,1320.61
8267,878,84,198,2025-06-09 20:34:59,35,Delivered,223.09
8268,915,79,201,2026-06-23 22:59:41,48,Delivered,1622.32
8269,43,122,220,2025-03-17 16:13:27,58,Delivered,1007.0
8270,192,94,189,2026-04-29 15:46:25,37,Delivered,1385.02
8271,591,49,223,2024-11-18 20:05:39,61,Delivered,188.44
8272,439,41,162,2025-05-26 17:44:15,55,Delivered,985.96
8273,475,56,98,2024-09-23 12:44:44,16,Delivered,755.86
8274,552,35,212,2024-08-01 11:46:07,58,Delivered,386.95
8275,208,22,249,2025-08-06 03:45:49,41,Preparing,765.9
8276,21,17,22,2026-07-19 15:55:17,38,Delivered,373.87
8277,964,116,192,2024-08-05 13:20:39,16,Preparing,504.8
8278,308,25,213,2025-01-14 01:36:58,70,Delivered,1706.16
8279,489,87,194,2024-12-29 13:31:20,39,Cancelled,1048.95
8280,714,108,55,2025-05-07 18:34:50,62,Delivered,540.01
8281,451,138,121,2024-09-03 02:52:12,15,Delivered,1571.85
8282,707,86,64,2026-04-21 19:50:40,47,Delivered,1692.8
8283,564,20,205,2025-12-14 23:37:11,26,Delivered,1230.28
8284,796,58,169,2025-09-08 01:01:12,70,Delivered,1471.74
8285,339,116,177,2026-03-16 16:31:48,62,Delivered,472.17
8286,661,125,203,2025-02-14 11:30:37,63,Delivered,1480.62
8287,341,30,41,2026-06-22 12:18:05,55,Delivered,782.69
8288,962,44,40,2026-03-28 06:46:22,15,Delivered,1596.67
8289,211,72,198,2024-11-27 15:39:26,41,Delivered,1266.4
8290,820,34,151,2025-03-05 03:40:45,51,Delivered,787.96
8291,215,133,15,2026-05-19 03:21:29,43,Delivered,1268.33
8292,966,97,12,2025-01-09 15:16:48,61,Delivered,1127.83
8293,668,52,155,2026-01-25 22:58:16,53,Delivered,272.49
8294,974,99,169,2026-03-02 02:19:50,69,Delivered,1005.85
8295,156,37,19,2026-01-19 18:14:53,39,Delivered,1110.65
8296,749,97,4,2024-10-24 10:47:40,34,Delivered,949.83
8297,383,127,204,2025-11-22 15:12:57,66,Delivered,244.43
8298,432,49,163,2025-09-20 02:10:55,15,Delivered,1137.52
8299,667,107,234,2026-06-01 11:23:28,26,Delivered,207.03
8300,596,99,158,2025-01-17 14:21:20,34,Delivered,503.52
8301,173,141,136,2025-10-20 22:07:35,49,Delivered,1263.93
8302,843,1,174,2024-11-12 10:31:32,50,Cancelled,1403.5
8303,532,99,196,2025-03-10 04:38:41,16,Delivered,301.41
8304,918,1,118,2025-09-22 21:57:24,21,Delivered,1378.51
8305,937,53,181,2026-05-24 09:05:27,40,Delivered,1436.93
8306,424,131,8,2025-03-13 12:21:54,47,Delivered,1769.57
8307,679,130,74,2025-08-24 01:22:53,31,Delivered,598.79
8308,822,125,35,2024-09-18 07:04:49,64,Delivered,477.37
8309,442,127,127,2025-01-16 05:54:21,69,Delivered,1575.58
8310,801,58,199,2024-08-16 09:11:03,19,Delivered,275.27
8311,945,130,15,2024-08-06 00:01:13,66,Delivered,995.59
8312,305,62,12,2025-03-20 04:32:50,64,Delivered,923.81
8313,992,125,85,2026-07-08 02:44:40,64,Delivered,1331.35
8314,268,46,31,2024-10-20 06:42:12,50,Delivered,1402.75
8315,34,17,208,2026-02-22 17:50:44,48,Delivered,929.66
8316,474,43,154,2025-06-24 05:42:39,20,Delivered,1292.63
8317,234,27,32,2025-11-07 15:08:38,25,Preparing,738.73
8318,709,113,80,2026-04-18 17:15:23,39,Delivered,244.48
8319,703,55,28,2026-04-18 19:30:20,23,Delivered,1020.91
8320,459,5,79,2024-09-25 00:03:50,26,Delivered,1583.29
8321,506,81,135,2026-04-22 08:28:13,49,Delivered,1590.26
8322,546,82,157,2024-08-10 01:54:47,66,Delivered,833.93
8323,25,67,30,2025-03-31 19:30:57,39,Delivered,1578.06
8324,172,102,23,2026-05-26 14:37:57,50,Cancelled,319.82
8325,589,89,58,2025-01-22 15:33:26,21,Preparing,180.69
8326,921,18,118,2024-09-03 10:53:13,53,Delivered,448.44
8327,332,17,58,2024-11-20 12:31:04,40,Cancelled,430.33
8328,200,140,167,2024-10-15 11:04:21,16,Delivered,1243.13
8329,978,9,46,2025-05-11 03:09:13,16,Cancelled,1226.91
8330,574,24,214,2026-07-07 02:49:56,53,Delivered,273.34
8331,938,71,100,2024-09-22 10:03:46,54,Delivered,1577.76
8332,242,104,10,2025-05-17 22:22:41,44,Delivered,1625.9
8333,161,10,162,2025-08-02 23:51:52,62,Delivered,230.13
8334,731,147,245,2026-02-08 01:36:59,50,Delivered,1364.1
8335,918,53,177,2025-05-08 08:33:24,58,Cancelled,728.87
8336,247,53,93,2026-03-14 05:00:23,16,Delivered,813.71
8337,192,108,34,2026-04-17 07:12:51,35,Preparing,208.85
8338,864,148,70,2026-02-03 21:10:23,39,Preparing,950.83
8339,37,93,171,2025-09-29 07:11:32,19,Delivered,1713.56
8340,103,53,57,2025-05-26 12:52:57,57,Delivered,1126.28
8341,454,52,15,2026-01-22 10:31:07,70,Cancelled,1117.71
8342,960,39,76,2025-03-11 22:27:43,15,Delivered,304.05
8343,863,52,87,2025-06-08 01:50:58,51,Delivered,842.35
8344,346,62,61,2026-02-02 19:13:39,51,Delivered,1462.34
8345,231,133,245,2026-04-06 22:15:44,38,Delivered,481.01
8346,620,26,151,2025-02-04 09:55:32,35,Cancelled,182.06
8347,12,8,204,2025-01-24 13:19:34,50,Delivered,796.55
8348,699,97,125,2025-12-29 17:13:30,38,Delivered,1327.06
8349,441,133,62,2026-06-03 01:17:49,56,Delivered,795.69
8350,6,5,58,2026-07-25 20:34:35,51,Delivered,1194.66
8351,380,93,131,2025-11-18 07:58:28,60,Delivered,1335.62
8352,298,100,221,2026-05-29 23:43:28,62,Delivered,416.21
8353,101,129,28,2025-04-11 09:04:34,63,Delivered,1136.38
8354,144,55,44,2025-01-25 18:51:25,15,Delivered,1762.94
8355,108,134,141,2025-03-26 17:42:06,53,Delivered,1377.81
8356,864,29,219,2025-09-29 05:20:56,46,Delivered,203.37
8357,993,88,31,2024-10-07 12:34:50,62,Delivered,416.5
8358,835,119,122,2024-10-09 15:58:41,55,Delivered,184.48
8359,411,25,227,2024-07-31 12:03:54,40,Delivered,1242.1
8360,690,132,161,2025-04-08 03:50:28,33,Preparing,1360.06
8361,691,111,89,2024-08-11 07:50:44,42,Delivered,1376.73
8362,652,143,213,2026-04-27 02:53:24,63,Delivered,1444.56
8363,169,3,37,2024-10-29 02:22:07,15,Delivered,1750.23
8364,570,125,21,2026-06-12 22:34:24,16,Delivered,782.7
8365,690,87,59,2026-03-12 04:36:08,33,Delivered,1390.93
8366,91,65,75,2025-02-28 13:05:54,65,Delivered,1740.31
8367,882,121,30,2026-07-07 12:00:14,58,Preparing,1693.75
8368,961,76,87,2025-08-20 09:23:19,28,Delivered,639.38
8369,595,95,91,2025-06-20 18:17:09,15,Preparing,1735.55
8370,51,38,161,2025-02-15 16:23:10,54,Cancelled,1767.1
8371,737,150,90,2026-03-18 03:16:15,34,Delivered,1756.91
8372,435,66,35,2024-11-26 19:39:42,66,Delivered,379.35
8373,261,53,106,2025-08-14 02:40:28,55,Delivered,1723.99
8374,625,7,145,2025-08-25 17:55:43,48,Preparing,580.77
8375,59,134,30,2026-04-27 04:20:05,31,Delivered,1247.27
8376,453,11,39,2026-04-17 22:54:41,68,Delivered,159.95
8377,303,29,126,2025-10-26 14:35:25,18,Delivered,171.04
8378,178,93,44,2026-04-01 12:42:22,36,Delivered,1661.0
8379,677,21,49,2025-06-23 18:31:27,31,Delivered,892.68
8380,191,48,140,2026-05-24 13:37:33,16,Preparing,721.61
8381,949,18,126,2024-11-01 00:58:52,38,Delivered,202.11
8382,398,64,115,2025-04-03 15:49:36,54,Delivered,1422.74
8383,275,142,43,2025-07-31 00:47:38,50,Delivered,460.08
8384,210,55,194,2025-02-05 17:52:28,69,Delivered,820.07
8385,646,27,7,2025-09-30 16:00:05,63,Preparing,1409.36
8386,975,140,42,2025-04-16 18:55:00,66,Delivered,1225.34
8387,1000,91,112,2025-04-04 08:29:53,21,Delivered,250.5
8388,861,98,73,2026-02-27 07:15:59,39,Delivered,824.51
8389,966,123,97,2026-03-15 04:38:17,31,Delivered,1497.38
8390,392,44,85,2026-07-09 07:04:03,18,Delivered,1670.8
8391,60,20,167,2026-05-31 07:53:32,70,Preparing,1705.35
8392,254,147,149,2024-10-23 09:49:52,51,Delivered,923.04
8393,16,149,149,2024-11-12 07:57:23,25,Delivered,347.68
8394,148,134,89,2025-09-26 03:51:55,55,Delivered,1523.93
8395,257,62,136,2026-03-19 11:21:10,58,Cancelled,681.85
8396,342,37,3,2024-09-26 08:58:49,30,Delivered,1677.07
8397,890,139,195,2026-07-02 15:28:27,41,Delivered,1081.29
8398,550,32,221,2025-07-12 20:14:26,68,Delivered,1559.74
8399,37,90,48,2026-07-04 00:33:14,48,Cancelled,1485.38
8400,790,11,218,2025-08-15 17:44:02,70,Delivered,174.94
8401,444,126,57,2025-04-11 00:08:45,15,Delivered,1043.09
8402,832,14,59,2026-04-17 00:27:08,50,Preparing,627.69
8403,108,111,164,2024-10-13 13:20:13,45,Delivered,813.05
8404,146,17,149,2024-11-10 03:12:50,70,Delivered,1361.85
8405,337,4,217,2025-01-26 23:31:16,46,Cancelled,1104.76
8406,36,91,125,2025-11-01 02:20:19,33,Preparing,1403.2
8407,357,72,7,2025-05-14 02:16:17,69,Delivered,1707.1
8408,120,80,64,2026-03-15 07:35:33,47,Delivered,866.08
8409,213,142,165,2025-10-09 04:38:26,34,Delivered,1423.32
8410,948,82,191,2025-08-19 16:16:08,66,Delivered,967.31
8411,623,81,154,2025-08-26 14:54:22,44,Delivered,1079.27
8412,185,105,59,2024-10-13 12:59:53,25,Delivered,510.43
8413,987,68,243,2025-04-20 05:03:10,29,Delivered,220.77
8414,693,21,147,2025-05-06 10:55:33,57,Preparing,688.67
8415,416,83,175,2025-02-15 16:46:17,66,Preparing,1674.47
8416,272,17,176,2024-11-26 06:32:43,29,Delivered,184.74
8417,460,102,133,2025-05-17 09:46:05,56,Cancelled,398.02
8418,592,130,114,2026-05-23 10:46:02,39,Delivered,1053.06
8419,657,111,9,2026-07-28 07:40:20,37,Delivered,1184.99
8420,598,27,121,2025-12-07 18:31:04,65,Delivered,1273.17
8421,191,61,110,2024-09-02 11:50:28,62,Delivered,563.08
8422,678,56,119,2026-03-13 06:12:00,30,Delivered,261.18
8423,994,20,135,2026-01-01 14:11:53,31,Delivered,273.87
8424,353,124,184,2026-04-20 20:08:01,22,Delivered,1386.86
8425,147,106,32,2025-11-05 23:27:17,19,Delivered,1798.03
8426,473,98,237,2025-07-22 19:13:00,25,Delivered,488.2
8427,473,138,124,2024-11-30 22:36:40,65,Delivered,1359.43
8428,320,31,72,2025-01-21 10:39:20,67,Preparing,1687.37
8429,813,107,223,2026-02-19 10:50:23,34,Delivered,1696.45
8430,199,17,167,2025-05-22 19:43:58,21,Delivered,994.56
8431,335,46,104,2024-08-12 17:07:00,40,Delivered,1201.2
8432,20,4,140,2024-11-25 07:07:41,70,Delivered,1615.22
8433,275,58,141,2025-03-15 16:34:37,27,Delivered,642.05
8434,684,94,122,2026-04-01 03:56:34,47,Delivered,1618.62
8435,415,96,231,2025-03-13 10:11:59,42,Delivered,1023.7
8436,49,68,230,2025-07-02 00:58:07,19,Delivered,1174.35
8437,770,34,73,2026-03-10 02:43:26,33,Preparing,1480.61
8438,190,143,135,2026-02-22 09:33:39,65,Delivered,258.24
8439,211,68,178,2026-05-14 12:16:41,39,Delivered,1699.92
8440,559,118,56,2025-05-12 07:18:59,63,Delivered,1526.92
8441,81,68,145,2026-03-20 11:05:31,27,Delivered,1001.86
8442,195,116,234,2025-03-03 16:31:38,23,Delivered,1122.63
8443,207,134,191,2025-06-22 12:02:58,15,Delivered,161.15
8444,235,1,199,2026-03-21 14:21:00,56,Delivered,1368.42
8445,284,146,29,2025-07-23 08:34:03,56,Delivered,622.28
8446,423,66,149,2025-07-28 00:11:20,26,Delivered,476.02
8447,708,105,143,2024-11-15 20:24:53,66,Delivered,1598.35
8448,949,122,167,2024-08-26 13:15:45,23,Cancelled,416.25
8449,500,143,27,2025-05-03 05:03:03,50,Delivered,719.84
8450,213,149,48,2024-09-17 06:50:10,38,Delivered,1032.63
8451,35,45,23,2025-07-07 00:29:00,27,Delivered,254.71
8452,53,62,63,2024-10-16 02:12:08,47,Delivered,1657.88
8453,485,134,117,2024-08-19 06:44:32,40,Delivered,992.99
8454,318,4,121,2025-07-21 21:27:29,25,Delivered,1290.02
8455,257,136,131,2025-01-03 04:25:28,19,Delivered,1296.48
8456,255,23,107,2024-09-14 13:22:22,45,Delivered,436.5
8457,523,63,114,2026-05-02 08:14:50,54,Delivered,1142.87
8458,554,85,232,2025-08-21 10:57:08,55,Delivered,1703.92
8459,60,143,229,2025-07-24 08:13:44,24,Preparing,1458.1
8460,807,115,166,2024-11-01 05:08:55,48,Delivered,852.4
8461,357,64,152,2025-05-05 23:14:30,35,Delivered,1427.09
8462,605,133,187,2025-05-23 12:54:51,24,Delivered,1744.72
8463,179,11,113,2026-04-15 17:18:06,25,Delivered,1493.46
8464,425,26,221,2025-02-18 18:54:36,58,Delivered,862.49
8465,911,41,60,2026-03-07 06:07:47,18,Delivered,791.52
8466,566,8,17,2025-12-17 18:00:04,58,Delivered,786.43
8467,39,22,71,2025-08-06 10:07:55,60,Preparing,1550.46
8468,575,1,66,2025-09-14 22:29:51,33,Delivered,1786.61
8469,909,41,10,2025-12-09 02:41:02,50,Delivered,842.72
8470,292,141,115,2026-03-05 15:43:28,34,Delivered,814.45
8471,220,115,140,2025-01-23 14:48:10,56,Preparing,852.45
8472,72,123,238,2025-08-06 18:53:42,29,Delivered,364.39
8473,463,118,249,2025-12-27 06:11:08,41,Delivered,836.42
8474,777,49,157,2026-02-10 08:53:13,56,Delivered,1207.03
8475,723,62,105,2024-09-14 14:24:13,50,Delivered,1110.51
8476,437,93,198,2025-01-13 05:37:18,45,Delivered,1301.76
8477,608,141,65,2024-10-12 22:50:07,56,Delivered,1614.72
8478,415,63,173,2025-08-11 01:49:27,30,Delivered,1526.6
8479,381,107,200,2025-04-02 02:24:40,20,Preparing,986.88
8480,363,57,88,2025-03-24 10:28:31,45,Delivered,1328.88
8481,911,135,93,2025-01-22 08:48:16,51,Delivered,1155.48
8482,988,87,130,2025-09-13 18:51:52,29,Delivered,1033.94
8483,698,132,234,2024-08-10 10:46:35,59,Delivered,631.2
8484,555,145,232,2026-03-24 01:07:06,25,Delivered,1172.12
8485,387,10,73,2024-12-20 07:27:22,23,Delivered,685.25
8486,187,90,214,2026-06-19 07:29:06,69,Delivered,1206.71
8487,160,31,123,2025-07-07 14:36:18,66,Delivered,1169.45
8488,809,143,140,2025-03-16 08:48:52,19,Preparing,1402.39
8489,741,1,247,2026-04-28 00:22:31,29,Delivered,828.21
8490,783,42,151,2024-09-23 16:24:20,33,Delivered,1526.16
8491,521,8,78,2026-05-12 22:15:53,28,Delivered,298.54
8492,161,112,157,2025-03-20 09:53:06,67,Delivered,165.85
8493,749,97,82,2025-08-23 22:52:37,35,Cancelled,175.05
8494,424,27,158,2026-05-17 16:42:50,67,Delivered,1664.6
8495,4,127,218,2025-04-06 23:14:42,61,Delivered,491.51
8496,810,53,174,2026-01-28 04:18:52,20,Delivered,1177.1
8497,34,43,174,2025-07-20 14:15:21,45,Delivered,1120.29
8498,186,92,231,2026-01-01 19:16:30,17,Delivered,1701.78
8499,383,115,94,2024-12-16 16:52:35,38,Delivered,647.11
8500,388,55,163,2025-05-22 19:10:42,24,Delivered,1754.7
8501,702,127,172,2024-09-05 18:03:43,62,Delivered,1443.96
8502,404,16,224,2024-12-01 21:22:53,36,Preparing,940.09
8503,536,73,30,2025-10-09 01:34:11,18,Delivered,160.94
8504,30,111,238,2024-12-10 05:58:29,39,Delivered,823.23
8505,998,18,169,2025-04-13 04:37:16,36,Delivered,280.82
8506,388,104,6,2025-02-15 16:04:42,66,Delivered,633.92
8507,711,96,97,2026-03-19 14:08:16,53,Delivered,1123.29
8508,523,22,76,2026-03-04 22:59:25,28,Delivered,1289.28
8509,900,100,222,2025-05-31 10:10:58,54,Preparing,691.43
8510,341,93,68,2026-01-12 07:32:03,40,Delivered,784.43
8511,196,69,199,2025-09-12 05:36:03,26,Delivered,764.99
8512,242,135,140,2025-06-06 22:45:33,25,Delivered,661.99
8513,722,112,151,2024-11-20 15:08:10,40,Delivered,232.8
8514,722,30,132,2026-06-23 01:37:42,44,Delivered,1003.92
8515,38,74,28,2025-07-14 06:19:11,33,Delivered,468.39
8516,229,79,135,2024-12-20 11:38:01,43,Delivered,323.74
8517,822,100,31,2025-10-03 03:29:10,51,Cancelled,1579.86
8518,628,15,222,2025-09-03 00:05:15,25,Delivered,1374.98
8519,622,54,226,2026-05-07 18:39:04,16,Delivered,1284.95
8520,302,56,242,2025-03-19 06:43:46,19,Delivered,289.86
8521,203,71,218,2024-09-02 13:18:36,60,Delivered,1521.81
8522,622,8,236,2025-07-12 13:48:18,17,Delivered,715.35
8523,397,143,125,2025-06-17 15:52:33,23,Preparing,244.71
8524,657,54,241,2025-06-26 23:24:37,41,Delivered,1574.81
8525,999,51,114,2025-02-08 18:23:06,59,Delivered,1273.67
8526,112,14,73,2024-11-11 18:44:24,21,Delivered,951.38
8527,495,98,125,2024-08-06 01:15:49,53,Delivered,1107.02
8528,710,52,191,2025-07-09 22:53:04,23,Delivered,368.79
8529,892,99,123,2025-12-18 00:47:08,28,Delivered,1122.43
8530,483,81,85,2026-06-22 04:28:17,64,Delivered,1769.98
8531,829,34,8,2025-05-18 01:55:09,68,Delivered,701.9
8532,687,7,237,2026-01-10 17:09:37,25,Delivered,1180.56
8533,705,72,231,2025-01-05 17:56:42,34,Delivered,1677.51
8534,542,36,97,2024-11-17 18:27:59,68,Delivered,816.08
8535,286,31,61,2025-08-04 12:28:08,58,Delivered,953.39
8536,785,140,134,2024-09-19 13:38:26,42,Delivered,1147.15
8537,598,101,155,2026-05-27 18:52:36,70,Delivered,1413.92
8538,531,109,60,2026-05-08 11:58:32,51,Preparing,1778.39
8539,305,32,139,2026-01-28 17:54:14,59,Delivered,1113.74
8540,764,74,157,2025-01-05 11:28:22,18,Delivered,1453.42
8541,267,120,72,2025-04-17 19:05:58,26,Delivered,897.01
8542,371,77,70,2025-01-06 19:30:35,36,Delivered,942.7
8543,422,17,16,2026-02-13 10:52:30,53,Delivered,909.11
8544,665,42,141,2025-09-28 02:07:05,45,Delivered,240.44
8545,326,24,224,2026-07-14 07:21:21,54,Delivered,354.45
8546,259,98,205,2025-06-05 10:35:48,15,Delivered,1051.13
8547,573,8,59,2025-08-02 16:43:17,35,Delivered,1716.91
8548,624,30,174,2025-06-18 09:34:33,16,Delivered,1217.1
8549,548,127,123,2026-01-17 06:25:01,44,Delivered,1337.31
8550,367,8,28,2024-11-13 12:48:09,27,Delivered,1259.37
8551,221,45,83,2025-05-03 05:38:16,40,Preparing,895.55
8552,627,123,178,2025-11-10 00:05:38,64,Delivered,1266.23
8553,404,63,24,2024-11-03 10:47:07,63,Preparing,1433.22
8554,69,133,104,2025-01-14 07:15:18,26,Delivered,1356.35
8555,753,136,106,2026-06-22 18:25:27,19,Delivered,533.51
8556,232,144,101,2025-09-12 23:03:31,28,Delivered,346.98
8557,11,51,37,2025-06-29 00:22:25,62,Delivered,364.21
8558,702,133,108,2026-02-09 21:14:41,34,Delivered,567.23
8559,407,94,208,2025-08-24 11:49:46,67,Delivered,952.74
8560,32,81,58,2026-05-09 07:44:58,40,Delivered,1740.24
8561,823,64,210,2025-08-02 03:35:18,31,Preparing,1222.24
8562,295,27,34,2025-11-12 19:56:15,21,Delivered,777.48
8563,50,139,167,2024-09-07 13:04:49,17,Delivered,1306.04
8564,885,136,158,2025-06-09 18:03:38,30,Cancelled,1664.52
8565,168,137,3,2026-06-24 22:42:04,16,Delivered,1122.21
8566,843,5,91,2026-01-01 21:11:41,30,Cancelled,680.22
8567,296,91,103,2026-01-19 04:09:51,48,Delivered,840.96
8568,41,10,238,2024-08-21 12:40:23,20,Delivered,1596.32
8569,193,23,202,2026-04-09 08:51:19,35,Delivered,645.77
8570,973,70,229,2025-02-18 12:47:31,22,Preparing,1201.49
8571,335,132,177,2025-09-03 15:20:14,32,Delivered,389.9
8572,434,133,107,2026-07-12 12:01:39,69,Delivered,1487.81
8573,492,115,209,2026-07-26 04:11:22,61,Preparing,1091.52
8574,871,51,206,2025-09-08 12:50:06,30,Delivered,1517.79
8575,447,80,232,2025-05-30 14:44:30,24,Delivered,1059.83
8576,263,83,115,2025-10-31 08:33:47,40,Preparing,288.56
8577,890,45,227,2026-01-07 18:53:51,51,Delivered,1657.99
8578,790,94,14,2025-01-26 15:03:11,61,Delivered,257.79
8579,219,20,137,2024-12-13 01:12:23,34,Delivered,1223.5
8580,900,125,228,2024-09-11 18:02:41,30,Delivered,1203.43
8581,378,36,55,2026-01-19 01:09:52,31,Delivered,856.24
8582,718,93,73,2025-04-14 23:05:17,42,Delivered,360.33
8583,675,16,57,2026-03-27 00:59:18,63,Delivered,612.74
8584,422,117,173,2025-05-12 20:27:03,26,Delivered,649.48
8585,54,20,224,2026-03-24 21:42:00,53,Preparing,1393.56
8586,633,45,181,2025-01-27 20:09:14,47,Cancelled,338.96
8587,308,54,212,2025-02-15 18:50:20,36,Preparing,710.42
8588,835,68,212,2024-08-02 17:52:02,26,Delivered,1329.89
8589,839,111,33,2025-04-24 11:20:14,68,Preparing,1252.78
8590,433,1,128,2026-04-02 06:45:56,59,Preparing,289.69
8591,777,64,201,2024-08-17 19:00:16,47,Delivered,1324.15
8592,815,86,217,2026-01-13 21:48:16,19,Delivered,1411.75
8593,794,12,119,2025-09-09 16:59:51,58,Delivered,295.55
8594,891,82,5,2026-05-08 00:57:34,38,Delivered,1033.87
8595,992,36,172,2025-11-10 04:36:23,31,Delivered,720.52
8596,957,81,197,2026-03-20 16:42:09,32,Delivered,729.68
8597,135,16,103,2024-11-18 12:36:44,54,Delivered,1185.1
8598,442,28,25,2025-08-01 10:28:25,54,Preparing,1341.33
8599,790,117,56,2024-12-31 10:04:20,55,Delivered,691.52
8600,810,1,60,2025-10-20 18:49:50,22,Delivered,600.24
8601,317,59,248,2025-06-18 19:50:56,63,Delivered,562.93
8602,914,33,141,2026-02-25 13:12:22,16,Delivered,569.39
8603,18,16,150,2024-10-02 03:49:14,25,Delivered,1356.72
8604,216,28,148,2026-07-01 20:19:23,37,Preparing,228.92
8605,484,144,128,2025-04-09 08:10:50,30,Delivered,1555.75
8606,701,49,149,2025-11-04 03:08:57,16,Delivered,545.83
8607,279,54,243,2026-05-23 04:39:44,26,Delivered,412.45
8608,398,37,7,2025-07-13 02:25:41,36,Delivered,1418.8
8609,377,89,241,2025-06-27 07:51:52,61,Preparing,1501.28
8610,910,130,78,2025-02-13 23:17:42,53,Delivered,784.53
8611,354,114,140,2026-03-24 04:45:10,59,Delivered,1773.94
8612,235,63,155,2024-08-04 22:12:52,52,Delivered,492.41
8613,31,149,175,2025-03-30 03:57:18,37,Delivered,1040.17
8614,521,91,196,2024-12-25 01:54:28,43,Delivered,1025.75
8615,192,136,241,2026-01-09 15:24:47,69,Delivered,1546.7
8616,349,124,47,2025-12-20 18:40:56,61,Cancelled,991.07
8617,619,115,133,2026-02-22 04:21:27,27,Delivered,1559.0
8618,575,144,111,2025-04-04 21:52:18,67,Delivered,1211.67
8619,878,134,75,2025-06-13 16:19:42,40,Delivered,1197.81
8620,749,5,214,2025-07-13 18:27:22,43,Delivered,713.43
8621,430,41,172,2024-09-11 22:29:35,35,Delivered,772.36
8622,479,1,230,2026-02-21 07:27:20,28,Preparing,888.39
8623,962,137,207,2025-07-31 23:44:51,55,Delivered,738.52
8624,463,85,14,2025-08-21 13:46:26,65,Delivered,1586.63
8625,681,34,9,2025-11-03 12:11:26,46,Delivered,1769.49
8626,929,33,12,2026-06-14 00:08:19,31,Delivered,1625.46
8627,934,13,227,2025-07-23 23:25:57,44,Preparing,493.46
8628,22,103,212,2025-08-21 06:41:13,31,Preparing,564.8
8629,507,49,158,2026-02-01 01:33:38,25,Delivered,641.49
8630,814,66,212,2025-04-18 08:57:42,64,Delivered,1275.41
8631,242,26,147,2025-04-22 11:02:00,45,Delivered,1043.34
8632,640,1,31,2025-02-11 21:18:42,19,Delivered,1399.53
8633,776,102,126,2024-11-29 09:29:50,26,Delivered,1751.16
8634,74,102,159,2025-07-02 23:23:06,66,Delivered,1680.89
8635,915,111,22,2026-05-20 16:42:39,55,Delivered,797.31
8636,679,108,71,2024-09-26 20:26:02,45,Delivered,198.16
8637,712,147,57,2025-10-27 18:20:32,37,Delivered,713.72
8638,376,35,180,2026-01-27 05:40:53,60,Delivered,559.14
8639,977,50,3,2026-05-30 02:34:53,56,Delivered,1365.24
8640,82,135,57,2024-08-19 12:25:25,26,Delivered,411.26
8641,583,12,16,2025-02-01 10:34:01,68,Preparing,637.09
8642,827,99,225,2026-05-05 15:43:28,39,Delivered,591.86
8643,973,10,141,2026-03-27 21:11:58,39,Delivered,639.66
8644,570,61,25,2025-09-11 08:56:08,40,Delivered,500.23
8645,872,77,98,2025-02-15 18:09:46,68,Delivered,1776.06
8646,486,30,10,2024-11-20 08:50:08,39,Delivered,799.2
8647,441,117,246,2026-05-16 10:55:34,56,Delivered,1648.01
8648,542,137,227,2024-12-16 14:15:45,54,Delivered,571.8
8649,557,31,11,2025-08-03 10:46:58,18,Delivered,1480.43
8650,27,129,170,2025-01-08 05:17:21,31,Delivered,1486.42
8651,852,137,185,2026-05-28 06:55:49,17,Delivered,1231.25
8652,468,16,189,2025-06-06 15:34:26,37,Delivered,597.85
8653,654,110,190,2026-03-03 06:41:41,36,Delivered,761.1
8654,775,94,116,2026-05-10 09:48:20,52,Delivered,521.7
8655,750,58,103,2024-11-07 05:20:13,55,Delivered,1351.58
8656,649,72,197,2025-07-17 19:34:27,46,Preparing,1762.32
8657,854,6,210,2026-02-15 00:24:40,52,Delivered,1331.61
8658,598,56,191,2025-01-05 06:09:24,67,Preparing,1023.27
8659,553,103,81,2024-12-16 01:51:38,25,Delivered,220.92
8660,5,74,81,2024-09-13 09:13:39,68,Delivered,586.53
8661,218,7,68,2026-01-28 13:25:30,54,Delivered,437.26
8662,807,119,218,2024-12-12 19:35:31,17,Delivered,403.96
8663,976,120,90,2024-12-12 07:59:14,36,Delivered,722.91
8664,832,112,207,2025-12-10 20:34:56,33,Delivered,297.44
8665,435,54,136,2024-11-20 10:00:00,23,Delivered,321.76
8666,875,37,210,2025-08-07 13:22:00,55,Delivered,467.56
8667,829,90,130,2024-10-17 06:56:38,25,Delivered,1472.49
8668,180,100,245,2024-10-19 17:16:48,29,Delivered,1578.2
8669,558,14,201,2026-03-12 14:20:44,62,Preparing,1063.09
8670,997,4,138,2024-09-25 07:50:15,59,Delivered,858.24
8671,712,21,28,2026-05-09 08:08:29,25,Delivered,978.49
8672,310,78,180,2025-07-25 01:48:46,29,Delivered,1769.6
8673,698,119,237,2026-05-04 20:18:50,45,Delivered,314.87
8674,456,28,180,2025-05-13 05:18:48,40,Delivered,151.31
8675,544,25,247,2025-12-16 21:41:03,69,Delivered,898.9
8676,426,110,250,2026-06-18 00:32:22,29,Preparing,362.35
8677,342,39,239,2025-08-13 17:34:24,41,Delivered,1516.4
8678,463,30,19,2025-06-24 21:22:09,15,Delivered,160.84
8679,405,137,106,2025-11-12 08:06:56,48,Delivered,602.25
8680,756,79,26,2024-10-30 19:23:18,33,Delivered,538.13
8681,896,80,110,2025-08-15 01:42:43,50,Delivered,465.86
8682,478,75,48,2024-10-19 20:50:33,36,Delivered,907.95
8683,948,98,138,2025-06-22 13:35:41,52,Delivered,1206.13
8684,504,124,208,2024-12-03 17:49:22,63,Delivered,1518.89
8685,383,23,100,2024-09-11 11:55:35,55,Preparing,206.11
8686,743,42,250,2026-03-26 11:18:01,57,Delivered,1233.37
8687,758,8,26,2025-03-14 19:55:34,31,Delivered,178.0
8688,630,91,183,2024-11-28 11:40:33,56,Preparing,1270.16
8689,816,20,90,2025-11-20 03:17:22,56,Preparing,311.03
8690,625,98,187,2026-06-14 22:36:05,57,Delivered,517.13
8691,229,15,167,2025-09-23 23:25:16,34,Delivered,960.66
8692,345,108,20,2025-05-13 23:09:24,59,Delivered,1203.74
8693,658,89,176,2024-10-25 15:00:50,58,Delivered,529.4
8694,824,130,199,2025-03-10 11:56:49,33,Delivered,357.41
8695,775,149,175,2025-02-22 09:13:38,64,Delivered,455.55
8696,753,131,23,2026-05-10 07:07:41,35,Delivered,1353.16
8697,408,14,170,2025-10-01 04:38:02,68,Delivered,468.47
8698,994,148,137,2025-06-07 23:23:49,18,Delivered,288.35
8699,535,56,68,2025-10-20 07:54:23,27,Delivered,1086.25
8700,418,64,83,2025-10-01 22:44:57,42,Delivered,1292.43
8701,956,134,128,2025-01-25 19:09:46,43,Delivered,1666.58
8702,990,64,73,2024-08-23 05:10:10,46,Delivered,1638.48
8703,267,25,181,2025-05-16 04:14:49,42,Delivered,388.01
8704,820,138,126,2024-12-12 13:12:39,62,Delivered,183.97
8705,417,74,128,2026-07-29 04:20:23,34,Delivered,1206.46
8706,144,101,136,2024-10-17 12:07:28,30,Delivered,1012.11
8707,25,45,150,2026-05-09 01:13:37,69,Delivered,844.03
8708,173,144,182,2025-06-24 00:57:16,52,Delivered,665.08
8709,272,135,203,2025-10-21 11:07:46,24,Delivered,872.83
8710,928,53,58,2024-08-04 04:06:54,21,Cancelled,458.96
8711,534,25,34,2025-01-06 02:26:38,57,Delivered,1538.28
8712,934,120,101,2025-10-26 01:39:34,40,Delivered,161.58
8713,817,27,160,2026-05-25 07:25:53,43,Preparing,1374.77
8714,268,120,109,2026-04-16 11:14:48,36,Delivered,1552.14
8715,133,78,103,2024-12-15 05:31:10,69,Delivered,1001.47
8716,340,30,106,2024-12-21 10:49:22,52,Delivered,936.5
8717,74,119,27,2024-08-21 01:05:10,30,Delivered,1234.13
8718,645,142,77,2026-06-26 22:34:15,35,Delivered,899.56
8719,729,84,2,2024-12-16 00:22:40,55,Delivered,1479.2
8720,451,67,175,2026-03-01 04:19:46,36,Delivered,1725.75
8721,497,107,108,2025-06-15 00:17:39,34,Delivered,1004.13
8722,118,58,140,2025-10-13 17:43:25,57,Delivered,445.02
8723,447,12,127,2026-04-07 08:03:31,49,Delivered,474.24
8724,622,74,139,2025-09-28 22:41:00,26,Delivered,1591.59
8725,131,66,93,2024-08-08 20:54:19,23,Delivered,1723.23
8726,776,139,138,2024-10-11 08:40:17,22,Delivered,175.52
8727,194,94,207,2026-06-20 17:20:27,30,Delivered,953.88
8728,717,91,80,2025-02-20 18:45:20,41,Delivered,582.38
8729,106,149,168,2024-12-19 06:42:24,21,Delivered,314.7
8730,690,119,222,2026-01-07 03:42:04,29,Delivered,1239.75
8731,909,21,162,2025-06-02 19:50:55,25,Delivered,985.63
8732,668,61,241,2025-02-22 17:17:40,66,Delivered,563.16
8733,574,3,173,2025-08-17 21:29:21,21,Delivered,933.46
8734,139,114,126,2026-05-03 19:56:56,59,Delivered,680.79
8735,663,129,87,2024-09-27 04:57:59,27,Delivered,1142.6
8736,854,25,175,2024-09-14 02:15:38,43,Delivered,954.3
8737,932,65,4,2025-06-22 01:49:21,48,Delivered,467.29
8738,813,138,153,2025-09-26 10:32:56,61,Delivered,1084.19
8739,46,104,67,2024-08-17 16:39:16,67,Delivered,1169.24
8740,399,84,143,2026-06-03 12:46:20,62,Delivered,405.01
8741,579,63,119,2024-09-22 13:30:15,41,Delivered,359.13
8742,426,82,143,2025-07-14 00:53:22,43,Preparing,1015.72
8743,952,44,61,2025-07-24 21:25:26,50,Cancelled,678.41
8744,183,106,12,2026-06-15 07:52:11,15,Delivered,752.34
8745,557,7,172,2026-06-18 01:30:27,70,Delivered,1017.37
8746,565,131,4,2026-03-10 23:07:59,15,Delivered,150.08
8747,341,50,117,2024-08-13 01:48:14,49,Delivered,1753.92
8748,887,135,189,2026-07-14 21:13:50,45,Delivered,1446.86
8749,672,40,14,2025-01-12 20:45:35,63,Preparing,166.63
8750,73,16,220,2026-04-16 06:37:13,49,Delivered,1409.93
8751,585,44,241,2024-09-29 12:00:45,25,Delivered,1317.55
8752,479,97,242,2025-06-04 19:13:28,56,Delivered,336.2
8753,276,18,90,2026-07-16 15:21:19,69,Preparing,261.81
8754,593,144,16,2024-12-26 18:17:12,43,Delivered,1434.69
8755,917,33,117,2025-07-10 05:00:40,61,Delivered,1244.2
8756,852,79,218,2026-06-18 02:09:22,67,Preparing,1242.64
8757,419,56,86,2026-03-25 18:25:18,49,Delivered,542.22
8758,598,43,181,2024-08-28 14:50:00,39,Delivered,1111.33
8759,918,139,125,2026-06-18 22:15:26,56,Delivered,1166.01
8760,360,23,14,2025-04-21 00:56:48,54,Delivered,1426.88
8761,236,62,93,2026-01-12 07:31:43,38,Delivered,981.85
8762,467,39,229,2024-08-06 10:29:09,47,Delivered,583.2
8763,671,56,166,2024-08-23 14:47:31,48,Delivered,310.79
8764,446,21,170,2025-03-12 05:59:11,53,Delivered,679.95
8765,933,143,125,2025-10-25 03:04:24,38,Delivered,1302.03
8766,154,105,23,2024-12-30 01:49:03,32,Delivered,1142.39
8767,777,15,203,2025-01-07 03:34:37,58,Cancelled,1692.74
8768,305,17,110,2024-12-19 13:30:34,44,Delivered,1184.91
8769,161,11,48,2025-06-15 01:24:56,44,Delivered,1662.13
8770,630,25,71,2026-05-08 17:29:29,36,Cancelled,1671.53
8771,83,19,144,2025-07-20 10:53:12,54,Preparing,930.79
8772,166,132,72,2024-12-18 14:57:23,36,Delivered,646.41
8773,757,124,70,2025-02-11 04:47:52,52,Delivered,1538.75
8774,591,45,108,2026-07-11 04:17:46,26,Delivered,1436.77
8775,994,102,89,2025-03-03 06:49:19,62,Delivered,186.5
8776,907,127,169,2025-05-17 16:22:40,26,Preparing,1516.58
8777,571,6,92,2025-10-20 16:15:01,44,Delivered,282.55
8778,926,128,74,2025-01-18 22:53:29,70,Delivered,1408.44
8779,681,83,115,2026-05-22 11:05:08,35,Delivered,1235.03
8780,632,33,85,2024-10-24 22:28:05,37,Preparing,1642.66
8781,778,96,224,2026-05-30 09:29:15,55,Delivered,190.41
8782,705,141,69,2026-04-17 22:04:28,42,Delivered,1352.72
8783,2,27,87,2025-07-06 06:20:19,59,Delivered,333.51
8784,800,55,98,2024-11-30 06:27:32,69,Delivered,1311.14
8785,301,74,201,2025-10-09 12:21:42,45,Delivered,157.7
8786,997,89,30,2025-03-02 11:41:51,51,Delivered,798.69
8787,667,115,232,2026-03-28 20:45:06,23,Delivered,594.37
8788,436,13,160,2025-07-08 14:51:11,38,Delivered,930.51
8789,497,41,215,2025-06-30 13:32:31,33,Delivered,949.26
8790,470,99,63,2025-02-01 18:30:24,18,Preparing,1026.85
8791,342,113,34,2026-07-10 10:45:47,57,Delivered,198.87
8792,633,25,220,2025-10-03 07:20:07,65,Delivered,210.97
8793,708,107,64,2024-08-02 04:52:23,32,Delivered,657.2
8794,789,21,130,2025-09-21 10:34:27,15,Delivered,1617.47
8795,138,12,174,2025-01-17 17:21:25,24,Delivered,175.43
8796,800,145,123,2025-10-09 05:16:56,37,Delivered,504.42
8797,796,111,143,2024-08-23 07:34:52,64,Delivered,458.94
8798,514,123,97,2026-02-24 22:50:17,37,Preparing,743.87
8799,366,89,36,2025-06-02 23:09:51,36,Delivered,1069.79
8800,964,99,225,2026-03-08 10:42:50,49,Delivered,1345.78
8801,437,99,69,2026-07-21 03:02:57,47,Delivered,426.88
8802,411,80,224,2025-04-07 13:45:44,47,Delivered,519.87
8803,53,14,45,2025-02-16 02:19:12,36,Delivered,818.6
8804,272,88,218,2024-09-14 08:08:34,30,Delivered,883.79
8805,522,90,35,2024-11-27 10:40:49,52,Delivered,1184.02
8806,521,74,74,2026-06-13 08:07:00,44,Delivered,1500.13
8807,706,80,96,2025-04-26 18:09:36,17,Delivered,1379.56
8808,218,51,124,2025-11-19 08:32:20,17,Delivered,1650.7
8809,665,28,219,2026-02-14 22:15:53,19,Delivered,1124.39
8810,664,31,51,2025-11-16 23:58:48,49,Delivered,1561.58
8811,373,90,84,2026-04-25 03:08:09,51,Delivered,443.97
8812,538,27,171,2025-09-29 07:02:48,27,Delivered,1686.23
8813,156,74,20,2025-04-07 12:53:50,54,Delivered,909.44
8814,985,119,185,2024-10-21 12:19:13,20,Delivered,159.58
8815,111,97,114,2026-01-22 21:36:32,59,Delivered,635.94
8816,838,50,98,2025-11-09 21:52:38,18,Delivered,1050.08
8817,996,1,222,2025-01-15 03:40:50,52,Delivered,1145.96
8818,450,26,67,2026-02-22 09:49:40,29,Delivered,1096.18
8819,278,121,65,2025-11-10 18:09:41,53,Delivered,1199.18
8820,795,123,100,2025-01-19 17:20:19,59,Preparing,1029.8
8821,218,130,107,2024-11-04 21:05:22,20,Delivered,1366.56
8822,718,135,171,2025-07-22 22:09:13,45,Delivered,782.11
8823,991,81,135,2026-01-24 07:47:18,58,Delivered,633.31
8824,84,107,163,2024-11-28 18:55:42,35,Delivered,261.12
8825,711,115,215,2026-03-09 21:43:58,51,Delivered,1206.32
8826,29,83,50,2025-08-16 04:29:24,57,Delivered,1788.17
8827,21,95,82,2024-12-16 00:22:08,59,Delivered,643.67
8828,144,137,193,2025-09-22 04:58:16,34,Preparing,1174.93
8829,551,114,109,2026-05-28 23:03:58,51,Delivered,1082.71
8830,861,25,164,2024-10-04 15:26:51,25,Delivered,299.27
8831,36,127,133,2024-11-30 09:21:36,30,Delivered,496.01
8832,801,134,178,2026-06-24 01:57:01,59,Delivered,1109.51
8833,315,28,44,2025-10-16 19:24:48,62,Delivered,1376.89
8834,268,84,150,2024-10-28 14:50:14,60,Delivered,441.13
8835,379,133,15,2026-04-28 17:18:40,62,Delivered,723.42
8836,857,128,20,2025-05-26 03:13:31,21,Delivered,1789.8
8837,831,120,70,2025-01-17 15:47:46,64,Delivered,319.43
8838,803,73,153,2025-04-25 09:51:58,23,Delivered,829.23
8839,138,127,180,2025-12-17 15:44:24,18,Delivered,314.4
8840,263,9,34,2024-09-04 03:48:00,48,Delivered,223.38
8841,390,1,200,2025-03-17 21:19:11,55,Cancelled,789.99
8842,851,76,71,2026-03-21 00:10:56,28,Delivered,1271.54
8843,3,47,167,2025-10-09 12:33:48,62,Delivered,1734.2
8844,252,94,102,2026-04-24 17:27:08,32,Delivered,815.71
8845,184,141,170,2025-06-27 11:06:07,46,Delivered,432.24
8846,155,25,93,2024-09-13 06:40:51,61,Delivered,295.43
8847,695,59,243,2024-11-03 11:52:19,37,Cancelled,307.28
8848,134,51,172,2026-05-05 02:08:47,39,Preparing,753.66
8849,270,80,138,2025-06-28 09:38:29,38,Delivered,234.63
8850,905,37,211,2026-02-07 03:49:38,61,Preparing,700.77
8851,671,121,40,2025-06-20 02:49:01,25,Delivered,1621.11
8852,950,93,206,2025-07-15 13:54:10,67,Cancelled,225.01
8853,416,20,247,2025-05-31 23:20:11,22,Preparing,1161.13
8854,5,69,94,2025-12-12 17:37:59,56,Delivered,1147.12
8855,485,94,217,2025-04-12 06:11:37,55,Delivered,592.13
8856,519,126,10,2026-04-30 03:10:13,63,Delivered,1077.97
8857,925,58,57,2024-12-09 09:13:47,36,Delivered,740.22
8858,246,131,95,2025-07-16 09:33:55,52,Delivered,1017.6
8859,158,143,67,2026-05-30 09:14:52,28,Delivered,1433.55
8860,305,136,203,2024-12-05 03:48:06,39,Delivered,219.87
8861,896,89,184,2025-10-01 13:32:12,38,Delivered,1732.36
8862,846,52,233,2025-12-11 16:16:25,48,Delivered,1179.18
8863,753,33,104,2025-03-21 23:19:20,55,Delivered,1103.71
8864,296,3,78,2025-05-01 11:56:26,31,Delivered,1649.89
8865,27,27,117,2025-01-04 14:37:38,66,Delivered,699.69
8866,696,101,89,2025-10-28 20:43:50,65,Delivered,1132.17
8867,627,10,166,2025-08-13 01:50:39,40,Delivered,1689.97
8868,889,128,222,2025-02-19 17:17:23,65,Delivered,1325.75
8869,168,52,44,2025-11-25 07:04:45,33,Delivered,565.89
8870,19,16,103,2026-03-02 18:22:49,30,Delivered,1097.35
8871,889,10,212,2025-11-27 18:13:50,42,Cancelled,924.4
8872,867,26,190,2025-10-27 12:31:07,69,Delivered,1402.02
8873,349,21,196,2025-05-15 06:34:58,57,Delivered,300.0
8874,309,38,214,2024-08-16 05:38:21,18,Preparing,404.08
8875,408,28,35,2025-07-15 15:24:50,67,Delivered,410.23
8876,422,31,70,2026-02-10 11:13:59,15,Delivered,367.14
8877,295,85,77,2024-07-29 12:09:43,23,Delivered,1368.1
8878,160,44,74,2025-08-25 19:48:51,30,Delivered,531.88
8879,135,15,4,2026-05-27 09:28:32,16,Delivered,363.53
8880,540,44,140,2025-09-26 06:09:24,57,Delivered,586.85
8881,242,86,16,2025-07-01 19:42:01,56,Delivered,955.71
8882,99,60,86,2025-03-20 03:08:47,29,Delivered,1146.87
8883,997,98,30,2026-04-23 22:04:18,55,Preparing,1795.75
8884,189,72,229,2024-07-31 05:31:16,62,Delivered,603.41
8885,753,125,205,2025-06-19 06:34:57,39,Delivered,1634.36
8886,551,117,118,2026-03-02 04:40:52,52,Preparing,505.63
8887,71,71,1,2025-08-17 16:00:34,50,Delivered,1209.2
8888,41,14,101,2025-05-07 07:34:06,30,Cancelled,541.85
8889,57,33,125,2026-03-06 08:28:50,27,Preparing,1340.18
8890,343,109,121,2025-06-14 16:21:51,68,Delivered,845.3
8891,502,51,110,2026-05-17 13:11:51,26,Delivered,630.94
8892,832,140,147,2026-06-05 14:50:20,45,Delivered,1577.18
8893,201,140,186,2024-08-14 22:03:04,62,Delivered,646.2
8894,970,129,40,2024-12-07 19:57:36,19,Delivered,424.19
8895,164,43,48,2024-09-01 16:50:04,25,Preparing,1559.34
8896,202,134,185,2025-09-25 20:59:55,65,Delivered,975.17
8897,951,84,46,2024-08-06 00:13:09,61,Delivered,707.45
8898,29,99,38,2025-12-27 16:01:32,46,Delivered,1422.83
8899,883,75,236,2026-02-04 07:38:21,67,Cancelled,1597.79
8900,704,25,72,2026-07-15 11:40:33,34,Delivered,663.97
8901,947,42,48,2024-10-17 06:51:22,52,Preparing,565.21
8902,379,100,114,2025-10-10 22:43:25,58,Delivered,1247.81
8903,661,146,57,2026-05-14 09:05:14,51,Delivered,1643.34
8904,715,90,9,2026-05-15 23:04:24,32,Delivered,407.84
8905,989,49,51,2024-12-09 11:18:55,56,Preparing,609.25
8906,361,51,220,2025-11-03 05:32:16,36,Delivered,1490.56
8907,907,60,54,2024-09-03 03:33:22,60,Delivered,988.97
8908,966,150,94,2024-12-04 22:12:00,65,Delivered,1356.75
8909,826,6,88,2024-12-20 16:00:03,30,Delivered,1105.85
8910,763,69,88,2026-03-20 10:04:24,50,Delivered,1091.13
8911,61,131,180,2024-09-27 10:58:19,26,Delivered,1650.06
8912,133,58,47,2026-07-01 07:30:50,62,Delivered,465.3
8913,6,124,2,2025-05-13 12:59:31,50,Delivered,1615.99
8914,571,112,155,2026-03-24 06:56:58,67,Delivered,1512.58
8915,404,117,73,2026-05-01 01:51:09,44,Delivered,1392.83
8916,173,26,69,2025-03-18 12:45:13,50,Delivered,755.11
8917,662,98,223,2026-06-14 05:22:25,38,Delivered,1202.74
8918,391,147,35,2026-04-22 04:45:14,57,Delivered,905.82
8919,962,1,192,2025-01-30 01:49:58,26,Delivered,364.81
8920,700,95,206,2025-11-22 09:30:24,66,Delivered,1316.2
8921,914,27,204,2024-08-23 08:45:28,22,Delivered,252.46
8922,769,95,91,2025-03-03 03:39:01,62,Delivered,1228.02
8923,74,37,109,2025-02-15 06:31:56,57,Delivered,844.45
8924,661,130,7,2025-09-23 05:07:33,65,Delivered,1089.85
8925,272,13,190,2025-10-16 16:15:06,35,Delivered,648.66
8926,37,64,52,2026-07-08 21:17:35,42,Delivered,431.37
8927,296,84,195,2024-08-24 22:25:11,27,Preparing,407.21
8928,441,82,70,2025-10-26 06:38:42,69,Delivered,521.12
8929,418,18,76,2025-01-19 23:00:35,29,Delivered,246.78
8930,682,54,123,2024-12-10 17:03:19,19,Delivered,1617.89
8931,729,69,49,2026-06-27 03:28:58,65,Delivered,1154.35
8932,344,106,137,2024-11-27 21:56:02,30,Delivered,199.77
8933,936,94,62,2025-04-25 17:57:39,61,Preparing,278.75
8934,191,42,94,2024-12-25 12:39:13,25,Delivered,1422.7
8935,283,114,73,2025-02-06 02:54:08,43,Delivered,251.87
8936,449,98,75,2025-01-05 07:03:00,33,Delivered,832.4
8937,959,60,10,2024-12-10 16:19:04,44,Preparing,1366.14
8938,472,135,21,2024-08-03 03:49:25,62,Delivered,264.16
8939,38,28,35,2024-12-06 09:02:11,33,Preparing,1750.39
8940,537,3,96,2025-02-04 02:39:52,40,Delivered,640.56
8941,132,27,29,2025-05-02 18:11:55,62,Delivered,657.19
8942,601,6,7,2024-09-19 06:53:23,32,Delivered,264.8
8943,56,16,113,2024-08-29 16:55:09,25,Delivered,1284.73
8944,750,76,235,2024-11-25 15:37:39,51,Delivered,200.77
8945,583,54,5,2026-04-18 21:19:52,60,Preparing,627.12
8946,910,68,22,2025-05-15 17:51:25,23,Delivered,906.39
8947,688,71,176,2026-07-02 16:08:00,28,Delivered,1471.18
8948,380,3,56,2025-12-17 11:14:25,20,Delivered,1011.62
8949,467,141,82,2026-04-15 14:32:13,17,Delivered,175.44
8950,441,114,248,2025-04-12 10:59:09,66,Delivered,341.01
8951,119,68,134,2025-04-22 07:07:44,29,Delivered,268.76
8952,413,6,146,2026-05-23 00:03:00,37,Delivered,1336.97
8953,954,118,122,2024-09-13 04:26:30,18,Delivered,257.32
8954,798,59,139,2024-10-25 05:43:54,39,Delivered,1741.61
8955,126,31,21,2025-11-21 05:27:22,60,Delivered,1577.28
8956,483,25,66,2026-06-16 06:12:18,28,Delivered,1166.96
8957,270,29,10,2026-02-15 14:15:21,40,Delivered,1564.06
8958,987,84,3,2025-01-20 18:59:04,55,Delivered,1300.89
8959,511,48,243,2025-04-17 07:40:42,35,Delivered,350.45
8960,716,10,128,2025-03-06 09:42:11,27,Delivered,272.73
8961,150,2,113,2025-04-10 06:20:36,24,Delivered,202.54
8962,664,79,83,2026-04-08 12:02:34,67,Delivered,441.72
8963,949,6,141,2026-02-06 16:24:15,48,Delivered,1455.43
8964,758,110,173,2026-01-10 12:38:39,52,Delivered,1413.49
8965,236,61,105,2026-06-26 03:25:58,17,Delivered,174.64
8966,954,150,189,2024-08-23 23:57:56,56,Delivered,541.96
8967,77,26,242,2025-01-20 15:08:55,64,Delivered,593.67
8968,61,7,208,2026-05-24 09:46:33,53,Delivered,983.36
8969,169,116,242,2025-06-08 11:55:13,60,Delivered,1455.7
8970,139,48,133,2025-10-23 06:11:56,48,Delivered,1632.74
8971,751,20,86,2025-08-24 18:14:28,60,Delivered,1641.36
8972,638,39,205,2026-04-21 15:54:57,37,Delivered,466.33
8973,725,85,211,2025-10-02 15:59:35,17,Delivered,853.52
8974,661,45,123,2026-04-18 01:43:51,30,Delivered,1321.22
8975,641,101,216,2025-10-07 05:34:10,42,Cancelled,1055.36
8976,900,22,10,2025-03-07 07:16:25,36,Delivered,1413.8
8977,580,35,179,2026-01-19 23:55:25,44,Delivered,597.3
8978,20,110,127,2026-03-29 12:33:35,45,Delivered,1002.48
8979,680,99,117,2025-01-06 17:44:48,44,Delivered,169.09
8980,4,131,177,2025-11-25 13:39:31,23,Delivered,238.78
8981,625,58,163,2024-12-26 11:15:25,37,Delivered,1296.12
8982,908,57,49,2026-03-07 12:44:04,62,Delivered,1789.05
8983,466,148,46,2026-03-23 14:49:52,18,Delivered,1258.53
8984,811,111,99,2025-02-04 19:54:10,20,Delivered,789.17
8985,168,5,22,2024-12-25 18:36:41,43,Delivered,1663.13
8986,604,84,188,2026-06-08 19:26:58,22,Delivered,779.24
8987,863,103,15,2024-12-02 01:10:33,58,Delivered,1574.72
8988,974,109,199,2025-03-14 20:12:37,22,Preparing,1553.91
8989,21,142,70,2026-05-20 02:58:54,15,Delivered,1180.89
8990,761,146,47,2025-02-05 08:42:02,57,Delivered,1711.07
8991,489,101,230,2025-05-31 04:20:54,45,Delivered,829.78
8992,794,136,107,2026-07-12 23:28:16,29,Cancelled,491.19
8993,836,150,153,2024-12-02 20:00:25,56,Preparing,222.67
8994,401,104,165,2025-10-31 22:59:11,46,Delivered,1456.87
8995,349,91,6,2025-06-25 12:48:40,48,Delivered,1220.2
8996,348,13,174,2024-11-08 19:04:54,53,Delivered,509.89
8997,427,48,93,2024-08-03 16:32:08,18,Delivered,1124.39
8998,518,10,90,2026-04-20 15:25:39,38,Cancelled,1681.41
8999,320,20,150,2025-09-19 11:27:22,51,Delivered,1428.48
9000,865,33,67,2024-08-18 18:21:40,28,Delivered,797.52
9001,381,4,179,2025-04-24 10:42:45,26,Delivered,1390.13
9002,599,11,113,2025-10-10 09:24:43,40,Delivered,344.12
9003,646,130,29,2026-02-28 23:33:06,62,Cancelled,662.32
9004,899,138,54,2026-02-24 03:56:07,41,Delivered,584.82
9005,15,61,35,2025-09-20 05:23:33,68,Preparing,892.37
9006,286,145,214,2025-12-12 03:14:19,59,Delivered,346.18
9007,490,112,113,2025-01-24 02:11:53,36,Delivered,1748.92
9008,684,11,72,2024-11-01 04:08:18,27,Delivered,709.33
9009,892,51,189,2024-11-04 04:24:22,70,Delivered,1500.57
9010,363,34,229,2026-05-06 00:40:02,26,Delivered,236.52
9011,552,64,211,2026-04-02 15:13:01,50,Delivered,1646.87
9012,970,150,16,2025-02-23 08:43:57,28,Delivered,630.38
9013,440,114,218,2026-03-05 16:05:57,38,Cancelled,928.77
9014,377,53,198,2025-02-23 22:50:42,65,Delivered,273.77
9015,324,64,67,2024-10-07 07:55:56,57,Delivered,1764.79
9016,292,52,154,2024-12-01 15:41:21,23,Delivered,1004.9
9017,175,15,118,2026-06-12 08:23:39,49,Delivered,1513.66
9018,27,54,127,2025-10-22 09:32:57,49,Delivered,153.52
9019,4,64,163,2024-09-11 18:00:16,24,Delivered,159.11
9020,156,62,66,2025-07-09 04:27:24,21,Delivered,818.27
9021,612,7,148,2026-03-26 23:11:32,44,Delivered,1312.09
9022,548,91,30,2025-04-13 23:25:47,40,Delivered,1078.14
9023,511,102,67,2026-03-04 15:49:59,34,Delivered,1138.72
9024,288,58,201,2025-11-05 21:20:08,52,Delivered,1257.8
9025,914,103,184,2025-05-30 04:15:19,19,Delivered,1217.31
9026,129,44,120,2025-03-29 05:19:49,59,Delivered,882.45
9027,442,27,5,2026-07-04 01:47:13,36,Delivered,1219.5
9028,878,10,44,2026-06-08 08:36:50,61,Delivered,1380.35
9029,185,134,167,2025-11-16 04:58:21,34,Cancelled,830.24
9030,739,85,150,2025-11-07 23:39:11,24,Preparing,1317.03
9031,602,82,99,2025-11-18 14:00:24,49,Delivered,811.17
9032,257,148,230,2024-11-10 01:33:10,28,Delivered,1253.31
9033,461,71,91,2024-09-10 21:40:42,27,Cancelled,1739.59
9034,546,11,46,2024-10-28 15:25:25,29,Delivered,1068.16
9035,421,22,201,2024-11-16 20:35:00,55,Delivered,570.78
9036,750,58,172,2025-02-02 14:16:58,58,Delivered,1641.6
9037,387,10,159,2025-08-18 15:20:05,69,Delivered,693.33
9038,348,58,200,2025-06-05 21:48:52,62,Delivered,654.83
9039,402,56,27,2024-12-29 22:09:10,48,Delivered,1228.98
9040,185,147,5,2024-09-25 12:21:42,15,Delivered,1688.6
9041,170,125,138,2025-08-06 18:17:33,65,Delivered,1547.47
9042,303,103,186,2025-07-21 04:33:13,57,Delivered,264.5
9043,1000,41,29,2025-03-26 01:31:03,63,Delivered,961.7
9044,753,2,211,2025-10-28 18:36:22,48,Preparing,824.68
9045,91,6,97,2025-05-13 18:25:41,42,Cancelled,984.36
9046,637,115,129,2025-03-01 21:07:21,58,Delivered,662.22
9047,753,95,217,2024-11-30 09:07:57,41,Delivered,365.81
9048,591,56,143,2024-09-17 23:46:30,67,Delivered,1309.04
9049,939,11,161,2026-07-03 02:18:58,57,Delivered,636.06
9050,345,5,177,2024-08-09 15:02:56,29,Cancelled,1058.38
9051,199,135,227,2025-05-23 06:30:53,27,Delivered,772.07
9052,972,100,155,2024-12-17 14:57:22,63,Delivered,347.68
9053,264,76,156,2025-11-03 10:40:37,48,Delivered,221.86
9054,620,104,204,2026-03-22 22:13:26,36,Preparing,452.46
9055,570,58,222,2026-06-02 10:54:39,19,Delivered,1693.68
9056,23,123,5,2025-02-22 09:10:06,44,Cancelled,1466.55
9057,107,11,204,2025-12-08 21:05:22,33,Delivered,1298.44
9058,529,109,242,2024-10-09 05:26:01,16,Delivered,252.49
9059,728,58,234,2025-10-11 23:11:24,30,Preparing,607.3
9060,327,19,46,2025-01-02 20:30:25,53,Delivered,1144.78
9061,662,65,89,2026-06-29 10:11:28,32,Delivered,988.12
9062,205,128,144,2025-07-12 03:24:01,48,Delivered,1223.5
9063,771,79,38,2025-04-20 14:57:49,37,Delivered,1474.57
9064,316,57,135,2025-11-24 06:56:48,69,Delivered,1504.29
9065,610,92,212,2026-04-08 23:30:41,58,Delivered,1323.13
9066,57,114,131,2024-10-13 00:26:37,42,Delivered,1580.82
9067,343,1,9,2025-10-27 04:33:14,64,Delivered,1753.47
9068,327,124,204,2024-11-08 22:22:11,69,Delivered,1623.0
9069,393,16,167,2024-12-16 12:05:47,29,Delivered,896.36
9070,223,100,18,2025-06-01 06:36:48,32,Delivered,567.79
9071,288,22,92,2025-07-10 17:52:48,63,Delivered,1521.11
9072,753,58,39,2024-09-26 02:31:16,54,Delivered,835.98
9073,66,71,131,2026-01-26 02:13:17,64,Delivered,1289.33
9074,984,68,168,2025-01-22 23:53:14,30,Delivered,1050.37
9075,77,114,136,2024-10-14 15:19:23,25,Delivered,1273.96
9076,763,127,122,2025-08-07 03:31:43,27,Delivered,788.26
9077,267,101,8,2025-05-14 07:08:15,20,Delivered,570.61
9078,89,97,79,2025-01-25 08:32:26,16,Cancelled,249.32
9079,846,40,84,2026-02-10 06:46:51,41,Delivered,1453.62
9080,927,85,238,2025-06-05 08:38:58,53,Delivered,853.93
9081,130,115,134,2024-11-05 13:38:53,30,Delivered,1740.97
9082,486,123,123,2025-06-23 01:06:41,39,Delivered,150.24
9083,230,77,241,2026-05-24 03:20:20,45,Delivered,617.15
9084,118,50,116,2025-02-26 22:33:06,32,Delivered,160.74
9085,131,137,166,2025-07-31 19:19:17,65,Delivered,1500.44
9086,817,111,247,2025-04-02 10:49:57,36,Delivered,517.54
9087,684,97,123,2024-11-23 11:04:08,38,Delivered,899.55
9088,780,65,88,2025-12-29 17:50:38,58,Delivered,172.9
9089,798,79,150,2026-05-22 15:28:32,55,Preparing,1397.38
9090,994,147,64,2025-08-28 04:18:21,53,Delivered,1173.29
9091,338,61,103,2025-11-30 01:17:16,57,Delivered,1699.52
9092,186,13,220,2026-07-11 22:44:10,52,Delivered,205.48
9093,264,67,127,2025-06-03 16:44:54,70,Delivered,982.14
9094,726,52,157,2025-02-09 16:48:27,57,Preparing,1318.07
9095,990,3,18,2025-05-22 14:56:14,50,Delivered,923.03
9096,792,43,214,2024-10-16 23:27:11,43,Delivered,1565.08
9097,524,139,85,2026-06-26 00:23:38,61,Delivered,1586.49
9098,462,17,218,2026-07-02 13:06:52,37,Delivered,1004.21
9099,278,69,58,2024-11-16 06:07:09,16,Delivered,1111.95
9100,706,120,231,2026-01-24 17:12:20,60,Delivered,674.57
9101,277,46,206,2024-08-17 19:06:24,32,Delivered,1165.23
9102,788,67,210,2026-06-20 14:58:10,49,Delivered,647.55
9103,435,132,135,2025-11-23 06:16:44,39,Delivered,1618.3
9104,635,143,163,2025-06-24 17:35:11,54,Delivered,1325.09
9105,411,52,228,2024-10-30 15:09:59,68,Delivered,1234.33
9106,500,43,79,2025-07-12 11:27:22,43,Delivered,320.94
9107,360,115,141,2026-04-18 03:53:01,44,Delivered,1440.38
9108,550,22,88,2026-03-16 09:14:14,41,Delivered,1607.34
9109,161,17,190,2025-01-22 14:21:16,46,Delivered,1688.47
9110,866,22,61,2024-08-18 14:35:04,62,Delivered,967.16
9111,65,75,6,2024-08-01 13:35:20,59,Delivered,505.58
9112,78,146,177,2025-10-15 15:15:52,68,Delivered,851.52
9113,888,31,109,2025-11-01 17:33:11,25,Delivered,1262.64
9114,407,140,134,2024-11-29 01:10:58,61,Delivered,1358.28
9115,492,101,45,2025-12-23 13:55:27,62,Delivered,378.72
9116,320,119,146,2026-02-25 06:10:41,55,Delivered,357.83
9117,506,104,167,2026-06-12 01:58:32,50,Delivered,219.99
9118,704,117,27,2025-09-16 02:13:33,40,Delivered,301.8
9119,275,133,171,2026-06-29 23:12:58,51,Delivered,1155.98
9120,342,117,138,2025-02-22 16:12:53,38,Delivered,467.26
9121,324,39,153,2025-03-31 01:06:09,47,Delivered,1795.99
9122,804,49,75,2026-06-08 08:30:18,63,Delivered,1432.57
9123,245,65,88,2024-11-12 19:22:50,32,Delivered,621.82
9124,853,25,247,2025-02-24 03:40:42,19,Delivered,669.24
9125,191,47,243,2024-09-14 12:13:21,19,Delivered,1513.98
9126,342,22,114,2024-12-24 10:59:28,20,Delivered,1747.12
9127,462,7,112,2024-12-05 04:00:17,44,Delivered,855.27
9128,684,51,212,2026-01-27 18:29:06,70,Delivered,310.37
9129,869,101,231,2024-10-19 07:32:49,70,Delivered,552.25
9130,202,50,103,2024-09-15 20:06:09,33,Delivered,681.95
9131,9,58,247,2025-04-29 21:26:57,38,Delivered,1295.7
9132,756,45,209,2026-01-16 20:15:06,61,Delivered,315.38
9133,346,77,179,2025-01-23 22:06:07,40,Delivered,1419.29
9134,611,18,75,2026-05-28 02:12:14,52,Delivered,1148.75
9135,870,147,196,2025-04-12 19:56:11,69,Delivered,927.52
9136,239,25,180,2025-04-30 12:13:45,66,Delivered,744.62
9137,546,33,95,2024-08-05 18:41:33,50,Delivered,217.84
9138,921,69,206,2025-04-01 21:39:20,28,Delivered,761.98
9139,824,50,202,2024-10-10 03:26:16,40,Cancelled,1166.53
9140,528,59,112,2025-02-24 11:34:34,47,Delivered,841.94
9141,873,77,172,2025-01-08 02:02:33,34,Delivered,1631.3
9142,520,30,8,2026-02-08 03:29:02,57,Delivered,1725.14
9143,770,34,201,2026-03-20 14:39:20,41,Cancelled,1406.24
9144,579,36,163,2024-11-14 11:22:28,16,Delivered,1321.01
9145,24,71,36,2024-10-15 00:30:44,70,Preparing,635.97
9146,631,36,194,2025-10-24 00:40:49,19,Delivered,1518.69
9147,273,115,68,2025-12-08 01:08:37,28,Delivered,1456.18
9148,350,13,111,2024-10-18 16:07:33,53,Delivered,1043.47
9149,174,16,148,2025-03-18 16:50:51,52,Delivered,979.36
9150,138,31,25,2025-01-29 17:44:45,23,Preparing,505.63
9151,155,130,50,2025-12-28 12:12:54,52,Delivered,1753.7
9152,902,11,27,2026-05-13 12:47:50,38,Cancelled,1438.66
9153,974,95,160,2024-09-05 09:50:17,37,Preparing,958.62
9154,437,21,112,2025-09-03 23:01:20,50,Preparing,250.5
9155,644,100,132,2026-05-21 07:53:07,17,Preparing,212.9
9156,745,8,2,2025-07-07 01:51:23,70,Preparing,1275.55
9157,714,70,223,2025-08-09 20:42:55,41,Delivered,280.75
9158,718,52,31,2026-07-11 13:42:40,67,Cancelled,602.44
9159,940,62,107,2025-10-31 07:46:43,15,Preparing,964.44
9160,201,48,27,2025-07-22 03:06:18,62,Cancelled,347.53
9161,353,69,148,2025-12-06 09:19:32,36,Delivered,1369.58
9162,663,34,148,2024-11-14 12:55:55,20,Delivered,932.06
9163,754,28,153,2025-02-16 17:34:58,39,Delivered,1788.22
9164,637,13,155,2025-07-26 02:57:50,70,Delivered,775.8
9165,68,126,165,2025-11-11 08:12:18,41,Delivered,1303.94
9166,132,5,233,2024-11-04 14:10:41,68,Delivered,1764.15
9167,310,139,163,2025-05-15 20:08:05,28,Delivered,191.35
9168,584,7,228,2026-01-17 21:14:52,19,Delivered,1007.74
9169,110,22,88,2026-02-24 19:24:33,67,Delivered,1783.55
9170,427,5,160,2025-02-09 06:33:01,39,Delivered,1153.97
9171,373,51,168,2026-05-28 00:31:14,32,Cancelled,963.29
9172,130,16,1,2024-11-08 00:59:31,69,Delivered,205.06
9173,120,96,51,2024-11-25 03:43:09,36,Delivered,1190.67
9174,998,8,92,2024-10-09 15:04:54,29,Delivered,1422.28
9175,989,111,191,2025-08-22 18:14:05,26,Preparing,1267.31
9176,575,140,190,2025-09-25 13:50:18,69,Delivered,1744.28
9177,840,139,5,2025-01-28 13:51:44,70,Delivered,1790.66
9178,508,12,68,2026-01-30 03:15:22,41,Delivered,1607.73
9179,339,83,92,2026-04-25 22:03:15,21,Delivered,1090.78
9180,216,42,184,2025-02-11 15:22:13,33,Delivered,699.46
9181,784,116,194,2025-11-29 01:33:43,65,Delivered,1439.84
9182,103,21,234,2026-04-09 19:22:02,55,Delivered,759.85
9183,581,26,161,2026-01-04 16:00:15,15,Delivered,1212.51
9184,594,19,178,2025-04-04 15:39:54,40,Delivered,810.62
9185,452,7,160,2026-01-24 02:09:06,70,Delivered,744.45
9186,75,130,234,2026-07-22 18:59:39,68,Delivered,982.08
9187,1000,97,136,2025-09-21 06:16:30,60,Delivered,1296.82
9188,194,67,37,2026-04-04 14:52:44,52,Delivered,1794.42
9189,528,136,151,2024-10-22 02:02:00,24,Delivered,1654.21
9190,553,84,124,2025-10-30 20:59:12,47,Delivered,1154.42
9191,839,140,12,2024-12-16 03:10:16,27,Delivered,503.68
9192,483,53,193,2026-02-20 16:41:56,20,Delivered,757.57
9193,566,143,105,2026-07-19 14:33:57,51,Delivered,654.68
9194,364,53,178,2024-08-03 19:54:48,18,Delivered,1008.83
9195,971,142,20,2025-03-21 00:44:32,66,Delivered,1758.84
9196,741,90,177,2026-03-20 10:19:32,56,Delivered,601.77
9197,328,15,191,2025-09-23 14:46:32,19,Delivered,550.54
9198,865,99,20,2025-08-08 07:12:36,46,Cancelled,153.89
9199,992,71,132,2025-08-15 16:58:03,67,Delivered,1351.46
9200,112,35,175,2024-08-30 06:09:39,27,Delivered,985.46
9201,107,3,224,2025-06-29 03:48:59,61,Delivered,1269.33
9202,170,82,84,2025-08-15 18:17:36,30,Delivered,785.56
9203,331,93,111,2025-12-03 13:01:32,20,Delivered,316.86
9204,160,145,139,2025-05-21 22:19:18,43,Delivered,1653.84
9205,60,49,170,2026-05-04 08:48:11,23,Delivered,390.32
9206,262,28,128,2025-10-18 08:29:40,66,Delivered,332.63
9207,907,79,132,2024-12-30 01:37:35,29,Delivered,1387.72
9208,39,104,192,2025-01-07 09:00:07,36,Preparing,373.62
9209,694,106,209,2026-06-13 01:36:53,19,Delivered,790.21
9210,807,106,183,2025-01-27 04:30:57,51,Delivered,295.27
9211,720,16,1,2026-03-09 11:21:02,19,Delivered,1320.85
9212,225,6,32,2024-12-08 05:27:19,41,Delivered,1512.23
9213,346,95,161,2025-10-29 11:38:10,39,Delivered,1644.38
9214,192,57,141,2025-10-29 23:51:58,61,Delivered,1774.16
9215,197,100,130,2025-10-05 14:56:33,34,Delivered,547.39
9216,289,101,229,2025-06-28 01:16:37,25,Delivered,983.76
9217,768,125,68,2025-04-30 05:58:24,57,Delivered,242.04
9218,205,132,173,2024-10-11 01:34:52,70,Delivered,1434.86
9219,14,88,187,2025-05-03 02:32:30,54,Delivered,1164.36
9220,926,70,42,2026-06-06 20:06:04,48,Delivered,869.39
9221,237,102,40,2025-11-20 16:46:11,36,Preparing,961.53
9222,88,7,180,2024-09-11 11:03:44,47,Delivered,920.33
9223,977,32,245,2024-12-04 22:40:12,18,Delivered,764.92
9224,82,90,190,2025-04-19 09:03:12,44,Preparing,1094.74
9225,766,22,96,2025-07-27 00:04:10,36,Delivered,1060.49
9226,608,92,184,2026-02-05 12:24:26,65,Delivered,1177.46
9227,263,64,161,2025-09-23 17:56:51,35,Delivered,308.45
9228,204,33,142,2025-12-27 23:34:20,34,Delivered,1431.86
9229,492,44,146,2025-03-11 04:27:47,49,Delivered,417.47
9230,913,40,159,2025-06-30 14:39:21,19,Delivered,907.28
9231,177,99,81,2025-02-27 14:43:32,64,Delivered,1218.97
9232,737,68,38,2024-09-11 14:14:09,17,Delivered,703.75
9233,503,133,193,2026-06-15 05:40:35,22,Preparing,552.97
9234,298,93,246,2025-09-05 18:39:15,63,Cancelled,376.36
9235,382,59,16,2025-04-14 03:13:42,28,Delivered,378.52
9236,871,17,57,2025-12-05 11:29:18,16,Delivered,336.65
9237,68,73,109,2025-08-24 02:37:47,34,Delivered,455.11
9238,289,64,120,2026-03-31 06:21:39,56,Delivered,1268.52
9239,694,8,247,2026-03-30 07:34:40,69,Delivered,1245.25
9240,632,36,190,2025-05-04 02:56:24,23,Cancelled,1743.54
9241,25,33,110,2026-02-20 03:24:35,18,Delivered,1079.55
9242,410,122,157,2025-09-11 14:57:22,52,Delivered,1004.94
9243,461,48,90,2025-09-14 00:59:19,40,Delivered,869.46
9244,799,79,20,2024-12-25 06:37:52,19,Delivered,175.44
9245,459,112,202,2026-05-04 09:18:58,33,Delivered,777.51
9246,172,115,181,2026-02-22 22:04:45,40,Delivered,1081.82
9247,519,7,243,2025-09-22 15:33:16,17,Delivered,1652.72
9248,631,73,128,2024-12-09 12:02:25,35,Delivered,1715.53
9249,365,48,33,2026-03-22 21:32:41,17,Delivered,387.66
9250,864,124,209,2025-04-04 02:40:14,66,Preparing,1358.17
9251,146,33,245,2026-01-23 08:36:21,59,Delivered,1090.37
9252,229,61,167,2025-07-03 16:19:43,60,Preparing,496.88
9253,566,22,207,2026-02-01 00:05:51,34,Delivered,334.32
9254,917,20,111,2026-04-06 13:48:49,40,Delivered,1175.4
9255,681,121,79,2025-08-04 04:50:51,58,Delivered,1598.12
9256,597,125,11,2024-11-10 21:39:19,46,Delivered,1145.99
9257,540,149,85,2025-06-08 06:31:36,19,Delivered,344.21
9258,506,140,232,2026-04-02 12:54:17,44,Delivered,1111.78
9259,936,51,127,2024-12-09 13:59:41,22,Delivered,758.77
9260,945,133,103,2024-08-12 00:52:27,15,Delivered,647.35
9261,216,104,223,2026-02-23 13:42:53,26,Delivered,648.86
9262,817,131,138,2025-08-27 13:45:19,61,Preparing,1323.58
9263,759,149,218,2025-02-20 18:27:54,28,Delivered,1490.53
9264,473,142,128,2025-06-03 02:53:36,37,Cancelled,1006.61
9265,24,92,166,2025-08-07 15:24:41,59,Delivered,258.04
9266,911,128,136,2024-11-03 09:50:01,31,Delivered,610.5
9267,62,40,188,2025-12-22 12:09:01,46,Delivered,1426.88
9268,617,66,44,2025-10-26 01:24:57,32,Delivered,531.25
9269,623,53,104,2026-03-26 01:37:20,39,Delivered,236.06
9270,317,138,194,2024-12-06 18:31:32,40,Delivered,1362.13
9271,120,31,138,2025-05-06 13:23:12,48,Delivered,261.95
9272,173,126,184,2025-03-23 01:48:52,43,Delivered,638.15
9273,457,119,74,2026-07-16 17:43:13,52,Delivered,1754.43
9274,759,75,96,2025-01-13 09:13:39,59,Delivered,1628.36
9275,709,63,165,2026-05-29 19:17:01,55,Delivered,1206.97
9276,850,134,27,2026-03-27 00:22:47,35,Delivered,689.7
9277,292,31,210,2025-12-06 08:08:44,28,Delivered,607.52
9278,786,91,88,2026-06-08 14:46:05,57,Delivered,903.67
9279,827,8,186,2025-04-02 17:55:12,44,Delivered,1336.65
9280,488,114,165,2026-02-21 14:19:26,18,Delivered,1191.01
9281,383,87,248,2025-05-14 23:04:41,28,Delivered,182.52
9282,497,51,27,2024-09-29 07:41:18,64,Preparing,322.14
9283,483,45,247,2026-03-31 08:41:58,37,Delivered,328.93
9284,188,148,161,2025-10-26 21:56:35,50,Delivered,888.87
9285,131,67,14,2025-05-29 09:01:24,38,Delivered,1450.4
9286,938,42,84,2024-12-07 03:40:59,69,Delivered,971.81
9287,296,137,91,2025-10-03 11:50:56,42,Delivered,1673.12
9288,414,79,234,2024-11-29 13:56:53,24,Delivered,1385.61
9289,222,113,79,2024-12-10 03:16:31,24,Delivered,373.16
9290,158,7,48,2024-12-18 15:27:41,23,Delivered,270.19
9291,429,75,232,2026-06-04 11:36:18,51,Delivered,905.06
9292,386,88,41,2025-04-27 04:46:02,60,Delivered,1517.23
9293,704,28,186,2024-08-04 18:16:04,32,Delivered,841.97
9294,638,106,116,2026-03-07 11:24:38,29,Delivered,766.99
9295,57,147,62,2024-10-19 14:54:25,25,Preparing,1362.36
9296,351,100,185,2025-09-16 06:39:14,68,Preparing,471.96
9297,184,16,96,2024-12-18 11:26:14,61,Delivered,1351.68
9298,43,102,229,2025-04-28 23:44:54,51,Delivered,1186.8
9299,690,86,235,2026-02-15 13:20:12,49,Delivered,599.68
9300,360,33,56,2026-04-08 04:34:56,40,Delivered,1646.5
9301,74,27,232,2025-12-26 13:34:18,62,Delivered,204.86
9302,910,44,9,2026-07-24 09:18:31,49,Delivered,961.26
9303,765,9,77,2025-12-04 18:31:11,18,Preparing,829.67
9304,251,48,25,2025-06-09 04:58:30,68,Delivered,1299.27
9305,851,120,81,2024-12-06 13:19:21,22,Delivered,930.08
9306,812,46,228,2026-03-08 23:46:45,51,Delivered,706.58
9307,441,91,60,2026-06-14 20:24:13,20,Preparing,1269.93
9308,217,70,231,2025-03-18 23:36:54,26,Delivered,967.18
9309,48,74,56,2025-07-11 10:21:04,20,Delivered,224.66
9310,467,118,44,2024-12-09 17:45:54,25,Delivered,920.19
9311,633,86,234,2025-10-01 04:19:31,47,Delivered,1360.89
9312,499,76,43,2025-06-13 10:38:52,49,Delivered,204.41
9313,498,101,227,2024-12-22 15:12:15,59,Delivered,1251.67
9314,543,116,245,2025-10-29 12:57:13,28,Preparing,1408.92
9315,529,15,31,2026-03-11 17:52:59,21,Delivered,490.91
9316,669,90,45,2025-02-09 18:15:09,58,Preparing,398.15
9317,213,136,57,2026-06-13 05:03:00,38,Preparing,421.26
9318,216,120,127,2024-12-16 02:11:27,36,Delivered,622.76
9319,537,8,102,2025-12-12 22:03:32,56,Delivered,458.74
9320,286,141,175,2024-08-07 22:30:08,54,Delivered,563.07
9321,36,72,217,2024-10-07 11:10:20,22,Preparing,1326.3
9322,429,27,102,2026-05-21 02:50:17,61,Delivered,686.06
9323,319,34,120,2024-12-07 17:44:23,52,Delivered,1236.84
9324,585,121,15,2026-04-05 22:36:23,23,Delivered,1608.35
9325,687,98,20,2024-12-02 07:12:59,62,Delivered,1518.28
9326,777,9,80,2025-02-04 21:24:20,45,Delivered,270.22
9327,153,110,170,2026-07-15 05:56:08,63,Delivered,1779.65
9328,270,76,22,2025-02-26 12:26:19,52,Delivered,1400.01
9329,272,51,126,2024-10-04 18:51:24,44,Cancelled,425.48
9330,677,107,118,2025-03-09 08:25:15,17,Delivered,489.21
9331,424,44,61,2025-10-14 14:05:35,43,Delivered,1767.6
9332,281,102,171,2025-10-17 10:26:01,32,Delivered,1770.57
9333,828,102,3,2024-12-11 23:49:14,33,Delivered,1630.39
9334,366,23,22,2025-11-02 10:53:33,52,Delivered,1653.83
9335,328,101,188,2024-08-06 22:52:13,30,Delivered,457.12
9336,414,125,155,2026-04-02 04:02:54,19,Delivered,276.94
9337,504,131,87,2024-08-08 12:09:15,22,Delivered,1144.59
9338,176,117,46,2025-11-11 08:34:34,65,Preparing,277.34
9339,612,75,242,2026-01-25 10:50:34,23,Delivered,365.72
9340,869,37,237,2025-12-19 21:55:39,37,Delivered,574.46
9341,566,114,85,2025-06-18 08:23:31,65,Cancelled,1744.97
9342,400,23,126,2025-05-31 10:01:45,40,Delivered,949.53
9343,164,67,221,2024-12-08 07:02:50,38,Delivered,1631.93
9344,533,61,112,2026-05-05 21:20:56,42,Delivered,1115.76
9345,222,61,170,2026-01-18 19:36:57,33,Delivered,481.69
9346,834,50,121,2025-07-08 10:48:13,47,Delivered,1552.96
9347,116,91,214,2024-08-28 22:39:32,55,Delivered,1555.63
9348,425,134,104,2024-11-10 10:31:48,39,Delivered,188.93
9349,968,6,124,2025-06-12 10:47:25,52,Delivered,704.24
9350,53,7,13,2025-06-03 14:08:26,26,Delivered,949.49
9351,374,4,158,2024-07-29 06:07:32,27,Delivered,1237.37
9352,17,72,121,2025-02-17 18:42:32,70,Delivered,406.39
9353,37,61,230,2026-07-12 12:44:25,29,Delivered,293.54
9354,146,29,56,2026-05-05 13:18:43,66,Delivered,891.8
9355,181,128,212,2026-06-21 18:54:38,51,Delivered,439.45
9356,148,105,186,2025-04-21 05:45:08,60,Delivered,609.23
9357,585,84,67,2026-05-03 05:08:49,25,Delivered,837.37
9358,898,33,157,2026-05-11 20:17:39,30,Delivered,1405.41
9359,963,102,188,2024-09-07 22:20:55,51,Cancelled,992.75
9360,145,80,8,2025-10-23 02:47:27,58,Delivered,1467.04
9361,528,22,201,2025-05-05 16:46:04,54,Delivered,1159.34
9362,108,107,236,2025-06-28 07:03:34,19,Delivered,192.0
9363,819,130,210,2024-12-26 21:46:32,63,Delivered,1031.53
9364,742,16,68,2024-12-19 20:15:20,16,Delivered,531.36
9365,741,46,113,2024-09-18 21:53:53,24,Preparing,1433.22
9366,338,33,48,2025-08-03 17:26:27,45,Delivered,577.34
9367,400,126,60,2026-05-09 08:50:09,66,Delivered,1311.17
9368,724,124,46,2025-03-07 11:03:47,26,Cancelled,318.15
9369,323,90,61,2025-12-13 14:46:37,24,Delivered,1432.29
9370,402,149,49,2024-08-28 14:50:31,64,Cancelled,1085.05
9371,930,114,65,2024-08-12 15:17:42,38,Delivered,1312.63
9372,405,87,209,2026-02-06 02:39:51,59,Preparing,1439.25
9373,433,2,140,2025-01-24 22:51:02,40,Delivered,1732.55
9374,854,84,225,2025-11-18 09:04:11,21,Delivered,1108.75
9375,437,2,244,2024-09-25 05:13:34,62,Preparing,1516.1
9376,332,39,165,2024-09-05 19:46:18,51,Delivered,1377.39
9377,929,123,17,2026-02-21 18:14:19,58,Delivered,291.43
9378,935,35,169,2026-03-11 13:45:59,15,Delivered,468.96
9379,588,31,150,2024-10-02 14:53:50,60,Delivered,584.1
9380,410,85,238,2025-10-18 14:49:38,38,Cancelled,1429.21
9381,960,56,111,2025-01-15 15:16:45,52,Delivered,1565.24
9382,349,17,249,2025-02-04 20:02:04,39,Delivered,1366.73
9383,431,93,91,2025-05-13 00:32:15,54,Delivered,1391.19
9384,78,98,212,2026-03-13 17:10:00,41,Delivered,819.86
9385,759,48,36,2025-01-01 00:33:51,27,Delivered,1772.68
9386,586,147,204,2025-09-20 12:25:46,66,Delivered,321.83
9387,297,61,116,2025-11-22 00:00:28,57,Delivered,593.73
9388,909,65,250,2024-12-14 00:54:43,24,Delivered,320.92
9389,429,40,111,2024-11-10 12:12:22,27,Delivered,922.06
9390,783,70,182,2024-11-30 14:08:49,32,Delivered,389.46
9391,879,48,175,2025-03-17 10:23:11,34,Delivered,1215.42
9392,830,123,50,2026-05-09 16:17:36,47,Delivered,1358.76
9393,822,148,8,2025-07-24 05:09:17,29,Delivered,486.6
9394,465,84,26,2024-10-09 19:13:01,17,Delivered,1125.02
9395,375,139,61,2024-10-04 12:24:23,61,Delivered,174.32
9396,754,53,61,2025-10-31 19:05:08,25,Delivered,190.25
9397,322,54,189,2025-01-17 15:30:00,35,Delivered,509.02
9398,666,110,188,2025-05-22 00:30:56,27,Preparing,1319.79
9399,231,17,179,2026-05-21 23:16:30,43,Preparing,1148.99
9400,987,17,229,2024-08-02 13:26:29,39,Delivered,1480.57
9401,778,90,67,2026-01-19 18:03:21,43,Delivered,1307.6
9402,893,67,222,2024-09-03 09:30:40,28,Delivered,1204.24
9403,519,43,83,2025-06-20 04:30:29,34,Delivered,1471.34
9404,558,147,247,2024-08-14 13:59:05,24,Delivered,392.74
9405,408,139,35,2026-07-22 18:52:14,51,Preparing,1126.58
9406,744,66,88,2025-09-12 20:30:03,64,Delivered,218.57
9407,952,132,239,2024-11-17 13:47:37,34,Delivered,345.52
9408,571,107,147,2025-07-22 10:42:45,58,Preparing,1398.27
9409,680,132,249,2025-08-10 10:29:33,20,Delivered,440.39
9410,965,76,153,2025-12-22 23:35:25,53,Delivered,1668.46
9411,330,64,187,2024-08-27 00:19:27,41,Delivered,480.51
9412,943,133,248,2025-04-03 21:40:15,42,Delivered,518.01
9413,478,75,218,2025-06-04 17:35:12,39,Delivered,315.77
9414,846,3,82,2025-03-04 07:29:46,32,Delivered,896.91
9415,21,124,193,2025-06-04 22:24:55,57,Delivered,1521.52
9416,392,121,21,2024-10-23 04:48:05,23,Delivered,578.44
9417,5,107,156,2026-07-16 08:14:02,63,Preparing,768.54
9418,246,20,45,2026-01-12 04:28:48,21,Delivered,1022.27
9419,785,78,220,2026-03-02 08:00:38,15,Delivered,789.99
9420,789,116,36,2025-06-18 17:20:14,53,Delivered,1776.83
9421,875,14,70,2026-05-05 11:37:17,20,Delivered,430.01
9422,201,17,158,2026-05-12 22:22:56,63,Preparing,1214.02
9423,911,114,142,2024-09-09 16:48:15,55,Delivered,1376.59
9424,959,143,99,2025-08-01 05:33:25,59,Delivered,1741.54
9425,15,30,156,2025-07-02 15:47:03,67,Delivered,749.98
9426,253,31,116,2026-06-05 01:15:02,36,Delivered,152.0
9427,401,27,112,2024-11-06 21:09:25,22,Delivered,536.05
9428,866,70,13,2025-05-28 16:50:47,29,Delivered,918.99
9429,866,97,123,2025-03-04 14:50:00,36,Delivered,876.01
9430,839,15,149,2025-01-14 16:35:08,33,Delivered,363.72
9431,957,16,158,2026-01-30 12:52:01,37,Delivered,824.33
9432,749,15,56,2025-09-10 09:41:12,47,Delivered,681.51
9433,520,134,48,2026-02-03 01:03:50,27,Delivered,496.7
9434,633,110,125,2026-07-28 17:04:48,47,Delivered,1507.91
9435,317,52,239,2025-04-30 00:21:06,37,Delivered,1277.16
9436,374,149,28,2024-08-06 01:58:04,70,Delivered,1605.37
9437,478,105,64,2024-08-09 12:01:37,47,Delivered,1686.43
9438,721,148,38,2025-10-16 16:38:08,24,Delivered,1217.8
9439,277,59,125,2025-04-07 22:29:13,59,Delivered,844.54
9440,181,129,128,2025-01-22 08:46:19,21,Delivered,1490.44
9441,989,112,95,2025-07-23 17:00:34,70,Delivered,1200.92
9442,612,86,89,2024-12-10 19:07:57,27,Delivered,1676.66
9443,827,13,109,2024-12-31 07:39:23,57,Delivered,1165.3
9444,515,33,156,2025-02-24 20:21:30,31,Delivered,538.53
9445,822,16,156,2025-06-23 03:06:26,51,Delivered,1311.4
9446,534,86,84,2024-10-07 01:42:12,59,Delivered,350.31
9447,595,53,180,2025-07-09 11:12:09,68,Delivered,643.68
9448,225,22,80,2026-05-01 18:18:32,51,Delivered,584.46
9449,933,19,92,2025-06-24 15:29:06,31,Delivered,1590.77
9450,896,9,149,2025-12-22 22:49:30,40,Delivered,792.47
9451,319,37,141,2024-11-19 22:35:35,38,Delivered,204.44
9452,24,95,41,2026-05-26 00:25:43,62,Delivered,950.06
9453,708,120,238,2025-01-18 05:16:07,65,Delivered,757.5
9454,944,119,111,2026-01-03 00:41:10,39,Preparing,1469.8
9455,238,13,247,2024-10-23 12:45:32,43,Delivered,1237.19
9456,453,147,208,2025-01-04 17:55:37,53,Delivered,276.92
9457,661,1,150,2026-06-02 18:02:25,16,Delivered,1231.72
9458,785,26,160,2026-06-17 06:51:51,69,Delivered,954.65
9459,847,59,72,2024-12-30 00:45:09,66,Delivered,748.21
9460,43,70,31,2026-03-31 22:57:44,60,Delivered,973.39
9461,526,40,145,2025-06-12 19:18:51,24,Delivered,1119.43
9462,843,82,23,2024-10-26 03:03:33,63,Delivered,1170.0
9463,5,46,150,2024-08-07 17:15:12,59,Delivered,255.64
9464,754,24,78,2025-12-10 10:18:51,43,Delivered,1262.83
9465,867,115,46,2026-07-26 17:47:56,54,Delivered,1318.68
9466,380,83,33,2026-04-05 15:59:38,30,Delivered,459.85
9467,633,8,65,2025-11-20 11:18:24,54,Preparing,965.98
9468,492,75,81,2025-02-15 05:10:27,39,Preparing,617.28
9469,140,98,60,2025-03-05 23:09:33,27,Delivered,1706.8
9470,796,143,140,2026-02-02 12:26:43,34,Cancelled,1579.74
9471,351,17,147,2024-10-09 10:01:59,17,Delivered,630.08
9472,205,14,144,2025-07-02 03:36:00,23,Delivered,493.95
9473,121,109,204,2025-03-18 19:47:07,18,Delivered,1422.08
9474,261,68,206,2024-11-12 15:26:04,52,Delivered,754.13
9475,763,145,63,2026-07-28 03:59:57,70,Preparing,1679.98
9476,122,125,175,2024-12-31 10:43:18,45,Delivered,1181.68
9477,200,53,73,2026-02-04 17:51:02,60,Delivered,535.64
9478,769,11,246,2024-10-14 01:39:47,63,Delivered,1662.33
9479,465,29,141,2025-05-27 06:40:43,61,Delivered,1522.75
9480,103,137,41,2025-04-26 02:43:30,20,Delivered,1256.39
9481,906,112,171,2025-02-28 10:56:43,27,Delivered,1736.61
9482,69,136,238,2026-06-28 01:24:13,39,Delivered,1197.36
9483,534,30,173,2026-04-24 17:53:03,20,Delivered,1509.68
9484,558,16,40,2025-03-09 12:44:39,70,Delivered,1043.75
9485,247,103,148,2024-10-27 09:35:37,58,Delivered,160.34
9486,692,36,205,2026-07-10 01:41:31,68,Delivered,737.2
9487,623,82,62,2026-03-02 17:23:48,65,Delivered,660.85
9488,676,17,232,2024-12-28 18:55:36,19,Delivered,1274.64
9489,358,75,233,2025-07-21 04:11:55,64,Delivered,454.95
9490,401,64,152,2024-12-14 20:18:33,51,Delivered,418.19
9491,827,5,170,2025-07-24 09:39:34,25,Delivered,1308.94
9492,992,37,15,2025-07-29 00:30:26,29,Delivered,1195.56
9493,638,20,67,2025-12-22 12:42:48,35,Delivered,223.25
9494,659,7,168,2026-06-24 01:03:20,27,Delivered,752.61
9495,491,36,134,2025-05-26 17:06:33,39,Delivered,1164.53
9496,242,148,244,2025-09-08 13:38:36,55,Delivered,1598.01
9497,92,7,99,2025-05-06 05:55:25,69,Delivered,523.69
9498,219,134,48,2025-08-03 06:09:29,43,Delivered,1777.53
9499,840,56,243,2025-06-20 11:03:20,63,Delivered,1255.24
9500,880,46,178,2026-06-23 16:24:16,34,Delivered,795.5
9501,631,148,181,2026-07-12 13:13:05,25,Delivered,1069.61
9502,561,89,186,2026-03-05 04:47:21,36,Delivered,194.91
9503,2,29,163,2024-08-22 15:27:07,59,Preparing,1292.78
9504,832,94,174,2025-06-21 19:59:13,34,Delivered,658.49
9505,870,80,126,2026-05-26 23:58:46,53,Delivered,886.86
9506,59,94,27,2026-01-17 23:31:45,66,Delivered,1290.75
9507,877,120,4,2025-01-06 22:54:37,27,Delivered,430.6
9508,740,116,117,2026-04-03 16:55:22,36,Delivered,240.17
9509,353,65,192,2025-02-09 00:39:07,55,Delivered,1793.81
9510,247,147,20,2025-11-10 12:27:19,16,Preparing,494.53
9511,7,71,28,2025-03-13 02:43:09,61,Delivered,1205.84
9512,135,131,196,2024-12-15 22:06:07,19,Delivered,397.8
9513,771,117,45,2025-11-25 11:41:01,53,Delivered,1523.81
9514,335,92,227,2024-09-02 00:26:28,22,Delivered,504.1
9515,58,15,127,2026-04-26 00:52:05,63,Delivered,1420.71
9516,955,55,54,2025-03-01 13:26:33,59,Delivered,448.13
9517,358,27,120,2026-06-12 13:54:22,39,Delivered,1528.88
9518,638,45,31,2025-06-26 22:35:31,25,Delivered,839.52
9519,102,54,55,2026-04-18 07:37:13,34,Delivered,1619.42
9520,356,144,46,2024-09-21 00:22:53,55,Delivered,756.42
9521,408,90,102,2025-07-31 17:59:47,25,Delivered,1724.74
9522,613,84,217,2025-04-09 16:02:44,53,Delivered,1628.7
9523,581,78,224,2026-05-26 18:17:34,34,Delivered,642.61
9524,374,54,195,2025-04-19 06:57:27,43,Delivered,473.35
9525,463,143,233,2024-10-14 19:16:44,60,Preparing,439.37
9526,985,107,240,2025-08-30 10:23:12,33,Delivered,733.92
9527,439,80,128,2025-09-29 15:11:56,42,Delivered,740.87
9528,680,83,174,2025-07-06 21:27:05,46,Delivered,157.38
9529,121,144,105,2024-08-13 10:07:06,70,Delivered,1522.21
9530,406,119,154,2024-10-04 06:47:54,61,Delivered,832.37
9531,287,87,18,2026-05-09 07:42:34,21,Delivered,1207.92
9532,321,36,224,2026-05-17 08:24:49,68,Delivered,980.08
9533,3,80,224,2025-08-17 02:04:34,25,Delivered,773.54
9534,626,128,159,2025-11-22 09:59:31,37,Delivered,1353.64
9535,49,77,177,2025-11-19 03:11:57,40,Delivered,161.1
9536,975,100,57,2025-10-10 15:01:42,47,Delivered,1501.19
9537,188,130,96,2024-12-22 16:44:44,17,Delivered,318.65
9538,146,119,85,2024-12-09 23:57:27,15,Cancelled,1188.91
9539,167,8,164,2025-03-18 21:49:32,54,Delivered,702.14
9540,113,48,197,2026-01-21 16:45:35,64,Delivered,1075.78
9541,179,149,210,2024-12-18 00:16:22,58,Delivered,588.0
9542,840,98,225,2024-08-30 01:06:34,68,Delivered,962.81
9543,250,83,245,2026-06-14 07:00:57,61,Delivered,1587.6
9544,524,119,68,2024-12-07 02:19:26,52,Cancelled,1189.57
9545,323,25,34,2025-03-09 00:10:28,58,Delivered,692.53
9546,379,144,154,2025-10-07 07:25:46,30,Delivered,1051.21
9547,229,59,85,2025-01-15 07:34:26,47,Cancelled,633.93
9548,624,18,111,2025-07-09 22:27:05,52,Delivered,1707.58
9549,945,87,37,2025-03-25 00:35:01,23,Delivered,931.24
9550,696,83,21,2025-02-21 03:28:22,23,Preparing,1092.71
9551,46,17,141,2026-03-20 07:14:50,20,Delivered,648.18
9552,589,118,64,2025-02-21 16:42:55,64,Delivered,281.27
9553,916,109,62,2024-09-27 11:15:11,28,Delivered,192.0
9554,556,25,238,2026-03-18 00:56:29,70,Delivered,1254.59
9555,289,83,155,2025-08-18 11:33:21,63,Delivered,1551.84
9556,634,116,231,2024-12-06 17:20:31,56,Preparing,251.63
9557,868,93,158,2025-01-15 04:26:06,46,Delivered,1007.71
9558,269,75,92,2025-02-22 17:51:55,53,Delivered,427.25
9559,17,77,42,2025-04-23 07:19:31,16,Delivered,1642.99
9560,834,23,225,2025-06-26 19:29:35,47,Delivered,1184.85
9561,973,105,83,2026-03-27 14:38:48,32,Delivered,1524.71
9562,561,114,45,2025-04-15 10:52:25,35,Delivered,1315.05
9563,319,31,86,2026-04-08 10:28:33,22,Delivered,1096.71
9564,469,95,214,2024-12-28 14:08:24,43,Delivered,1769.28
9565,857,114,213,2025-08-22 04:31:45,65,Delivered,775.47
9566,925,8,220,2026-04-30 00:24:36,58,Delivered,1648.51
9567,434,71,29,2025-05-26 23:48:51,28,Delivered,1496.85
9568,176,139,68,2025-10-16 19:33:16,65,Cancelled,488.22
9569,869,81,199,2025-02-12 12:55:17,65,Delivered,1519.12
9570,552,41,125,2025-07-12 12:41:37,44,Delivered,1293.74
9571,598,34,227,2025-10-15 00:10:41,23,Delivered,1534.03
9572,114,96,100,2026-03-12 00:54:02,51,Delivered,1620.4
9573,613,8,112,2024-08-06 10:29:06,16,Cancelled,1214.25
9574,510,109,32,2024-12-04 14:48:55,16,Delivered,1324.21
9575,363,20,169,2025-05-03 20:34:02,23,Delivered,1179.45
9576,889,67,94,2026-06-08 00:47:51,52,Delivered,783.17
9577,113,86,244,2025-03-13 23:18:25,64,Delivered,1311.44
9578,616,67,226,2026-03-21 05:54:03,27,Delivered,1680.03
9579,677,109,52,2025-09-18 10:31:29,28,Delivered,1085.7
9580,525,69,152,2025-05-12 05:39:53,59,Delivered,1358.44
9581,754,122,228,2026-02-27 23:59:35,60,Delivered,1586.67
9582,116,144,133,2025-01-20 03:11:03,20,Delivered,1242.82
9583,876,23,31,2025-05-19 01:17:01,61,Delivered,1464.01
9584,625,84,225,2026-05-14 02:47:14,57,Preparing,493.96
9585,97,69,61,2026-03-12 04:48:32,25,Delivered,1188.67
9586,453,4,172,2024-11-12 07:57:06,44,Cancelled,1407.38
9587,149,126,129,2025-06-18 18:00:50,46,Delivered,836.83
9588,252,131,125,2025-10-06 13:43:12,63,Delivered,1215.7
9589,862,132,186,2025-10-13 02:27:28,19,Delivered,1713.39
9590,177,13,213,2024-08-30 06:26:32,47,Preparing,448.73
9591,56,79,73,2025-03-04 05:23:48,48,Delivered,1493.3
9592,245,82,29,2026-01-14 14:46:22,53,Delivered,1430.91
9593,797,144,26,2025-07-27 06:25:03,41,Cancelled,1117.11
9594,488,29,206,2024-12-10 09:40:16,63,Delivered,630.0
9595,145,88,160,2024-12-29 17:54:14,52,Delivered,1310.45
9596,887,48,131,2025-09-02 15:12:03,33,Delivered,603.74
9597,100,128,12,2025-07-01 01:30:48,60,Delivered,1471.18
9598,670,58,219,2026-02-19 03:12:02,55,Delivered,543.62
9599,505,71,54,2026-01-28 12:08:37,31,Delivered,1778.49
9600,930,16,215,2025-02-20 20:14:04,36,Delivered,930.44
9601,175,86,182,2024-09-16 04:01:08,66,Delivered,971.73
9602,229,63,236,2025-12-18 03:17:21,37,Delivered,533.86
9603,513,42,195,2024-08-07 10:51:42,25,Delivered,1186.48
9604,343,40,157,2024-07-31 13:25:09,59,Delivered,840.45
9605,377,74,104,2025-11-03 16:41:24,26,Delivered,785.87
9606,463,3,163,2025-04-18 07:08:47,18,Delivered,221.87
9607,141,28,211,2025-01-21 11:39:28,23,Delivered,904.15
9608,794,97,111,2025-08-22 02:13:47,33,Delivered,1199.62
9609,684,55,100,2026-06-08 05:27:59,24,Delivered,360.98
9610,775,63,228,2025-04-16 23:41:28,61,Delivered,1194.43
9611,103,27,62,2025-11-27 03:41:01,32,Delivered,1149.47
9612,555,149,84,2026-06-16 22:59:06,16,Delivered,1502.75
9613,85,135,74,2025-03-29 03:22:48,47,Preparing,1685.16
9614,263,92,70,2025-08-07 05:13:44,57,Preparing,1113.52
9615,753,113,37,2026-02-25 07:53:23,37,Delivered,1540.36
9616,675,15,74,2025-02-22 03:51:33,46,Delivered,1526.71
9617,129,28,115,2024-12-11 12:13:31,68,Delivered,531.04
9618,264,1,241,2024-10-08 00:47:28,31,Delivered,687.18
9619,894,73,78,2025-05-28 14:50:34,31,Delivered,1294.71
9620,372,125,80,2026-02-13 01:15:13,48,Delivered,632.47
9621,326,41,82,2025-03-02 09:38:54,23,Delivered,994.17
9622,524,137,171,2025-01-27 04:05:59,66,Delivered,775.2
9623,886,5,227,2025-04-04 14:45:06,50,Delivered,1626.86
9624,257,61,22,2026-03-27 02:03:55,45,Preparing,634.68
9625,79,61,241,2025-10-30 07:17:48,53,Delivered,1431.82
9626,720,128,88,2025-11-09 17:49:38,31,Delivered,1165.16
9627,500,125,124,2024-08-10 11:51:07,23,Delivered,1794.2
9628,756,32,93,2026-05-08 19:19:28,31,Delivered,419.33
9629,119,43,82,2026-04-09 22:52:29,63,Preparing,152.48
9630,209,135,174,2024-08-23 07:23:45,28,Delivered,311.6
9631,295,122,36,2025-10-23 18:25:25,26,Delivered,1577.17
9632,467,38,12,2026-03-27 16:39:18,43,Delivered,263.58
9633,495,89,56,2025-01-16 05:36:17,67,Delivered,1705.89
9634,54,110,61,2025-08-03 12:37:22,25,Delivered,1663.11
9635,619,143,170,2025-09-16 13:07:13,55,Delivered,957.77
9636,467,54,58,2024-09-27 09:04:31,38,Delivered,1787.18
9637,544,88,235,2025-02-17 10:46:07,48,Delivered,1206.26
9638,375,92,175,2026-01-01 23:47:56,49,Cancelled,1446.2
9639,993,107,242,2025-06-25 23:44:27,29,Delivered,294.56
9640,619,72,205,2024-09-05 19:56:02,64,Delivered,1600.38
9641,745,16,143,2025-03-22 18:00:23,48,Delivered,987.21
9642,723,149,133,2025-08-12 16:05:26,60,Delivered,1020.82
9643,934,26,205,2026-05-17 12:07:28,53,Delivered,449.22
9644,123,128,210,2025-12-14 00:36:36,60,Delivered,620.76
9645,799,1,106,2025-12-04 08:28:51,31,Delivered,1235.74
9646,603,82,87,2025-06-12 23:00:59,27,Delivered,472.52
9647,291,145,174,2026-02-21 12:55:58,44,Delivered,1418.28
9648,456,33,161,2024-10-09 23:15:50,15,Delivered,1517.27
9649,893,145,173,2025-03-14 02:37:38,28,Delivered,394.72
9650,794,51,212,2025-01-17 14:18:38,55,Preparing,1530.0
9651,33,7,157,2025-07-17 22:43:31,56,Delivered,1371.77
9652,782,118,58,2025-08-25 10:55:43,22,Delivered,515.56
9653,301,59,1,2026-07-03 04:27:23,57,Delivered,1463.98
9654,510,44,79,2025-09-07 22:34:11,31,Delivered,544.54
9655,587,8,237,2025-02-17 12:08:39,46,Delivered,373.35
9656,933,43,94,2025-02-28 06:56:54,46,Delivered,1040.49
9657,603,111,240,2025-01-09 22:41:15,53,Preparing,232.25
9658,311,29,146,2025-07-19 01:18:10,47,Delivered,1237.42
9659,483,42,72,2024-09-06 20:30:37,33,Delivered,743.92
9660,39,113,99,2025-06-01 18:50:37,51,Delivered,1494.17
9661,365,37,209,2026-02-14 07:36:36,49,Delivered,298.54
9662,793,145,119,2025-05-16 11:19:22,46,Delivered,738.78
9663,437,104,92,2024-10-01 00:43:24,69,Preparing,1686.52
9664,901,137,13,2025-09-23 05:28:02,18,Delivered,639.65
9665,22,37,120,2026-03-05 12:03:31,43,Delivered,343.27
9666,887,33,57,2025-07-14 15:42:54,21,Delivered,710.18
9667,483,95,24,2026-05-15 00:41:03,16,Preparing,181.92
9668,396,106,193,2025-12-17 08:25:43,49,Delivered,1570.55
9669,245,150,200,2026-05-25 01:06:57,45,Preparing,540.68
9670,277,116,249,2025-04-28 00:08:51,55,Delivered,300.28
9671,710,140,69,2026-06-11 09:23:56,66,Preparing,979.82
9672,887,100,59,2025-06-16 21:34:34,70,Delivered,440.99
9673,179,20,138,2025-02-13 05:18:11,25,Delivered,469.6
9674,874,122,249,2026-06-25 01:59:33,23,Delivered,336.8
9675,143,134,240,2025-06-15 16:47:42,17,Delivered,489.21
9676,773,23,14,2026-05-19 13:31:06,24,Delivered,533.58
9677,26,93,10,2025-07-27 01:37:59,39,Delivered,1261.1
9678,571,45,174,2024-11-08 02:30:28,37,Delivered,1793.21
9679,590,41,84,2026-01-07 19:08:32,33,Delivered,1472.51
9680,345,72,127,2026-06-10 02:59:31,39,Delivered,276.84
9681,617,24,77,2025-05-26 04:46:04,38,Delivered,1132.03
9682,863,14,53,2026-03-07 12:05:19,39,Delivered,735.75
9683,766,73,41,2025-01-26 16:37:15,68,Preparing,877.6
9684,262,112,109,2025-06-07 23:05:45,43,Cancelled,1379.84
9685,129,43,105,2025-10-01 22:37:56,59,Delivered,271.89
9686,312,113,151,2026-07-17 05:37:24,15,Delivered,736.84
9687,770,86,241,2026-04-18 12:53:58,25,Delivered,635.5
9688,775,44,178,2026-06-29 03:31:00,17,Delivered,1439.86
9689,267,38,94,2026-03-28 13:49:53,33,Delivered,1028.46
9690,385,70,59,2024-09-19 05:10:23,45,Delivered,1539.24
9691,983,102,11,2025-05-10 16:45:09,59,Delivered,628.58
9692,769,131,160,2025-12-23 00:26:34,46,Preparing,516.49
9693,112,110,12,2025-03-16 16:47:20,22,Delivered,1545.69
9694,241,145,155,2026-06-14 08:11:41,38,Delivered,301.68
9695,791,82,72,2026-01-19 02:45:04,66,Delivered,157.97
9696,356,6,174,2024-10-04 17:42:30,62,Delivered,1537.02
9697,477,16,181,2025-09-05 13:05:49,48,Delivered,1054.3
9698,544,132,62,2025-05-14 14:24:25,36,Delivered,1384.78
9699,914,91,129,2026-04-24 05:45:00,56,Preparing,520.27
9700,268,83,68,2025-09-04 00:58:11,55,Delivered,765.54
9701,628,115,148,2026-02-28 22:07:49,51,Delivered,1323.67
9702,267,35,90,2025-11-14 00:46:52,61,Delivered,417.34
9703,595,15,188,2025-10-15 18:27:40,64,Delivered,501.44
9704,543,43,205,2024-08-24 03:05:38,45,Delivered,999.97
9705,600,127,227,2026-07-27 22:14:35,58,Delivered,251.86
9706,710,116,134,2024-09-13 12:28:27,70,Delivered,861.33
9707,822,124,238,2024-11-21 21:56:04,26,Delivered,533.74
9708,778,131,28,2025-07-15 18:32:38,36,Delivered,1046.5
9709,414,113,134,2025-08-02 07:12:48,58,Delivered,1612.2
9710,268,96,28,2026-07-17 03:30:28,21,Delivered,1627.13
9711,925,57,174,2026-01-20 11:46:03,69,Delivered,617.62
9712,494,19,166,2024-12-05 17:27:38,60,Delivered,1167.9
9713,159,119,87,2025-10-20 03:03:47,25,Delivered,1634.58
9714,21,3,186,2026-05-14 22:29:01,24,Delivered,1177.44
9715,811,95,223,2024-10-22 12:00:38,54,Delivered,464.38
9716,76,144,217,2024-08-06 16:18:51,46,Delivered,241.72
9717,209,47,11,2026-03-24 15:10:44,51,Delivered,770.85
9718,227,6,17,2025-09-03 15:32:14,33,Delivered,822.13
9719,810,28,160,2025-03-25 08:16:56,45,Delivered,1081.24
9720,994,74,19,2025-04-14 21:27:33,57,Delivered,855.16
9721,336,136,244,2024-08-29 22:00:09,15,Delivered,1438.08
9722,228,40,182,2026-01-21 19:56:56,61,Delivered,1343.11
9723,914,69,11,2025-07-17 00:34:01,19,Preparing,902.5
9724,853,49,227,2025-12-15 18:54:05,17,Delivered,1716.85
9725,497,8,159,2026-05-13 11:42:19,44,Delivered,586.39
9726,854,118,152,2026-05-10 16:02:33,18,Delivered,935.55
9727,715,60,122,2025-10-08 15:49:09,28,Preparing,324.2
9728,427,147,204,2025-05-24 03:32:30,24,Delivered,1155.87
9729,503,80,106,2024-08-13 22:26:28,18,Delivered,176.77
9730,410,114,121,2025-03-11 08:33:39,33,Delivered,1130.77
9731,474,15,17,2025-01-28 12:23:16,47,Delivered,761.15
9732,692,102,98,2025-05-07 06:41:31,62,Cancelled,1047.89
9733,387,25,1,2025-06-13 23:51:04,48,Preparing,1447.63
9734,831,117,11,2026-03-05 20:34:35,15,Delivered,1518.42
9735,103,2,236,2026-06-14 08:50:09,24,Delivered,368.47
9736,120,44,180,2025-06-26 19:34:06,40,Delivered,509.99
9737,967,11,82,2024-08-23 21:39:11,21,Delivered,209.0
9738,945,20,195,2025-04-17 04:15:14,49,Preparing,1361.0
9739,580,51,203,2026-06-27 16:01:43,32,Delivered,334.64
9740,802,98,235,2024-08-26 10:01:42,44,Delivered,1004.97
9741,489,17,11,2025-01-22 01:46:16,68,Preparing,614.66
9742,313,21,21,2026-01-28 08:13:49,65,Delivered,1431.98
9743,436,59,215,2025-02-06 16:11:00,26,Delivered,1377.08
9744,372,29,146,2025-07-09 02:08:44,39,Delivered,372.95
9745,994,85,130,2025-02-21 10:56:09,55,Delivered,863.85
9746,150,28,17,2026-07-09 15:30:27,70,Delivered,1581.59
9747,160,84,65,2025-06-24 00:28:48,69,Delivered,1493.94
9748,400,81,84,2025-10-31 23:49:06,17,Preparing,1315.08
9749,946,41,231,2025-08-28 13:37:43,60,Delivered,1005.12
9750,988,37,235,2025-02-04 20:43:14,35,Delivered,584.57
9751,538,13,85,2025-01-09 03:57:35,59,Delivered,719.73
9752,858,85,1,2024-08-19 01:46:14,25,Delivered,1747.84
9753,667,36,108,2025-06-01 22:10:33,28,Delivered,768.42
9754,233,30,169,2025-08-08 06:10:29,44,Delivered,624.35
9755,454,128,242,2025-12-11 17:58:01,22,Delivered,1736.79
9756,158,1,40,2025-07-05 20:18:36,16,Delivered,1288.84
9757,631,34,4,2025-12-28 06:16:42,30,Delivered,1014.62
9758,461,109,213,2025-01-08 22:40:17,61,Delivered,912.69
9759,315,133,227,2024-08-15 08:21:19,25,Delivered,1380.17
9760,568,3,128,2026-04-24 23:24:08,27,Delivered,222.43
9761,855,77,157,2025-06-08 06:54:47,42,Delivered,1301.65
9762,937,99,107,2025-07-29 21:39:44,40,Cancelled,1400.11
9763,448,45,146,2026-01-24 10:11:15,39,Delivered,408.49
9764,812,112,243,2026-04-04 19:22:53,56,Delivered,1156.41
9765,72,11,66,2026-06-18 12:46:58,65,Delivered,352.96
9766,425,77,211,2026-07-01 19:32:28,53,Delivered,574.1
9767,851,83,164,2024-10-30 11:00:50,47,Delivered,1359.3
9768,932,105,89,2025-09-27 16:52:05,44,Delivered,1711.87
9769,252,116,29,2026-07-23 18:12:16,37,Delivered,426.07
9770,515,149,55,2024-11-11 10:01:35,55,Delivered,1009.86
9771,870,119,198,2024-12-18 05:34:19,28,Delivered,1441.93
9772,178,120,197,2026-02-19 20:58:21,39,Delivered,678.68
9773,775,137,162,2024-12-18 12:32:13,33,Delivered,1571.05
9774,787,75,110,2025-06-20 18:37:56,59,Delivered,1186.22
9775,664,16,49,2025-06-12 18:18:28,61,Delivered,196.06
9776,659,26,218,2026-06-18 16:17:51,34,Delivered,835.93
9777,775,145,76,2026-05-26 04:45:11,37,Cancelled,482.06
9778,567,45,56,2025-08-02 07:09:23,23,Preparing,654.33
9779,980,86,186,2026-07-06 19:58:59,30,Delivered,789.54
9780,528,42,34,2025-10-18 09:31:08,64,Delivered,1137.81
9781,752,107,209,2025-12-10 00:13:42,38,Delivered,1256.89
9782,311,39,171,2025-03-04 11:38:50,15,Preparing,1763.33
9783,862,141,1,2026-03-23 21:06:26,22,Delivered,1485.63
9784,478,102,19,2024-09-30 04:44:15,65,Delivered,1635.32
9785,689,117,124,2025-11-18 05:03:51,15,Delivered,662.67
9786,92,30,237,2024-08-10 14:29:06,20,Delivered,1423.86
9787,111,98,215,2026-03-19 23:49:22,24,Delivered,733.53
9788,625,70,42,2025-08-30 16:02:52,50,Delivered,741.01
9789,474,104,87,2025-07-15 05:41:26,17,Delivered,255.94
9790,207,115,226,2025-08-27 16:55:18,55,Delivered,759.05
9791,450,36,31,2025-12-13 15:16:37,70,Delivered,256.18
9792,672,143,213,2025-08-26 21:56:05,20,Delivered,1213.36
9793,876,68,76,2025-06-28 18:13:55,29,Delivered,379.58
9794,500,58,36,2025-04-10 16:20:09,63,Delivered,768.87
9795,407,145,75,2025-01-14 09:53:59,24,Delivered,831.56
9796,194,142,3,2025-08-23 06:35:37,68,Delivered,435.67
9797,885,51,240,2026-03-11 07:36:06,25,Cancelled,1486.26
9798,428,58,178,2025-04-10 23:40:20,56,Delivered,660.5
9799,82,16,118,2026-01-05 07:47:30,36,Delivered,1134.6
9800,886,122,21,2025-11-05 09:13:39,32,Delivered,1553.37
9801,988,48,111,2026-04-17 22:02:30,61,Cancelled,371.15
9802,227,8,204,2026-05-01 23:42:04,39,Delivered,1471.32
9803,749,98,228,2024-09-03 07:54:23,22,Delivered,477.94
9804,752,52,214,2025-05-25 19:39:33,61,Delivered,1380.87
9805,423,128,77,2025-07-29 16:32:09,60,Delivered,1289.37
9806,744,81,233,2026-03-04 17:11:40,34,Cancelled,737.01
9807,292,122,67,2025-01-04 11:35:34,30,Delivered,1113.53
9808,501,87,35,2025-10-16 20:19:50,65,Delivered,1122.57
9809,821,42,167,2025-06-16 04:16:54,34,Delivered,1151.75
9810,935,145,143,2025-01-03 18:53:33,52,Delivered,458.77
9811,817,74,88,2025-03-22 17:10:18,37,Delivered,193.53
9812,667,72,39,2026-01-08 00:44:53,22,Delivered,336.06
9813,652,103,31,2026-04-21 16:47:38,22,Delivered,1530.77
9814,457,135,83,2024-12-07 10:53:47,66,Delivered,494.43
9815,757,9,185,2026-01-20 22:54:29,37,Delivered,1172.91
9816,390,99,239,2025-09-02 02:31:00,23,Preparing,861.34
9817,181,56,61,2026-01-18 19:09:30,51,Delivered,548.05
9818,952,3,9,2025-11-21 00:20:25,62,Delivered,1626.38
9819,671,89,189,2026-06-03 14:45:22,37,Preparing,1131.5
9820,882,47,222,2026-05-18 13:59:07,55,Delivered,1293.77
9821,466,125,172,2025-08-24 07:27:18,62,Delivered,439.92
9822,368,41,80,2026-03-08 05:14:55,38,Delivered,1536.45
9823,827,9,32,2025-08-07 02:47:18,29,Preparing,1367.85
9824,120,17,114,2025-06-04 14:25:50,37,Delivered,542.07
9825,212,94,143,2024-08-16 18:13:51,27,Delivered,1621.16
9826,853,145,162,2026-02-25 07:22:36,26,Delivered,292.8
9827,440,149,80,2026-05-15 11:44:37,34,Delivered,967.53
9828,561,122,18,2025-03-30 15:55:22,44,Preparing,531.12
9829,974,56,90,2026-04-10 12:36:35,59,Delivered,1273.41
9830,86,15,234,2025-12-06 08:45:06,37,Delivered,609.7
9831,919,45,85,2025-04-05 16:12:40,42,Delivered,1649.21
9832,219,109,202,2026-05-18 20:23:04,32,Delivered,1434.93
9833,877,32,111,2024-08-15 01:54:28,20,Delivered,150.33
9834,614,37,239,2026-05-15 11:53:26,50,Delivered,1030.33
9835,740,122,143,2026-01-01 01:07:55,33,Delivered,1296.16
9836,493,85,27,2025-12-05 16:21:01,35,Delivered,1234.56
9837,810,36,13,2025-03-21 03:57:08,59,Delivered,1571.18
9838,767,91,10,2025-10-15 13:46:10,67,Delivered,1166.33
9839,107,33,188,2024-11-13 06:58:17,49,Delivered,1561.18
9840,406,133,85,2024-11-14 00:39:14,51,Cancelled,630.66
9841,431,74,211,2026-05-03 12:41:22,51,Delivered,313.93
9842,927,22,23,2024-10-28 16:14:27,35,Delivered,1201.41
9843,555,82,80,2026-01-19 11:22:21,16,Delivered,1385.05
9844,129,26,133,2025-07-17 19:00:28,17,Delivered,1293.76
9845,804,3,184,2024-09-12 15:27:04,30,Delivered,824.56
9846,174,60,176,2025-02-17 20:18:13,38,Delivered,1057.28
9847,888,44,38,2025-12-14 07:28:32,53,Delivered,855.44
9848,363,103,24,2026-05-25 06:52:00,27,Delivered,252.02
9849,451,62,205,2025-10-07 19:57:58,54,Delivered,872.34
9850,664,75,131,2025-06-22 07:07:38,33,Delivered,1722.83
9851,316,51,8,2026-03-15 06:03:09,15,Delivered,632.21
9852,346,116,189,2026-01-23 21:25:56,46,Delivered,630.16
9853,664,76,231,2026-03-15 03:13:15,41,Delivered,1384.65
9854,811,89,223,2024-09-27 10:52:55,21,Delivered,310.2
9855,251,52,194,2025-09-25 10:16:30,26,Cancelled,515.79
9856,805,63,181,2026-05-31 09:35:32,42,Delivered,698.66
9857,753,91,119,2025-06-05 21:31:13,59,Delivered,776.58
9858,896,15,117,2026-01-10 09:43:43,18,Delivered,1645.41
9859,345,6,117,2026-02-10 20:36:04,61,Preparing,855.68
9860,46,99,148,2025-07-07 23:34:46,56,Delivered,181.81
9861,959,93,183,2024-08-21 03:54:42,24,Delivered,1715.14
9862,431,132,158,2025-06-10 07:04:19,41,Delivered,1568.2
9863,753,54,35,2025-05-28 13:42:42,39,Delivered,570.16
9864,278,28,167,2025-01-05 00:23:27,60,Delivered,448.05
9865,279,4,173,2024-12-21 04:05:07,63,Delivered,472.57
9866,447,134,73,2026-05-11 16:25:30,47,Delivered,675.28
9867,807,100,13,2024-09-14 14:13:57,15,Delivered,260.97
9868,676,40,2,2026-03-13 08:14:20,47,Delivered,789.34
9869,222,136,228,2024-09-21 05:21:11,50,Delivered,505.61
9870,694,149,162,2025-06-06 11:26:04,56,Delivered,284.02
9871,98,130,152,2026-03-13 16:59:22,51,Delivered,1072.4
9872,877,28,245,2024-12-02 13:26:37,54,Delivered,1594.16
9873,132,25,106,2025-10-20 21:59:54,36,Delivered,1548.64
9874,979,19,120,2026-07-22 03:22:01,62,Delivered,844.62
9875,9,27,131,2026-01-05 06:10:29,17,Preparing,861.22
9876,451,82,192,2026-06-25 06:01:18,23,Delivered,366.43
9877,612,23,86,2026-06-12 07:34:28,23,Delivered,1164.21
9878,173,131,28,2024-08-09 13:58:41,65,Preparing,816.11
9879,447,87,204,2025-08-01 16:05:18,62,Delivered,1714.4
9880,206,20,53,2024-12-24 22:17:15,20,Delivered,1416.79
9881,472,75,146,2026-04-18 21:16:31,30,Delivered,688.16
9882,731,126,174,2025-10-22 17:32:51,42,Delivered,1442.64
9883,353,88,158,2025-10-23 14:45:23,30,Preparing,848.07
9884,379,17,24,2024-12-13 18:50:58,70,Delivered,360.44
9885,448,109,161,2026-03-16 14:33:10,64,Delivered,782.57
9886,611,29,117,2026-05-10 03:55:30,25,Delivered,1415.99
9887,258,137,178,2025-08-28 09:25:05,27,Delivered,1032.76
9888,890,50,74,2026-05-11 23:18:47,22,Delivered,700.68
9889,193,52,73,2025-11-19 07:11:12,40,Delivered,931.09
9890,607,107,217,2024-09-29 06:33:05,55,Preparing,877.61
9891,457,78,166,2026-01-02 17:21:51,62,Delivered,1304.75
9892,312,65,138,2025-10-12 04:39:16,24,Delivered,1548.12
9893,876,126,56,2026-04-24 04:20:44,54,Preparing,1238.21
9894,109,33,229,2025-09-18 18:45:22,36,Preparing,991.67
9895,962,126,246,2026-07-21 19:05:36,45,Delivered,215.98
9896,798,90,15,2024-11-30 03:15:47,28,Delivered,711.73
9897,213,80,196,2025-08-14 01:49:07,57,Delivered,238.91
9898,722,107,83,2024-10-30 06:27:06,59,Delivered,1078.38
9899,440,57,140,2025-10-08 11:12:43,46,Delivered,633.71
9900,906,126,21,2024-11-25 14:46:27,29,Delivered,422.81
9901,763,62,165,2025-06-19 06:16:44,66,Delivered,1298.54
9902,924,64,68,2026-01-25 15:43:55,70,Delivered,192.09
9903,378,118,212,2025-04-05 20:02:19,23,Delivered,1346.16
9904,998,115,108,2026-06-15 08:27:05,68,Delivered,845.98
9905,161,11,225,2026-03-18 17:22:56,41,Delivered,1192.43
9906,888,61,229,2025-01-03 13:43:57,53,Delivered,1765.28
9907,452,125,117,2026-03-21 04:06:50,31,Delivered,306.68
9908,884,144,65,2026-04-14 18:26:41,27,Delivered,1638.32
9909,768,29,134,2025-01-26 08:03:09,26,Preparing,240.7
9910,13,56,172,2025-07-24 04:35:57,32,Delivered,1363.97
9911,344,131,47,2024-10-07 07:23:40,45,Delivered,337.03
9912,904,125,51,2025-07-19 10:42:41,58,Delivered,373.1
9913,983,14,55,2026-02-21 22:13:34,20,Delivered,871.29
9914,405,73,231,2026-07-09 07:33:10,42,Delivered,309.13
9915,969,129,239,2026-07-15 05:52:37,32,Delivered,1454.62
9916,511,120,135,2024-08-02 18:47:15,50,Delivered,652.53
9917,875,129,161,2025-09-16 18:01:18,60,Delivered,1171.71
9918,901,92,120,2025-06-22 12:44:31,59,Delivered,290.75
9919,300,23,118,2026-04-28 19:24:01,53,Delivered,837.62
9920,663,14,239,2026-05-05 02:23:42,39,Delivered,1648.03
9921,182,58,164,2025-03-25 06:20:06,60,Delivered,734.68
9922,22,138,221,2025-11-15 10:39:22,56,Preparing,1342.46
9923,754,53,243,2025-02-17 21:17:15,23,Delivered,1256.51
9924,986,102,101,2024-12-09 08:40:27,48,Cancelled,1044.3
9925,677,147,135,2025-06-08 19:28:13,34,Delivered,184.44
9926,192,99,241,2025-10-28 05:49:14,66,Delivered,1208.44
9927,51,82,235,2025-03-12 19:37:17,23,Delivered,309.46
9928,774,44,11,2024-11-28 13:55:16,61,Delivered,821.56
9929,865,25,207,2024-08-21 12:37:34,29,Delivered,443.34
9930,577,73,154,2025-01-05 06:14:45,38,Delivered,237.52
9931,730,146,107,2026-02-06 17:19:56,70,Delivered,1789.81
9932,553,70,202,2026-01-20 05:45:59,55,Delivered,421.57
9933,736,123,14,2025-10-31 09:14:45,34,Delivered,489.91
9934,980,109,139,2025-09-18 01:07:48,43,Delivered,386.74
9935,770,146,115,2026-01-13 15:26:57,41,Delivered,401.36
9936,973,51,86,2025-12-27 11:34:24,34,Delivered,816.64
9937,70,72,185,2025-01-27 03:23:07,29,Preparing,348.81
9938,759,51,240,2026-06-15 21:38:12,57,Preparing,1184.44
9939,701,78,143,2024-10-04 17:09:05,67,Delivered,1101.03
9940,601,93,63,2026-01-04 00:27:22,19,Delivered,1774.89
9941,52,9,134,2026-03-19 23:33:00,64,Delivered,1672.33
9942,320,13,249,2025-01-29 11:04:56,64,Delivered,439.36
9943,107,116,9,2025-04-08 22:10:16,28,Delivered,565.02
9944,906,63,205,2025-03-21 00:17:26,46,Delivered,509.25
9945,210,77,210,2026-01-13 17:46:21,55,Delivered,253.3
9946,906,113,32,2025-12-07 23:01:34,66,Delivered,1632.7
9947,893,101,42,2025-11-08 06:22:28,69,Delivered,942.54
9948,904,121,156,2026-01-17 19:28:26,69,Preparing,1494.07
9949,745,76,187,2024-08-13 00:53:18,24,Preparing,1208.95
9950,182,26,9,2024-10-24 19:09:18,67,Delivered,374.05
9951,914,69,139,2025-03-05 07:33:02,64,Delivered,1319.09
9952,915,23,232,2025-05-03 17:54:14,45,Delivered,1774.53
9953,750,126,176,2026-03-23 02:12:11,51,Delivered,282.29
9954,148,71,176,2025-10-11 08:42:59,18,Delivered,1348.84
9955,282,100,210,2025-11-15 05:59:33,20,Delivered,842.58
9956,660,82,24,2025-06-19 03:48:14,54,Delivered,433.3
9957,95,71,90,2025-07-13 07:26:42,45,Delivered,849.79
9958,949,137,231,2024-08-18 20:49:02,59,Delivered,987.28
9959,167,55,114,2025-05-20 12:20:55,47,Delivered,1388.78
9960,474,25,174,2025-11-06 04:14:09,44,Delivered,258.63
9961,605,147,248,2024-12-15 14:06:49,27,Cancelled,1231.96
9962,620,23,127,2024-09-16 09:25:38,39,Delivered,939.15
9963,682,126,164,2025-11-20 05:56:21,15,Delivered,432.58
9964,450,148,221,2025-04-19 03:11:11,42,Delivered,1365.32
9965,314,87,47,2026-04-26 14:35:55,43,Delivered,1548.72
9966,972,51,1,2025-09-20 09:54:41,59,Preparing,512.03
9967,559,128,129,2025-07-05 04:36:23,55,Delivered,843.07
9968,802,74,109,2024-12-23 12:36:14,36,Delivered,657.4
9969,612,23,169,2024-07-30 14:39:19,63,Cancelled,834.11
9970,662,78,154,2025-05-10 19:00:58,56,Delivered,1299.98
9971,617,50,179,2025-02-14 19:38:09,26,Delivered,1340.8
9972,145,43,97,2025-11-12 17:38:21,50,Cancelled,814.39
9973,483,7,166,2025-09-14 02:47:57,58,Delivered,755.63
9974,994,126,137,2024-12-02 04:59:42,38,Delivered,623.46
9975,496,99,228,2025-02-24 23:40:00,35,Delivered,1106.98
9976,267,108,74,2025-01-25 06:19:28,28,Delivered,983.7
9977,228,34,39,2025-10-08 02:59:21,26,Delivered,909.82
9978,20,67,20,2026-07-07 19:03:55,23,Delivered,798.84
9979,771,62,178,2025-08-31 05:38:10,66,Delivered,1404.62
9980,586,72,215,2026-02-25 18:42:49,35,Delivered,1369.54
9981,660,114,60,2026-03-23 14:59:51,21,Delivered,1090.68
9982,676,109,109,2025-03-01 22:37:48,26,Delivered,1235.19
9983,504,113,110,2025-12-22 16:22:42,15,Delivered,1066.47
9984,825,129,16,2026-03-31 20:08:49,45,Preparing,250.42
9985,148,66,81,2025-02-04 15:19:28,48,Delivered,1331.48
9986,694,110,70,2026-04-20 13:08:27,22,Delivered,1231.15
9987,246,100,157,2024-09-09 05:49:00,45,Delivered,1235.76
9988,775,58,194,2026-01-21 17:32:01,65,Delivered,485.06
9989,518,51,186,2024-11-20 00:10:36,27,Delivered,1501.25
9990,568,132,54,2026-03-29 02:09:44,50,Delivered,807.62
9991,595,136,39,2026-06-06 00:40:49,37,Delivered,1733.33
9992,216,143,223,2026-01-18 21:44:12,61,Delivered,1038.56
9993,933,97,90,2026-01-06 21:51:10,26,Delivered,561.63
9994,39,126,207,2026-04-28 13:12:08,67,Delivered,1525.79
9995,647,61,123,2026-02-24 03:13:34,49,Preparing,534.19
9996,647,93,35,2024-09-25 14:03:11,22,Delivered,1012.57
9997,386,133,66,2025-07-25 22:41:19,53,Delivered,1250.38
9998,952,54,238,2026-02-11 22:31:31,33,Delivered,1649.36
9999,799,90,15,2025-09-20 13:03:40,49,Delivered,404.05
10000,737,40,105,2024-10-23 18:45:34,57,Delivered,455.41
