payment_id,order_id,payment_method,payment_status
1,1,Wallet,Success
2,2,UPI,Success
3,3,Card,Success
4,4,Card,Success
5,5,Wallet,Success
6,6,Wallet,Success
7,7,Card,Success
8,8,UPI,Success
9,9,Wallet,Success
10,10,Cash,Success
11,11,Cash,Success
12,12,Wallet,Success
13,13,Wallet,Success
14,14,Cash,Success
15,15,Card,Success
16,16,Cash,Success
17,17,Card,Success
18,18,Card,Success
19,19,Cash,Success
20,20,Card,Success
21,21,Cash,Success
22,22,UPI,Success
23,23,Cash,Success
24,24,Wallet,Success
25,25,Wallet,Success
26,26,UPI,Success
27,27,Card,Success
28,28,Cash,Success
29,29,UPI,Success
30,30,Cash,Success
31,31,Card,Success
32,32,Card,Success
33,33,Cash,Success
34,34,Card,Success
35,35,Cash,Success
36,36,Wallet,Success
37,37,UPI,Success
38,38,UPI,Success
39,39,Card,Success
40,40,Wallet,Success
41,41,Cash,Success
42,42,Cash,Success
43,43,Cash,Success
44,44,Card,Success
45,45,Cash,Success
46,46,Cash,Failed
47,47,Card,Success
48,48,Wallet,Success
49,49,Cash,Success
50,50,UPI,Success
51,51,Card,Success
52,52,Wallet,Success
53,53,Cash,Success
54,54,UPI,Success
55,55,Cash,Success
56,56,UPI,Success
57,57,Card,Success
58,58,Cash,Success
59,59,Card,Success
60,60,Wallet,Success
61,61,UPI,Success
62,62,Cash,Success
63,63,UPI,Success
64,64,Card,Success
65,65,Cash,Success
66,66,Cash,Success
67,67,UPI,Success
68,68,Cash,Success
69,69,Card,Success
70,70,UPI,Success
71,71,Card,Success
72,72,UPI,Success
73,73,UPI,Success
74,74,Card,Success
75,75,Wallet,Success
76,76,Card,Success
77,77,Cash,Success
78,78,Wallet,Success
79,79,UPI,Success
80,80,UPI,Success
81,81,Wallet,Success
82,82,Card,Success
83,83,Card,Success
84,84,Wallet,Success
85,85,Cash,Success
86,86,UPI,Success
87,87,Card,Success
88,88,Cash,Success
89,89,UPI,Success
90,90,Card,Success
91,91,UPI,Success
92,92,Wallet,Success
93,93,Wallet,Failed
94,94,Cash,Success
95,95,UPI,Success
96,96,UPI,Success
97,97,Card,Success
98,98,Card,Success
99,99,UPI,Success
100,100,Card,Success
101,101,UPI,Success
102,102,Card,Success
103,103,Cash,Success
104,104,UPI,Success
105,105,Cash,Success
106,106,UPI,Success
107,107,UPI,Failed
108,108,Cash,Success
109,109,Wallet,Failed
110,110,UPI,Success
111,111,Cash,Success
112,112,Cash,Success
113,113,Wallet,Failed
114,114,UPI,Success
115,115,Wallet,Failed
116,116,Wallet,Success
117,117,UPI,Success
118,118,UPI,Success
119,119,UPI,Success
120,120,Wallet,Success
121,121,Wallet,Success
122,122,UPI,Success
123,123,Card,Success
124,124,Cash,Success
125,125,Wallet,Success
126,126,Cash,Success
127,127,Wallet,Success
128,128,Card,Success
129,129,Card,Success
130,130,Wallet,Success
131,131,Cash,Success
132,132,Card,Success
133,133,Wallet,Success
134,134,UPI,Success
135,135,Card,Success
136,136,Wallet,Success
137,137,Card,Success
138,138,Cash,Success
139,139,Wallet,Success
140,140,Card,Success
141,141,UPI,Success
142,142,Cash,Success
143,143,UPI,Success
144,144,Wallet,Success
145,145,Cash,Success
146,146,Card,Success
147,147,Card,Success
148,148,Wallet,Success
149,149,Card,Success
150,150,Cash,Success
151,151,Wallet,Success
152,152,UPI,Success
153,153,UPI,Success
154,154,Cash,Success
155,155,Card,Success
156,156,Cash,Success
157,157,Card,Failed
158,158,Wallet,Success
159,159,Card,Success
160,160,Card,Success
161,161,UPI,Success
162,162,Wallet,Success
163,163,Card,Success
164,164,Wallet,Success
165,165,Wallet,Success
166,166,Wallet,Success
167,167,Card,Success
168,168,Cash,Success
169,169,Cash,Success
170,170,Wallet,Success
171,171,Cash,Success
172,172,Cash,Success
173,173,Wallet,Success
174,174,Wallet,Success
175,175,UPI,Success
176,176,Card,Failed
177,177,Card,Success
178,178,Cash,Success
179,179,UPI,Success
180,180,UPI,Success
181,181,UPI,Success
182,182,Wallet,Failed
183,183,Cash,Success
184,184,Wallet,Success
185,185,Cash,Success
186,186,UPI,Success
187,187,Card,Success
188,188,UPI,Success
189,189,Cash,Success
190,190,Cash,Success
191,191,Cash,Success
192,192,Cash,Success
193,193,Cash,Success
194,194,Card,Success
195,195,Cash,Success
196,196,Card,Success
197,197,Cash,Success
198,198,UPI,Success
199,199,Cash,Success
200,200,Cash,Success
201,201,Wallet,Success
202,202,Wallet,Success
203,203,UPI,Success
204,204,UPI,Success
205,205,Card,Success
206,206,Card,Success
207,207,Wallet,Success
208,208,Card,Success
209,209,Card,Success
210,210,Card,Success
211,211,Wallet,Success
212,212,Card,Failed
213,213,Cash,Failed
214,214,Wallet,Success
215,215,Cash,Success
216,216,Card,Success
217,217,UPI,Success
218,218,UPI,Success
219,219,Cash,Success
220,220,Wallet,Failed
221,221,UPI,Success
222,222,UPI,Success
223,223,Wallet,Success
224,224,Card,Failed
225,225,Cash,Success
226,226,Cash,Success
227,227,Wallet,Success
228,228,UPI,Success
229,229,UPI,Success
230,230,Cash,Success
231,231,Card,Success
232,232,Wallet,Success
233,233,UPI,Success
234,234,Card,Success
235,235,Wallet,Success
236,236,Card,Success
237,237,Card,Success
238,238,Cash,Success
239,239,Wallet,Success
240,240,Cash,Success
241,241,Wallet,Success
242,242,Wallet,Success
243,243,Cash,Success
244,244,Wallet,Success
245,245,UPI,Success
246,246,UPI,Success
247,247,UPI,Success
248,248,Cash,Success
249,249,Cash,Success
250,250,UPI,Success
251,251,Cash,Success
252,252,UPI,Success
253,253,Wallet,Success
254,254,Cash,Success
255,255,UPI,Success
256,256,Cash,Success
257,257,Cash,Success
258,258,Cash,Success
259,259,Wallet,Success
260,260,Card,Success
261,261,Wallet,Success
262,262,Card,Success
263,263,Wallet,Success
264,264,Wallet,Success
265,265,Card,Success
266,266,Cash,Success
267,267,Wallet,Success
268,268,Card,Success
269,269,Card,Success
270,270,Cash,Success
271,271,UPI,Success
272,272,Cash,Success
273,273,UPI,Success
274,274,Cash,Success
275,275,Wallet,Success
276,276,Cash,Success
277,277,UPI,Failed
278,278,Wallet,Success
279,279,Card,Success
280,280,Wallet,Success
281,281,Cash,Success
282,282,UPI,Success
283,283,Wallet,Success
284,284,UPI,Failed
285,285,Card,Success
286,286,Cash,Success
287,287,Cash,Success
288,288,Cash,Success
289,289,Wallet,Success
290,290,Cash,Success
291,291,Card,Success
292,292,Cash,Success
293,293,UPI,Success
294,294,UPI,Success
295,295,Wallet,Success
296,296,Wallet,Success
297,297,UPI,Success
298,298,Wallet,Success
299,299,Wallet,Success
300,300,Wallet,Success
301,301,Wallet,Success
302,302,Cash,Success
303,303,Wallet,Success
304,304,UPI,Failed
305,305,Wallet,Success
306,306,UPI,Success
307,307,UPI,Success
308,308,Cash,Success
309,309,Cash,Success
310,310,Wallet,Success
311,311,Cash,Success
312,312,Wallet,Success
313,313,Cash,Success
314,314,Card,Success
315,315,Card,Success
316,316,Card,Success
317,317,UPI,Success
318,318,Wallet,Success
319,319,Cash,Success
320,320,Card,Success
321,321,Cash,Success
322,322,UPI,Success
323,323,Wallet,Success
324,324,UPI,Success
325,325,Cash,Success
326,326,Cash,Success
327,327,Cash,Success
328,328,Wallet,Success
329,329,Card,Success
330,330,Card,Success
331,331,Card,Success
332,332,Card,Success
333,333,Card,Success
334,334,Card,Failed
335,335,Wallet,Success
336,336,Cash,Success
337,337,Wallet,Success
338,338,Cash,Success
339,339,UPI,Success
340,340,UPI,Success
341,341,Card,Success
342,342,Card,Success
343,343,Cash,Success
344,344,Cash,Success
345,345,UPI,Success
346,346,UPI,Success
347,347,Wallet,Success
348,348,Wallet,Failed
349,349,Wallet,Success
350,350,Cash,Success
351,351,Wallet,Success
352,352,UPI,Success
353,353,Cash,Success
354,354,Cash,Success
355,355,Cash,Success
356,356,Cash,Success
357,357,Card,Success
358,358,UPI,Success
359,359,Wallet,Success
360,360,Card,Success
361,361,Cash,Success
362,362,Card,Success
363,363,Wallet,Success
364,364,UPI,Success
365,365,Card,Success
366,366,UPI,Success
367,367,UPI,Success
368,368,UPI,Success
369,369,Card,Success
370,370,Wallet,Success
371,371,Card,Success
372,372,Cash,Success
373,373,Cash,Success
374,374,Card,Success
375,375,Card,Success
376,376,Cash,Success
377,377,Cash,Success
378,378,UPI,Success
379,379,UPI,Success
380,380,Wallet,Success
381,381,UPI,Success
382,382,Cash,Success
383,383,Card,Success
384,384,UPI,Success
385,385,Card,Success
386,386,UPI,Success
387,387,Card,Success
388,388,Card,Success
389,389,Cash,Success
390,390,Card,Success
391,391,UPI,Success
392,392,Cash,Success
393,393,UPI,Success
394,394,Cash,Success
395,395,Wallet,Success
396,396,Cash,Success
397,397,Card,Success
398,398,Wallet,Success
399,399,UPI,Success
400,400,Wallet,Success
401,401,Card,Success
402,402,Cash,Success
403,403,Cash,Success
404,404,Cash,Success
405,405,Wallet,Success
406,406,Card,Success
407,407,Card,Success
408,408,Card,Success
409,409,Card,Success
410,410,Wallet,Success
411,411,Cash,Success
412,412,UPI,Success
413,413,Wallet,Success
414,414,Card,Success
415,415,Card,Success
416,416,Wallet,Success
417,417,UPI,Success
418,418,Card,Success
419,419,Wallet,Success
420,420,UPI,Success
421,421,Cash,Success
422,422,Cash,Success
423,423,Wallet,Success
424,424,Card,Success
425,425,UPI,Success
426,426,Wallet,Success
427,427,Cash,Failed
428,428,Wallet,Success
429,429,UPI,Success
430,430,UPI,Success
431,431,Wallet,Success
432,432,Cash,Success
433,433,Wallet,Success
434,434,Card,Success
435,435,Cash,Success
436,436,Cash,Failed
437,437,Card,Success
438,438,Cash,Success
439,439,UPI,Success
440,440,Wallet,Success
441,441,Cash,Success
442,442,Card,Success
443,443,Wallet,Success
444,444,Wallet,Success
445,445,Wallet,Success
446,446,UPI,Success
447,447,Wallet,Success
448,448,Wallet,Success
449,449,Wallet,Success
450,450,Wallet,Success
451,451,Wallet,Success
452,452,Card,Success
453,453,UPI,Success
454,454,Cash,Success
455,455,Card,Success
456,456,Card,Success
457,457,Wallet,Failed
458,458,Cash,Success
459,459,Wallet,Success
460,460,Card,Success
461,461,Card,Success
462,462,UPI,Success
463,463,Wallet,Success
464,464,UPI,Success
465,465,Cash,Success
466,466,UPI,Success
467,467,Cash,Success
468,468,Card,Success
469,469,Wallet,Success
470,470,Cash,Success
471,471,Cash,Success
472,472,Wallet,Success
473,473,UPI,Success
474,474,Cash,Success
475,475,Card,Success
476,476,Card,Success
477,477,Cash,Success
478,478,Cash,Success
479,479,UPI,Success
480,480,Wallet,Success
481,481,Cash,Success
482,482,UPI,Success
483,483,UPI,Success
484,484,Wallet,Failed
485,485,Cash,Success
486,486,Card,Success
487,487,Wallet,Success
488,488,UPI,Success
489,489,Cash,Success
490,490,Wallet,Success
491,491,Cash,Success
492,492,Card,Success
493,493,Wallet,Success
494,494,Wallet,Failed
495,495,Card,Success
496,496,Card,Success
497,497,Card,Success
498,498,Card,Failed
499,499,UPI,Success
500,500,Wallet,Success
501,501,Wallet,Success
502,502,Wallet,Success
503,503,Cash,Success
504,504,UPI,Success
505,505,UPI,Success
506,506,Cash,Success
507,507,Card,Success
508,508,Cash,Success
509,509,UPI,Success
510,510,Wallet,Success
511,511,UPI,Failed
512,512,Wallet,Success
513,513,Wallet,Success
514,514,Wallet,Success
515,515,Cash,Success
516,516,Wallet,Success
517,517,Wallet,Success
518,518,UPI,Success
519,519,Card,Success
520,520,Card,Success
521,521,Wallet,Success
522,522,Card,Success
523,523,Cash,Success
524,524,Cash,Success
525,525,Wallet,Success
526,526,Wallet,Success
527,527,Card,Success
528,528,Card,Success
529,529,Cash,Success
530,530,UPI,Success
531,531,Wallet,Success
532,532,Card,Success
533,533,UPI,Success
534,534,Wallet,Success
535,535,Wallet,Success
536,536,UPI,Success
537,537,Wallet,Success
538,538,Cash,Success
539,539,Cash,Success
540,540,UPI,Success
541,541,Cash,Success
542,542,Card,Success
543,543,UPI,Success
544,544,UPI,Success
545,545,UPI,Success
546,546,Wallet,Success
547,547,Cash,Success
548,548,Card,Success
549,549,Wallet,Success
550,550,Card,Success
551,551,UPI,Success
552,552,Wallet,Failed
553,553,Wallet,Success
554,554,Wallet,Success
555,555,Card,Success
556,556,UPI,Success
557,557,Wallet,Success
558,558,Wallet,Success
559,559,UPI,Failed
560,560,UPI,Success
561,561,Wallet,Success
562,562,UPI,Success
563,563,Card,Success
564,564,Cash,Success
565,565,Card,Success
566,566,Card,Success
567,567,Wallet,Success
568,568,UPI,Success
569,569,UPI,Success
570,570,Cash,Success
571,571,Card,Success
572,572,Wallet,Success
573,573,Card,Success
574,574,UPI,Success
575,575,Wallet,Success
576,576,UPI,Success
577,577,Card,Success
578,578,Card,Success
579,579,UPI,Success
580,580,Card,Success
581,581,Wallet,Success
582,582,UPI,Success
583,583,Cash,Success
584,584,Wallet,Success
585,585,Cash,Success
586,586,Cash,Success
587,587,Cash,Success
588,588,Wallet,Success
589,589,Wallet,Success
590,590,Wallet,Success
591,591,UPI,Success
592,592,Card,Success
593,593,Wallet,Success
594,594,Wallet,Success
595,595,Card,Success
596,596,Cash,Success
597,597,Wallet,Failed
598,598,UPI,Success
599,599,UPI,Success
600,600,Wallet,Success
601,601,Wallet,Success
602,602,Wallet,Success
603,603,Wallet,Success
604,604,UPI,Success
605,605,Card,Success
606,606,Wallet,Failed
607,607,UPI,Success
608,608,Wallet,Success
609,609,Wallet,Success
610,610,Cash,Success
611,611,Wallet,Success
612,612,Card,Success
613,613,Wallet,Success
614,614,Card,Success
615,615,Wallet,Success
616,616,Cash,Success
617,617,Cash,Success
618,618,Wallet,Success
619,619,Cash,Success
620,620,Card,Success
621,621,Cash,Success
622,622,Cash,Success
623,623,Cash,Success
624,624,Wallet,Success
625,625,UPI,Success
626,626,Card,Success
627,627,Cash,Success
628,628,Wallet,Success
629,629,UPI,Success
630,630,Cash,Success
631,631,Cash,Success
632,632,UPI,Success
633,633,UPI,Failed
634,634,Wallet,Success
635,635,Cash,Success
636,636,UPI,Success
637,637,Card,Success
638,638,Card,Success
639,639,UPI,Success
640,640,Card,Success
641,641,UPI,Success
642,642,Card,Success
643,643,Card,Success
644,644,UPI,Success
645,645,UPI,Success
646,646,Card,Success
647,647,Card,Success
648,648,Wallet,Success
649,649,Card,Success
650,650,Wallet,Success
651,651,Cash,Success
652,652,Wallet,Success
653,653,Cash,Success
654,654,UPI,Success
655,655,Card,Success
656,656,Card,Success
657,657,UPI,Success
658,658,Cash,Failed
659,659,Cash,Success
660,660,Card,Success
661,661,Card,Success
662,662,Card,Success
663,663,Cash,Success
664,664,Card,Success
665,665,Card,Success
666,666,Wallet,Success
667,667,UPI,Success
668,668,UPI,Success
669,669,Card,Success
670,670,Card,Success
671,671,UPI,Success
672,672,Card,Success
673,673,Card,Success
674,674,Card,Success
675,675,Wallet,Failed
676,676,Card,Success
677,677,Wallet,Success
678,678,Card,Success
679,679,Card,Success
680,680,Card,Success
681,681,Wallet,Success
682,682,Wallet,Success
683,683,Cash,Success
684,684,UPI,Success
685,685,Card,Success
686,686,UPI,Success
687,687,Cash,Success
688,688,UPI,Success
689,689,UPI,Success
690,690,Wallet,Success
691,691,Cash,Success
692,692,Card,Success
693,693,UPI,Success
694,694,UPI,Success
695,695,Card,Success
696,696,Cash,Success
697,697,UPI,Success
698,698,Cash,Success
699,699,Card,Success
700,700,Wallet,Success
701,701,Cash,Success
702,702,Cash,Success
703,703,Cash,Success
704,704,UPI,Failed
705,705,Cash,Success
706,706,Card,Success
707,707,Wallet,Success
708,708,Cash,Success
709,709,UPI,Success
710,710,Wallet,Success
711,711,UPI,Success
712,712,Cash,Success
713,713,UPI,Success
714,714,UPI,Success
715,715,Wallet,Success
716,716,Cash,Success
717,717,Card,Success
718,718,Cash,Success
719,719,Wallet,Success
720,720,Wallet,Success
721,721,Cash,Success
722,722,Cash,Success
723,723,UPI,Success
724,724,Card,Success
725,725,Cash,Success
726,726,Cash,Success
727,727,Card,Success
728,728,UPI,Success
729,729,Cash,Success
730,730,Card,Success
731,731,UPI,Failed
732,732,Card,Success
733,733,Card,Success
734,734,Cash,Success
735,735,UPI,Success
736,736,Card,Success
737,737,Wallet,Success
738,738,Card,Success
739,739,UPI,Success
740,740,Cash,Success
741,741,UPI,Success
742,742,UPI,Success
743,743,Wallet,Success
744,744,Card,Success
745,745,Card,Success
746,746,UPI,Success
747,747,UPI,Success
748,748,UPI,Success
749,749,Cash,Success
750,750,UPI,Success
751,751,Card,Success
752,752,UPI,Success
753,753,UPI,Success
754,754,UPI,Success
755,755,Wallet,Success
756,756,Cash,Success
757,757,Wallet,Success
758,758,UPI,Success
759,759,Cash,Success
760,760,Wallet,Success
761,761,Cash,Success
762,762,Card,Success
763,763,UPI,Success
764,764,Card,Success
765,765,UPI,Success
766,766,UPI,Success
767,767,Wallet,Success
768,768,Cash,Success
769,769,UPI,Success
770,770,UPI,Success
771,771,Card,Success
772,772,UPI,Success
773,773,Cash,Success
774,774,UPI,Success
775,775,Cash,Success
776,776,UPI,Success
777,777,Card,Success
778,778,UPI,Success
779,779,Cash,Success
780,780,Cash,Success
781,781,UPI,Success
782,782,Cash,Success
783,783,Wallet,Success
784,784,Cash,Success
785,785,Cash,Success
786,786,Card,Success
787,787,Wallet,Success
788,788,Card,Success
789,789,UPI,Success
790,790,Card,Success
791,791,UPI,Success
792,792,Wallet,Success
793,793,Cash,Success
794,794,Card,Success
795,795,Wallet,Success
796,796,Cash,Success
797,797,Wallet,Success
798,798,Card,Success
799,799,Card,Success
800,800,UPI,Success
801,801,Wallet,Success
802,802,Wallet,Success
803,803,Cash,Success
804,804,Cash,Success
805,805,Wallet,Success
806,806,UPI,Success
807,807,UPI,Success
808,808,UPI,Success
809,809,UPI,Success
810,810,UPI,Success
811,811,Wallet,Success
812,812,Card,Success
813,813,Card,Success
814,814,Cash,Success
815,815,UPI,Success
816,816,Card,Success
817,817,UPI,Success
818,818,Card,Success
819,819,Wallet,Success
820,820,Card,Success
821,821,Cash,Success
822,822,Wallet,Success
823,823,Wallet,Success
824,824,UPI,Success
825,825,Wallet,Success
826,826,UPI,Success
827,827,Card,Success
828,828,UPI,Success
829,829,Wallet,Success
830,830,Wallet,Failed
831,831,Wallet,Success
832,832,Card,Success
833,833,Card,Success
834,834,Card,Success
835,835,Wallet,Success
836,836,Cash,Success
837,837,Cash,Failed
838,838,Card,Success
839,839,Wallet,Success
840,840,UPI,Success
841,841,Wallet,Success
842,842,Card,Success
843,843,Cash,Success
844,844,UPI,Success
845,845,UPI,Success
846,846,Card,Success
847,847,Card,Success
848,848,UPI,Success
849,849,UPI,Success
850,850,Wallet,Success
851,851,Card,Success
852,852,UPI,Success
853,853,UPI,Success
854,854,UPI,Success
855,855,Wallet,Success
856,856,Card,Success
857,857,UPI,Success
858,858,UPI,Success
859,859,UPI,Success
860,860,Wallet,Success
861,861,UPI,Success
862,862,Cash,Success
863,863,Cash,Success
864,864,Cash,Success
865,865,UPI,Success
866,866,Wallet,Success
867,867,Card,Success
868,868,Cash,Success
869,869,Wallet,Success
870,870,Wallet,Failed
871,871,Wallet,Failed
872,872,UPI,Failed
873,873,Cash,Success
874,874,Cash,Success
875,875,Card,Success
876,876,Cash,Success
877,877,UPI,Failed
878,878,UPI,Success
879,879,UPI,Success
880,880,Card,Success
881,881,Card,Success
882,882,Card,Success
883,883,Card,Success
884,884,Wallet,Success
885,885,UPI,Success
886,886,Cash,Success
887,887,UPI,Success
888,888,Wallet,Success
889,889,Card,Success
890,890,Card,Success
891,891,Cash,Success
892,892,UPI,Success
893,893,UPI,Success
894,894,Wallet,Success
895,895,Wallet,Success
896,896,UPI,Success
897,897,UPI,Success
898,898,Wallet,Success
899,899,UPI,Success
900,900,Wallet,Success
901,901,Wallet,Success
902,902,Card,Success
903,903,Cash,Success
904,904,UPI,Success
905,905,UPI,Success
906,906,UPI,Success
907,907,UPI,Success
908,908,UPI,Success
909,909,UPI,Success
910,910,Card,Success
911,911,Cash,Success
912,912,Card,Success
913,913,UPI,Success
914,914,Card,Success
915,915,Card,Success
916,916,Card,Success
917,917,UPI,Success
918,918,Card,Success
919,919,Cash,Success
920,920,UPI,Success
921,921,Card,Success
922,922,Wallet,Success
923,923,Cash,Success
924,924,Cash,Failed
925,925,Cash,Failed
926,926,UPI,Success
927,927,UPI,Success
928,928,UPI,Success
929,929,UPI,Failed
930,930,Wallet,Success
931,931,Card,Success
932,932,Wallet,Success
933,933,Wallet,Success
934,934,Card,Success
935,935,UPI,Success
936,936,UPI,Success
937,937,Wallet,Success
938,938,Cash,Success
939,939,UPI,Success
940,940,Card,Success
941,941,Card,Success
942,942,Wallet,Success
943,943,UPI,Success
944,944,Card,Success
945,945,Cash,Success
946,946,UPI,Success
947,947,Card,Success
948,948,Wallet,Success
949,949,UPI,Success
950,950,Cash,Success
951,951,Cash,Success
952,952,UPI,Success
953,953,Cash,Failed
954,954,Wallet,Success
955,955,Wallet,Success
956,956,UPI,Success
957,957,Card,Success
958,958,Card,Success
959,959,UPI,Success
960,960,Cash,Success
961,961,Cash,Success
962,962,Card,Success
963,963,Cash,Success
964,964,UPI,Success
965,965,Wallet,Success
966,966,Cash,Success
967,967,Card,Success
968,968,UPI,Success
969,969,UPI,Success
970,970,UPI,Success
971,971,UPI,Failed
972,972,Wallet,Success
973,973,Cash,Success
974,974,UPI,Success
975,975,UPI,Success
976,976,Cash,Success
977,977,Card,Success
978,978,UPI,Success
979,979,Wallet,Success
980,980,Cash,Success
981,981,Card,Success
982,982,Wallet,Success
983,983,Card,Success
984,984,Wallet,Success
985,985,UPI,Success
986,986,Wallet,Success
987,987,Wallet,Failed
988,988,Cash,Success
989,989,UPI,Success
990,990,Cash,Success
991,991,UPI,Success
992,992,Wallet,Success
993,993,Cash,Success
994,994,UPI,Success
995,995,Card,Success
996,996,Cash,Success
997,997,Wallet,Success
998,998,Card,Success
999,999,UPI,Success
1000,1000,UPI,Success
1001,1001,Cash,Success
1002,1002,Cash,Success
1003,1003,Card,Success
1004,1004,Cash,Success
1005,1005,UPI,Success
1006,1006,Card,Success
1007,1007,Card,Success
1008,1008,Wallet,Success
1009,1009,UPI,Success
1010,1010,UPI,Success
1011,1011,UPI,Success
1012,1012,Card,Success
1013,1013,Cash,Success
1014,1014,Wallet,Success
1015,1015,Wallet,Success
1016,1016,Wallet,Success
1017,1017,Card,Success
1018,1018,Card,Success
1019,1019,Card,Success
1020,1020,UPI,Success
1021,1021,Wallet,Success
1022,1022,Wallet,Success
1023,1023,UPI,Success
1024,1024,Card,Success
1025,1025,UPI,Success
1026,1026,UPI,Success
1027,1027,Wallet,Success
1028,1028,Card,Success
1029,1029,Wallet,Success
1030,1030,Card,Success
1031,1031,Cash,Success
1032,1032,Cash,Success
1033,1033,Wallet,Success
1034,1034,Cash,Success
1035,1035,Cash,Success
1036,1036,UPI,Success
1037,1037,Cash,Success
1038,1038,Card,Success
1039,1039,Wallet,Success
1040,1040,Card,Success
1041,1041,Wallet,Success
1042,1042,Wallet,Success
1043,1043,Wallet,Success
1044,1044,Card,Failed
1045,1045,Wallet,Success
1046,1046,UPI,Success
1047,1047,UPI,Success
1048,1048,Card,Success
1049,1049,Wallet,Success
1050,1050,UPI,Success
1051,1051,UPI,Success
1052,1052,Card,Success
1053,1053,UPI,Success
1054,1054,Wallet,Success
1055,1055,Cash,Success
1056,1056,Card,Success
1057,1057,Card,Success
1058,1058,Wallet,Success
1059,1059,Cash,Success
1060,1060,Wallet,Failed
1061,1061,Cash,Success
1062,1062,Wallet,Success
1063,1063,UPI,Success
1064,1064,Card,Success
1065,1065,UPI,Success
1066,1066,Wallet,Success
1067,1067,Card,Success
1068,1068,Card,Success
1069,1069,UPI,Success
1070,1070,Wallet,Success
1071,1071,UPI,Failed
1072,1072,Card,Success
1073,1073,Cash,Success
1074,1074,Wallet,Success
1075,1075,Card,Success
1076,1076,Card,Success
1077,1077,Wallet,Success
1078,1078,Card,Success
1079,1079,Wallet,Success
1080,1080,Cash,Success
1081,1081,Cash,Success
1082,1082,Wallet,Failed
1083,1083,Card,Success
1084,1084,UPI,Success
1085,1085,Cash,Success
1086,1086,Cash,Success
1087,1087,Wallet,Success
1088,1088,Wallet,Success
1089,1089,Cash,Success
1090,1090,UPI,Success
1091,1091,Card,Success
1092,1092,Wallet,Success
1093,1093,Cash,Success
1094,1094,Wallet,Success
1095,1095,UPI,Success
1096,1096,UPI,Success
1097,1097,Card,Success
1098,1098,Wallet,Success
1099,1099,Wallet,Success
1100,1100,Card,Success
1101,1101,Cash,Success
1102,1102,Card,Success
1103,1103,UPI,Success
1104,1104,Wallet,Failed
1105,1105,Cash,Success
1106,1106,UPI,Success
1107,1107,Card,Failed
1108,1108,Wallet,Success
1109,1109,UPI,Success
1110,1110,Card,Success
1111,1111,UPI,Success
1112,1112,Cash,Success
1113,1113,Cash,Success
1114,1114,Cash,Success
1115,1115,Cash,Failed
1116,1116,Cash,Success
1117,1117,Cash,Failed
1118,1118,UPI,Success
1119,1119,UPI,Success
1120,1120,UPI,Success
1121,1121,UPI,Success
1122,1122,UPI,Success
1123,1123,Wallet,Success
1124,1124,Card,Success
1125,1125,Cash,Success
1126,1126,Card,Success
1127,1127,Card,Success
1128,1128,Cash,Success
1129,1129,Wallet,Success
1130,1130,Wallet,Success
1131,1131,Cash,Success
1132,1132,UPI,Success
1133,1133,UPI,Success
1134,1134,Wallet,Success
1135,1135,UPI,Success
1136,1136,Wallet,Success
1137,1137,Card,Success
1138,1138,Cash,Success
1139,1139,Card,Failed
1140,1140,Cash,Success
1141,1141,Wallet,Success
1142,1142,Cash,Success
1143,1143,Cash,Success
1144,1144,Cash,Success
1145,1145,Wallet,Success
1146,1146,Card,Success
1147,1147,Card,Failed
1148,1148,Card,Success
1149,1149,Wallet,Success
1150,1150,Cash,Success
1151,1151,Wallet,Success
1152,1152,Cash,Success
1153,1153,UPI,Success
1154,1154,Cash,Success
1155,1155,Card,Success
1156,1156,Cash,Success
1157,1157,Wallet,Success
1158,1158,Card,Success
1159,1159,Card,Success
1160,1160,Cash,Success
1161,1161,Cash,Success
1162,1162,Wallet,Failed
1163,1163,UPI,Success
1164,1164,Card,Success
1165,1165,Wallet,Success
1166,1166,Card,Success
1167,1167,UPI,Success
1168,1168,Wallet,Success
1169,1169,Card,Success
1170,1170,Card,Success
1171,1171,Card,Success
1172,1172,Cash,Success
1173,1173,Wallet,Success
1174,1174,Cash,Success
1175,1175,Card,Failed
1176,1176,Cash,Success
1177,1177,Cash,Success
1178,1178,Wallet,Success
1179,1179,Card,Success
1180,1180,Cash,Success
1181,1181,Wallet,Success
1182,1182,Cash,Success
1183,1183,Cash,Success
1184,1184,UPI,Success
1185,1185,Card,Success
1186,1186,Cash,Success
1187,1187,UPI,Success
1188,1188,Card,Success
1189,1189,Wallet,Success
1190,1190,UPI,Success
1191,1191,Wallet,Success
1192,1192,Wallet,Success
1193,1193,UPI,Success
1194,1194,Cash,Success
1195,1195,UPI,Success
1196,1196,Card,Success
1197,1197,Wallet,Success
1198,1198,UPI,Success
1199,1199,Wallet,Success
1200,1200,Card,Success
1201,1201,UPI,Success
1202,1202,UPI,Success
1203,1203,Wallet,Success
1204,1204,Card,Success
1205,1205,Cash,Success
1206,1206,UPI,Success
1207,1207,UPI,Success
1208,1208,UPI,Success
1209,1209,Card,Success
1210,1210,Card,Success
1211,1211,Wallet,Success
1212,1212,UPI,Success
1213,1213,Wallet,Failed
1214,1214,Card,Failed
1215,1215,Wallet,Success
1216,1216,Wallet,Success
1217,1217,Card,Success
1218,1218,UPI,Success
1219,1219,Wallet,Success
1220,1220,Wallet,Success
1221,1221,UPI,Success
1222,1222,Card,Failed
1223,1223,Card,Success
1224,1224,Card,Success
1225,1225,Card,Success
1226,1226,Card,Success
1227,1227,Cash,Success
1228,1228,Card,Success
1229,1229,UPI,Success
1230,1230,Card,Success
1231,1231,Wallet,Success
1232,1232,Card,Success
1233,1233,UPI,Success
1234,1234,UPI,Success
1235,1235,Cash,Success
1236,1236,Wallet,Success
1237,1237,Cash,Success
1238,1238,Card,Failed
1239,1239,Card,Success
1240,1240,Cash,Success
1241,1241,Cash,Success
1242,1242,Cash,Success
1243,1243,Wallet,Success
1244,1244,Wallet,Success
1245,1245,Cash,Success
1246,1246,Card,Success
1247,1247,UPI,Success
1248,1248,Wallet,Success
1249,1249,Wallet,Success
1250,1250,Card,Success
1251,1251,UPI,Success
1252,1252,Cash,Success
1253,1253,Cash,Success
1254,1254,Cash,Success
1255,1255,Wallet,Success
1256,1256,UPI,Success
1257,1257,Wallet,Success
1258,1258,Wallet,Success
1259,1259,Cash,Success
1260,1260,Cash,Success
1261,1261,Card,Success
1262,1262,UPI,Success
1263,1263,Wallet,Success
1264,1264,Cash,Success
1265,1265,Cash,Success
1266,1266,UPI,Success
1267,1267,Cash,Success
1268,1268,UPI,Failed
1269,1269,Wallet,Success
1270,1270,Cash,Failed
1271,1271,UPI,Success
1272,1272,UPI,Success
1273,1273,UPI,Success
1274,1274,Card,Success
1275,1275,Card,Success
1276,1276,Cash,Success
1277,1277,Cash,Success
1278,1278,UPI,Success
1279,1279,UPI,Success
1280,1280,UPI,Success
1281,1281,Card,Success
1282,1282,Card,Success
1283,1283,Card,Success
1284,1284,UPI,Success
1285,1285,Card,Success
1286,1286,Card,Success
1287,1287,Card,Success
1288,1288,Wallet,Success
1289,1289,Card,Success
1290,1290,Wallet,Success
1291,1291,Wallet,Success
1292,1292,Card,Failed
1293,1293,Wallet,Success
1294,1294,Wallet,Success
1295,1295,Wallet,Success
1296,1296,Cash,Success
1297,1297,Cash,Success
1298,1298,Cash,Success
1299,1299,Cash,Success
1300,1300,Card,Success
1301,1301,UPI,Success
1302,1302,Cash,Success
1303,1303,UPI,Success
1304,1304,Wallet,Success
1305,1305,Card,Success
1306,1306,Wallet,Success
1307,1307,Wallet,Success
1308,1308,Wallet,Success
1309,1309,Card,Success
1310,1310,Cash,Success
1311,1311,Wallet,Success
1312,1312,UPI,Success
1313,1313,Cash,Success
1314,1314,UPI,Success
1315,1315,Cash,Success
1316,1316,Wallet,Success
1317,1317,UPI,Success
1318,1318,Card,Success
1319,1319,Cash,Success
1320,1320,Wallet,Success
1321,1321,UPI,Success
1322,1322,Cash,Success
1323,1323,Cash,Success
1324,1324,Card,Success
1325,1325,UPI,Success
1326,1326,UPI,Success
1327,1327,UPI,Failed
1328,1328,Wallet,Success
1329,1329,Cash,Success
1330,1330,Card,Success
1331,1331,Card,Success
1332,1332,Wallet,Success
1333,1333,UPI,Success
1334,1334,Wallet,Success
1335,1335,Wallet,Success
1336,1336,Cash,Success
1337,1337,Card,Success
1338,1338,Card,Success
1339,1339,Cash,Success
1340,1340,UPI,Success
1341,1341,Card,Failed
1342,1342,Wallet,Success
1343,1343,Wallet,Success
1344,1344,Card,Success
1345,1345,Wallet,Success
1346,1346,Cash,Success
1347,1347,Card,Success
1348,1348,Cash,Success
1349,1349,Wallet,Success
1350,1350,UPI,Success
1351,1351,Card,Success
1352,1352,Wallet,Success
1353,1353,Cash,Success
1354,1354,Cash,Success
1355,1355,Card,Success
1356,1356,Cash,Failed
1357,1357,Cash,Success
1358,1358,Cash,Success
1359,1359,Cash,Success
1360,1360,Wallet,Success
1361,1361,Card,Success
1362,1362,Wallet,Failed
1363,1363,UPI,Success
1364,1364,Card,Success
1365,1365,Card,Failed
1366,1366,Cash,Success
1367,1367,Wallet,Success
1368,1368,UPI,Success
1369,1369,Wallet,Success
1370,1370,UPI,Success
1371,1371,Wallet,Failed
1372,1372,Cash,Success
1373,1373,UPI,Success
1374,1374,Cash,Success
1375,1375,Wallet,Success
1376,1376,Wallet,Success
1377,1377,UPI,Success
1378,1378,UPI,Success
1379,1379,Wallet,Success
1380,1380,Cash,Success
1381,1381,UPI,Success
1382,1382,UPI,Success
1383,1383,Wallet,Success
1384,1384,Wallet,Success
1385,1385,Wallet,Failed
1386,1386,Card,Success
1387,1387,Wallet,Success
1388,1388,Wallet,Success
1389,1389,Cash,Success
1390,1390,UPI,Success
1391,1391,Card,Success
1392,1392,Wallet,Success
1393,1393,Card,Success
1394,1394,Wallet,Success
1395,1395,Wallet,Success
1396,1396,Card,Success
1397,1397,UPI,Success
1398,1398,Cash,Success
1399,1399,UPI,Success
1400,1400,UPI,Success
1401,1401,Wallet,Success
1402,1402,Cash,Success
1403,1403,Card,Success
1404,1404,Wallet,Success
1405,1405,Card,Success
1406,1406,UPI,Success
1407,1407,UPI,Success
1408,1408,Cash,Success
1409,1409,UPI,Success
1410,1410,Cash,Success
1411,1411,Cash,Success
1412,1412,Cash,Success
1413,1413,Wallet,Success
1414,1414,Wallet,Success
1415,1415,Card,Success
1416,1416,UPI,Success
1417,1417,Card,Success
1418,1418,UPI,Success
1419,1419,Cash,Success
1420,1420,Wallet,Success
1421,1421,UPI,Success
1422,1422,Wallet,Success
1423,1423,UPI,Success
1424,1424,Cash,Success
1425,1425,UPI,Success
1426,1426,Cash,Success
1427,1427,Card,Success
1428,1428,Cash,Success
1429,1429,Wallet,Success
1430,1430,Card,Success
1431,1431,Cash,Success
1432,1432,Wallet,Success
1433,1433,Cash,Success
1434,1434,Card,Success
1435,1435,Wallet,Success
1436,1436,Cash,Success
1437,1437,Cash,Success
1438,1438,Wallet,Success
1439,1439,Card,Success
1440,1440,UPI,Success
1441,1441,UPI,Success
1442,1442,Wallet,Success
1443,1443,Wallet,Success
1444,1444,Card,Success
1445,1445,Wallet,Success
1446,1446,Card,Success
1447,1447,Cash,Success
1448,1448,UPI,Success
1449,1449,UPI,Success
1450,1450,UPI,Success
1451,1451,Cash,Success
1452,1452,Wallet,Success
1453,1453,UPI,Success
1454,1454,Wallet,Success
1455,1455,UPI,Success
1456,1456,Wallet,Success
1457,1457,Wallet,Success
1458,1458,Wallet,Success
1459,1459,Card,Success
1460,1460,Cash,Success
1461,1461,UPI,Success
1462,1462,Cash,Success
1463,1463,UPI,Success
1464,1464,Card,Success
1465,1465,Card,Success
1466,1466,Card,Success
1467,1467,Wallet,Success
1468,1468,Wallet,Success
1469,1469,Card,Success
1470,1470,Wallet,Success
1471,1471,Cash,Success
1472,1472,Wallet,Success
1473,1473,Wallet,Success
1474,1474,Wallet,Success
1475,1475,UPI,Success
1476,1476,Cash,Success
1477,1477,Card,Success
1478,1478,UPI,Success
1479,1479,Cash,Success
1480,1480,UPI,Success
1481,1481,Wallet,Success
1482,1482,UPI,Success
1483,1483,Cash,Success
1484,1484,Wallet,Success
1485,1485,UPI,Success
1486,1486,Card,Success
1487,1487,Cash,Success
1488,1488,Wallet,Success
1489,1489,Wallet,Success
1490,1490,Card,Success
1491,1491,Wallet,Success
1492,1492,Card,Success
1493,1493,UPI,Success
1494,1494,Card,Success
1495,1495,UPI,Success
1496,1496,Wallet,Success
1497,1497,Wallet,Success
1498,1498,UPI,Success
1499,1499,UPI,Success
1500,1500,Wallet,Success
1501,1501,Wallet,Success
1502,1502,Wallet,Success
1503,1503,Card,Success
1504,1504,Cash,Success
1505,1505,UPI,Success
1506,1506,Card,Success
1507,1507,Card,Success
1508,1508,Cash,Failed
1509,1509,Cash,Success
1510,1510,Wallet,Failed
1511,1511,Card,Success
1512,1512,Card,Success
1513,1513,Card,Success
1514,1514,Cash,Success
1515,1515,UPI,Success
1516,1516,Card,Success
1517,1517,Wallet,Success
1518,1518,Card,Success
1519,1519,Cash,Success
1520,1520,UPI,Success
1521,1521,Cash,Success
1522,1522,UPI,Failed
1523,1523,Card,Success
1524,1524,Cash,Success
1525,1525,Wallet,Failed
1526,1526,Card,Success
1527,1527,Wallet,Success
1528,1528,UPI,Failed
1529,1529,Cash,Success
1530,1530,UPI,Success
1531,1531,Wallet,Success
1532,1532,UPI,Success
1533,1533,Cash,Success
1534,1534,Card,Success
1535,1535,Card,Success
1536,1536,Wallet,Success
1537,1537,Wallet,Success
1538,1538,UPI,Success
1539,1539,Wallet,Success
1540,1540,Wallet,Success
1541,1541,Cash,Success
1542,1542,Wallet,Success
1543,1543,Card,Success
1544,1544,Wallet,Success
1545,1545,Wallet,Success
1546,1546,Cash,Success
1547,1547,Wallet,Success
1548,1548,Wallet,Failed
1549,1549,Card,Success
1550,1550,Cash,Success
1551,1551,Card,Success
1552,1552,UPI,Success
1553,1553,Card,Success
1554,1554,Card,Success
1555,1555,UPI,Success
1556,1556,Wallet,Success
1557,1557,Card,Success
1558,1558,Wallet,Success
1559,1559,UPI,Success
1560,1560,Cash,Success
1561,1561,Card,Success
1562,1562,Wallet,Success
1563,1563,Wallet,Success
1564,1564,Cash,Success
1565,1565,Wallet,Success
1566,1566,Card,Success
1567,1567,Cash,Success
1568,1568,Wallet,Success
1569,1569,Wallet,Success
1570,1570,Card,Success
1571,1571,Cash,Success
1572,1572,UPI,Success
1573,1573,Card,Success
1574,1574,Card,Success
1575,1575,Cash,Success
1576,1576,Cash,Success
1577,1577,Card,Success
1578,1578,Cash,Success
1579,1579,Card,Success
1580,1580,Cash,Success
1581,1581,Cash,Success
1582,1582,Cash,Success
1583,1583,Card,Success
1584,1584,UPI,Success
1585,1585,UPI,Success
1586,1586,Card,Success
1587,1587,Card,Success
1588,1588,UPI,Success
1589,1589,Cash,Success
1590,1590,Card,Success
1591,1591,Card,Success
1592,1592,UPI,Success
1593,1593,Card,Success
1594,1594,Cash,Success
1595,1595,UPI,Success
1596,1596,UPI,Success
1597,1597,Cash,Success
1598,1598,UPI,Success
1599,1599,UPI,Success
1600,1600,Card,Success
1601,1601,Card,Success
1602,1602,Card,Success
1603,1603,Card,Success
1604,1604,Cash,Success
1605,1605,Card,Success
1606,1606,Card,Success
1607,1607,Card,Success
1608,1608,Card,Success
1609,1609,Card,Success
1610,1610,Card,Success
1611,1611,UPI,Success
1612,1612,UPI,Success
1613,1613,UPI,Success
1614,1614,UPI,Success
1615,1615,Cash,Success
1616,1616,Cash,Success
1617,1617,Wallet,Success
1618,1618,Card,Success
1619,1619,Cash,Success
1620,1620,Card,Success
1621,1621,Cash,Success
1622,1622,Cash,Success
1623,1623,Cash,Failed
1624,1624,Cash,Success
1625,1625,Card,Success
1626,1626,UPI,Success
1627,1627,UPI,Success
1628,1628,UPI,Success
1629,1629,UPI,Success
1630,1630,UPI,Success
1631,1631,Card,Success
1632,1632,Wallet,Success
1633,1633,UPI,Success
1634,1634,UPI,Success
1635,1635,Wallet,Success
1636,1636,Cash,Success
1637,1637,UPI,Success
1638,1638,Cash,Success
1639,1639,Cash,Success
1640,1640,Card,Failed
1641,1641,Cash,Success
1642,1642,Cash,Success
1643,1643,Card,Failed
1644,1644,Cash,Success
1645,1645,Cash,Success
1646,1646,Cash,Success
1647,1647,Card,Success
1648,1648,Card,Success
1649,1649,Card,Success
1650,1650,UPI,Success
1651,1651,Cash,Success
1652,1652,Card,Success
1653,1653,UPI,Success
1654,1654,UPI,Success
1655,1655,UPI,Success
1656,1656,UPI,Success
1657,1657,Wallet,Success
1658,1658,Wallet,Success
1659,1659,UPI,Success
1660,1660,UPI,Success
1661,1661,Cash,Success
1662,1662,Cash,Success
1663,1663,Card,Success
1664,1664,Wallet,Success
1665,1665,Card,Success
1666,1666,Wallet,Success
1667,1667,Card,Success
1668,1668,Card,Success
1669,1669,UPI,Success
1670,1670,UPI,Success
1671,1671,Wallet,Success
1672,1672,Wallet,Success
1673,1673,Wallet,Success
1674,1674,UPI,Success
1675,1675,Wallet,Success
1676,1676,Wallet,Success
1677,1677,UPI,Success
1678,1678,Cash,Success
1679,1679,Wallet,Success
1680,1680,Wallet,Success
1681,1681,Cash,Success
1682,1682,Wallet,Failed
1683,1683,Cash,Success
1684,1684,Wallet,Success
1685,1685,Card,Success
1686,1686,UPI,Success
1687,1687,Wallet,Success
1688,1688,Card,Success
1689,1689,UPI,Success
1690,1690,UPI,Success
1691,1691,Cash,Success
1692,1692,Card,Success
1693,1693,UPI,Success
1694,1694,Wallet,Success
1695,1695,Card,Success
1696,1696,Card,Success
1697,1697,Wallet,Success
1698,1698,Card,Success
1699,1699,UPI,Success
1700,1700,Cash,Success
1701,1701,Card,Success
1702,1702,Card,Success
1703,1703,Card,Success
1704,1704,Cash,Success
1705,1705,Wallet,Success
1706,1706,Wallet,Success
1707,1707,Wallet,Success
1708,1708,Wallet,Success
1709,1709,Cash,Success
1710,1710,Card,Failed
1711,1711,Wallet,Success
1712,1712,Card,Success
1713,1713,Cash,Failed
1714,1714,Cash,Success
1715,1715,Card,Success
1716,1716,Wallet,Success
1717,1717,Card,Success
1718,1718,Wallet,Success
1719,1719,Card,Success
1720,1720,Cash,Success
1721,1721,Card,Success
1722,1722,Card,Success
1723,1723,UPI,Success
1724,1724,UPI,Success
1725,1725,Card,Success
1726,1726,Cash,Success
1727,1727,Wallet,Success
1728,1728,Cash,Success
1729,1729,Card,Success
1730,1730,UPI,Success
1731,1731,Card,Success
1732,1732,Wallet,Success
1733,1733,Wallet,Success
1734,1734,Card,Success
1735,1735,Wallet,Success
1736,1736,Cash,Success
1737,1737,Card,Success
1738,1738,Card,Success
1739,1739,Cash,Success
1740,1740,Wallet,Success
1741,1741,Wallet,Failed
1742,1742,Card,Success
1743,1743,Cash,Success
1744,1744,Cash,Success
1745,1745,Cash,Success
1746,1746,UPI,Success
1747,1747,Cash,Success
1748,1748,Cash,Success
1749,1749,Cash,Success
1750,1750,Cash,Success
1751,1751,UPI,Success
1752,1752,Cash,Success
1753,1753,UPI,Success
1754,1754,UPI,Success
1755,1755,Card,Success
1756,1756,Card,Success
1757,1757,Card,Success
1758,1758,Card,Success
1759,1759,Wallet,Success
1760,1760,Cash,Success
1761,1761,Cash,Success
1762,1762,Wallet,Success
1763,1763,Card,Success
1764,1764,Card,Success
1765,1765,Card,Success
1766,1766,UPI,Success
1767,1767,UPI,Failed
1768,1768,Cash,Success
1769,1769,Card,Success
1770,1770,Wallet,Success
1771,1771,UPI,Success
1772,1772,Card,Success
1773,1773,UPI,Success
1774,1774,Cash,Success
1775,1775,Wallet,Success
1776,1776,UPI,Success
1777,1777,Card,Success
1778,1778,Card,Success
1779,1779,Wallet,Success
1780,1780,Wallet,Success
1781,1781,Card,Success
1782,1782,Wallet,Success
1783,1783,UPI,Success
1784,1784,Wallet,Success
1785,1785,UPI,Success
1786,1786,Card,Success
1787,1787,Wallet,Success
1788,1788,UPI,Success
1789,1789,Cash,Success
1790,1790,Wallet,Success
1791,1791,Card,Success
1792,1792,UPI,Success
1793,1793,Card,Success
1794,1794,UPI,Success
1795,1795,Wallet,Success
1796,1796,UPI,Success
1797,1797,UPI,Success
1798,1798,Card,Success
1799,1799,Card,Failed
1800,1800,Card,Success
1801,1801,Cash,Success
1802,1802,Wallet,Success
1803,1803,Cash,Success
1804,1804,UPI,Success
1805,1805,Wallet,Failed
1806,1806,Wallet,Failed
1807,1807,Wallet,Success
1808,1808,Card,Success
1809,1809,Wallet,Success
1810,1810,UPI,Success
1811,1811,Card,Success
1812,1812,Wallet,Failed
1813,1813,UPI,Success
1814,1814,Wallet,Success
1815,1815,Wallet,Success
1816,1816,Card,Success
1817,1817,Card,Success
1818,1818,Card,Success
1819,1819,Wallet,Success
1820,1820,Cash,Failed
1821,1821,Wallet,Success
1822,1822,Card,Failed
1823,1823,Wallet,Success
1824,1824,UPI,Success
1825,1825,Wallet,Success
1826,1826,Cash,Success
1827,1827,UPI,Success
1828,1828,Wallet,Success
1829,1829,Card,Failed
1830,1830,Card,Success
1831,1831,Wallet,Failed
1832,1832,UPI,Success
1833,1833,Cash,Failed
1834,1834,UPI,Success
1835,1835,Wallet,Success
1836,1836,Card,Success
1837,1837,UPI,Failed
1838,1838,Cash,Success
1839,1839,Wallet,Success
1840,1840,Cash,Success
1841,1841,Cash,Success
1842,1842,UPI,Success
1843,1843,Cash,Success
1844,1844,UPI,Failed
1845,1845,Wallet,Success
1846,1846,UPI,Success
1847,1847,Card,Success
1848,1848,Cash,Success
1849,1849,Card,Success
1850,1850,Wallet,Failed
1851,1851,Card,Success
1852,1852,Wallet,Success
1853,1853,Wallet,Success
1854,1854,Cash,Success
1855,1855,UPI,Success
1856,1856,UPI,Success
1857,1857,Wallet,Success
1858,1858,Wallet,Success
1859,1859,Card,Success
1860,1860,UPI,Success
1861,1861,Card,Success
1862,1862,Cash,Success
1863,1863,Wallet,Success
1864,1864,Cash,Success
1865,1865,Wallet,Success
1866,1866,UPI,Success
1867,1867,Card,Success
1868,1868,UPI,Success
1869,1869,UPI,Success
1870,1870,Card,Success
1871,1871,Cash,Success
1872,1872,Card,Success
1873,1873,Wallet,Success
1874,1874,UPI,Success
1875,1875,Wallet,Failed
1876,1876,Card,Success
1877,1877,Card,Success
1878,1878,Cash,Success
1879,1879,Wallet,Success
1880,1880,Card,Failed
1881,1881,Cash,Success
1882,1882,Cash,Success
1883,1883,UPI,Success
1884,1884,Cash,Success
1885,1885,UPI,Success
1886,1886,Card,Success
1887,1887,UPI,Success
1888,1888,Cash,Success
1889,1889,Wallet,Success
1890,1890,UPI,Success
1891,1891,Wallet,Success
1892,1892,Card,Success
1893,1893,Wallet,Success
1894,1894,Wallet,Success
1895,1895,Card,Success
1896,1896,Cash,Success
1897,1897,UPI,Success
1898,1898,Card,Success
1899,1899,Cash,Success
1900,1900,Wallet,Success
1901,1901,UPI,Success
1902,1902,Card,Success
1903,1903,UPI,Success
1904,1904,Cash,Success
1905,1905,Cash,Success
1906,1906,Card,Success
1907,1907,Cash,Success
1908,1908,Cash,Success
1909,1909,Card,Success
1910,1910,Cash,Success
1911,1911,UPI,Success
1912,1912,Wallet,Success
1913,1913,Cash,Success
1914,1914,Card,Success
1915,1915,Card,Success
1916,1916,Card,Success
1917,1917,Cash,Success
1918,1918,Cash,Success
1919,1919,Card,Success
1920,1920,UPI,Success
1921,1921,UPI,Success
1922,1922,Wallet,Success
1923,1923,Card,Success
1924,1924,UPI,Success
1925,1925,Card,Success
1926,1926,Wallet,Success
1927,1927,Card,Success
1928,1928,Card,Success
1929,1929,UPI,Success
1930,1930,Wallet,Success
1931,1931,Cash,Success
1932,1932,UPI,Success
1933,1933,Cash,Success
1934,1934,Wallet,Success
1935,1935,UPI,Success
1936,1936,Cash,Success
1937,1937,Wallet,Success
1938,1938,Card,Success
1939,1939,UPI,Success
1940,1940,Card,Success
1941,1941,UPI,Success
1942,1942,Wallet,Success
1943,1943,UPI,Success
1944,1944,Wallet,Success
1945,1945,Card,Success
1946,1946,Wallet,Success
1947,1947,Wallet,Success
1948,1948,Cash,Success
1949,1949,Card,Success
1950,1950,UPI,Success
1951,1951,UPI,Success
1952,1952,Card,Success
1953,1953,Card,Success
1954,1954,Cash,Success
1955,1955,Cash,Success
1956,1956,Wallet,Success
1957,1957,Wallet,Success
1958,1958,Card,Success
1959,1959,Wallet,Success
1960,1960,Wallet,Success
1961,1961,Card,Success
1962,1962,UPI,Failed
1963,1963,Card,Success
1964,1964,Card,Success
1965,1965,UPI,Success
1966,1966,Card,Success
1967,1967,Cash,Success
1968,1968,Cash,Success
1969,1969,Card,Success
1970,1970,Card,Success
1971,1971,Wallet,Success
1972,1972,Cash,Success
1973,1973,UPI,Success
1974,1974,Wallet,Success
1975,1975,UPI,Success
1976,1976,Card,Success
1977,1977,Card,Success
1978,1978,UPI,Success
1979,1979,Card,Success
1980,1980,Card,Success
1981,1981,Cash,Success
1982,1982,Card,Success
1983,1983,Cash,Success
1984,1984,Card,Success
1985,1985,UPI,Success
1986,1986,Card,Success
1987,1987,Card,Success
1988,1988,UPI,Success
1989,1989,Card,Success
1990,1990,UPI,Success
1991,1991,Cash,Success
1992,1992,UPI,Success
1993,1993,UPI,Success
1994,1994,Cash,Success
1995,1995,Cash,Success
1996,1996,Card,Success
1997,1997,Cash,Success
1998,1998,UPI,Success
1999,1999,UPI,Success
2000,2000,Card,Success
2001,2001,Wallet,Success
2002,2002,Wallet,Success
2003,2003,Wallet,Failed
2004,2004,Wallet,Success
2005,2005,Cash,Success
2006,2006,UPI,Failed
2007,2007,UPI,Success
2008,2008,Wallet,Success
2009,2009,Cash,Success
2010,2010,Cash,Success
2011,2011,Wallet,Success
2012,2012,Wallet,Failed
2013,2013,Cash,Success
2014,2014,Wallet,Success
2015,2015,Wallet,Success
2016,2016,UPI,Success
2017,2017,Cash,Success
2018,2018,UPI,Success
2019,2019,UPI,Success
2020,2020,Card,Success
2021,2021,UPI,Success
2022,2022,Wallet,Success
2023,2023,Wallet,Success
2024,2024,Card,Success
2025,2025,Cash,Success
2026,2026,Wallet,Success
2027,2027,Cash,Success
2028,2028,Wallet,Success
2029,2029,UPI,Success
2030,2030,Card,Success
2031,2031,Cash,Success
2032,2032,Cash,Success
2033,2033,Cash,Success
2034,2034,UPI,Success
2035,2035,UPI,Success
2036,2036,Cash,Success
2037,2037,Cash,Success
2038,2038,UPI,Success
2039,2039,Cash,Success
2040,2040,Wallet,Success
2041,2041,Cash,Success
2042,2042,Wallet,Success
2043,2043,Cash,Success
2044,2044,Cash,Success
2045,2045,Card,Failed
2046,2046,Wallet,Failed
2047,2047,UPI,Success
2048,2048,Wallet,Success
2049,2049,Card,Success
2050,2050,Cash,Success
2051,2051,UPI,Success
2052,2052,Card,Success
2053,2053,Cash,Success
2054,2054,Card,Success
2055,2055,Wallet,Success
2056,2056,UPI,Success
2057,2057,Cash,Success
2058,2058,Card,Success
2059,2059,Wallet,Success
2060,2060,Card,Success
2061,2061,Cash,Success
2062,2062,Wallet,Success
2063,2063,Card,Success
2064,2064,Wallet,Success
2065,2065,Card,Success
2066,2066,UPI,Success
2067,2067,Wallet,Success
2068,2068,Cash,Success
2069,2069,Cash,Success
2070,2070,Cash,Success
2071,2071,UPI,Success
2072,2072,Wallet,Success
2073,2073,Card,Success
2074,2074,Wallet,Success
2075,2075,UPI,Success
2076,2076,UPI,Success
2077,2077,Wallet,Success
2078,2078,Card,Success
2079,2079,Card,Success
2080,2080,UPI,Success
2081,2081,Card,Success
2082,2082,Card,Success
2083,2083,Wallet,Success
2084,2084,Cash,Success
2085,2085,Wallet,Failed
2086,2086,Card,Failed
2087,2087,Wallet,Success
2088,2088,Wallet,Success
2089,2089,Card,Success
2090,2090,Wallet,Success
2091,2091,Card,Success
2092,2092,Card,Success
2093,2093,Wallet,Success
2094,2094,UPI,Success
2095,2095,UPI,Success
2096,2096,Cash,Success
2097,2097,Wallet,Success
2098,2098,Wallet,Success
2099,2099,UPI,Success
2100,2100,UPI,Success
2101,2101,Card,Success
2102,2102,Wallet,Success
2103,2103,Card,Success
2104,2104,Card,Success
2105,2105,UPI,Success
2106,2106,Card,Success
2107,2107,Wallet,Success
2108,2108,Card,Success
2109,2109,Card,Success
2110,2110,Cash,Success
2111,2111,UPI,Success
2112,2112,Card,Success
2113,2113,UPI,Success
2114,2114,Cash,Success
2115,2115,Wallet,Success
2116,2116,Cash,Success
2117,2117,Wallet,Success
2118,2118,Wallet,Success
2119,2119,Cash,Success
2120,2120,Wallet,Success
2121,2121,Cash,Success
2122,2122,Cash,Success
2123,2123,Cash,Success
2124,2124,Cash,Success
2125,2125,Card,Success
2126,2126,Cash,Success
2127,2127,Cash,Success
2128,2128,Card,Success
2129,2129,Wallet,Success
2130,2130,Cash,Success
2131,2131,Cash,Success
2132,2132,UPI,Success
2133,2133,UPI,Success
2134,2134,UPI,Success
2135,2135,Cash,Success
2136,2136,Cash,Success
2137,2137,UPI,Success
2138,2138,Card,Success
2139,2139,Card,Failed
2140,2140,Cash,Success
2141,2141,UPI,Success
2142,2142,Wallet,Success
2143,2143,Wallet,Success
2144,2144,Wallet,Success
2145,2145,Card,Success
2146,2146,Cash,Success
2147,2147,Card,Success
2148,2148,Wallet,Success
2149,2149,Card,Success
2150,2150,Wallet,Success
2151,2151,Card,Success
2152,2152,Wallet,Failed
2153,2153,Cash,Success
2154,2154,Wallet,Success
2155,2155,UPI,Success
2156,2156,Wallet,Success
2157,2157,Wallet,Success
2158,2158,Wallet,Success
2159,2159,Card,Success
2160,2160,UPI,Success
2161,2161,Card,Success
2162,2162,Cash,Success
2163,2163,Cash,Success
2164,2164,Card,Success
2165,2165,Wallet,Success
2166,2166,UPI,Success
2167,2167,Wallet,Success
2168,2168,Cash,Success
2169,2169,Card,Success
2170,2170,Card,Success
2171,2171,Cash,Success
2172,2172,Wallet,Success
2173,2173,Cash,Success
2174,2174,Cash,Success
2175,2175,Card,Failed
2176,2176,Cash,Success
2177,2177,Card,Success
2178,2178,Wallet,Success
2179,2179,Wallet,Failed
2180,2180,Cash,Success
2181,2181,Card,Success
2182,2182,UPI,Success
2183,2183,Card,Success
2184,2184,UPI,Success
2185,2185,Card,Success
2186,2186,Cash,Failed
2187,2187,UPI,Success
2188,2188,Card,Success
2189,2189,Wallet,Success
2190,2190,Cash,Success
2191,2191,UPI,Success
2192,2192,Card,Success
2193,2193,Card,Success
2194,2194,Wallet,Success
2195,2195,Wallet,Success
2196,2196,Wallet,Success
2197,2197,Cash,Success
2198,2198,Cash,Success
2199,2199,Wallet,Failed
2200,2200,Wallet,Success
2201,2201,UPI,Success
2202,2202,Wallet,Success
2203,2203,Cash,Success
2204,2204,Cash,Success
2205,2205,Cash,Success
2206,2206,Cash,Success
2207,2207,Wallet,Success
2208,2208,Card,Success
2209,2209,Card,Success
2210,2210,UPI,Success
2211,2211,Wallet,Success
2212,2212,Card,Success
2213,2213,Card,Success
2214,2214,UPI,Success
2215,2215,UPI,Success
2216,2216,UPI,Success
2217,2217,Wallet,Success
2218,2218,UPI,Success
2219,2219,Cash,Success
2220,2220,Cash,Success
2221,2221,Cash,Success
2222,2222,Card,Success
2223,2223,UPI,Success
2224,2224,Wallet,Success
2225,2225,Wallet,Success
2226,2226,Card,Success
2227,2227,Cash,Success
2228,2228,Wallet,Success
2229,2229,Wallet,Success
2230,2230,Wallet,Success
2231,2231,Wallet,Success
2232,2232,UPI,Success
2233,2233,Card,Success
2234,2234,Cash,Success
2235,2235,UPI,Success
2236,2236,Wallet,Success
2237,2237,Wallet,Success
2238,2238,Card,Success
2239,2239,Wallet,Success
2240,2240,Card,Success
2241,2241,UPI,Success
2242,2242,Card,Success
2243,2243,Cash,Success
2244,2244,Wallet,Success
2245,2245,Wallet,Success
2246,2246,Cash,Success
2247,2247,Wallet,Failed
2248,2248,Card,Success
2249,2249,Cash,Success
2250,2250,UPI,Success
2251,2251,Cash,Failed
2252,2252,Cash,Success
2253,2253,Cash,Success
2254,2254,Cash,Success
2255,2255,Cash,Success
2256,2256,UPI,Success
2257,2257,UPI,Success
2258,2258,Wallet,Success
2259,2259,Cash,Success
2260,2260,UPI,Success
2261,2261,Card,Success
2262,2262,Cash,Success
2263,2263,Card,Success
2264,2264,UPI,Success
2265,2265,UPI,Success
2266,2266,Wallet,Success
2267,2267,Cash,Success
2268,2268,Wallet,Success
2269,2269,Card,Success
2270,2270,Card,Success
2271,2271,Card,Success
2272,2272,UPI,Success
2273,2273,UPI,Success
2274,2274,Cash,Success
2275,2275,UPI,Success
2276,2276,UPI,Success
2277,2277,Wallet,Success
2278,2278,Wallet,Success
2279,2279,Card,Success
2280,2280,Card,Success
2281,2281,Wallet,Success
2282,2282,Wallet,Success
2283,2283,UPI,Success
2284,2284,Card,Success
2285,2285,UPI,Success
2286,2286,UPI,Success
2287,2287,Wallet,Success
2288,2288,Card,Success
2289,2289,Cash,Success
2290,2290,Wallet,Success
2291,2291,Wallet,Success
2292,2292,Cash,Success
2293,2293,Cash,Success
2294,2294,Card,Success
2295,2295,Wallet,Success
2296,2296,UPI,Success
2297,2297,UPI,Success
2298,2298,Card,Success
2299,2299,Card,Success
2300,2300,Wallet,Success
2301,2301,Card,Success
2302,2302,UPI,Success
2303,2303,Wallet,Success
2304,2304,Cash,Success
2305,2305,UPI,Success
2306,2306,Card,Success
2307,2307,UPI,Success
2308,2308,UPI,Success
2309,2309,Cash,Success
2310,2310,Wallet,Success
2311,2311,Cash,Success
2312,2312,Cash,Success
2313,2313,UPI,Success
2314,2314,Card,Success
2315,2315,Wallet,Success
2316,2316,Cash,Success
2317,2317,UPI,Failed
2318,2318,UPI,Success
2319,2319,UPI,Success
2320,2320,UPI,Success
2321,2321,Card,Success
2322,2322,Cash,Success
2323,2323,Cash,Success
2324,2324,Wallet,Success
2325,2325,Card,Success
2326,2326,Wallet,Success
2327,2327,Cash,Success
2328,2328,Cash,Success
2329,2329,Cash,Success
2330,2330,Cash,Success
2331,2331,Wallet,Success
2332,2332,Wallet,Success
2333,2333,Card,Success
2334,2334,Card,Success
2335,2335,UPI,Success
2336,2336,UPI,Success
2337,2337,Card,Success
2338,2338,UPI,Success
2339,2339,Cash,Success
2340,2340,Wallet,Success
2341,2341,UPI,Success
2342,2342,Wallet,Success
2343,2343,Card,Success
2344,2344,UPI,Success
2345,2345,Card,Success
2346,2346,Card,Success
2347,2347,Card,Success
2348,2348,Wallet,Success
2349,2349,Wallet,Failed
2350,2350,UPI,Success
2351,2351,Wallet,Success
2352,2352,Wallet,Success
2353,2353,UPI,Success
2354,2354,Cash,Success
2355,2355,UPI,Success
2356,2356,Cash,Success
2357,2357,Wallet,Success
2358,2358,Cash,Success
2359,2359,Cash,Success
2360,2360,Wallet,Success
2361,2361,UPI,Success
2362,2362,Cash,Success
2363,2363,Cash,Success
2364,2364,Card,Success
2365,2365,UPI,Success
2366,2366,Cash,Success
2367,2367,Wallet,Success
2368,2368,Wallet,Success
2369,2369,Card,Success
2370,2370,Cash,Success
2371,2371,Wallet,Success
2372,2372,Cash,Failed
2373,2373,Card,Success
2374,2374,UPI,Failed
2375,2375,Cash,Success
2376,2376,Wallet,Success
2377,2377,Cash,Success
2378,2378,Wallet,Success
2379,2379,Wallet,Success
2380,2380,UPI,Success
2381,2381,Card,Success
2382,2382,UPI,Success
2383,2383,UPI,Success
2384,2384,UPI,Success
2385,2385,Wallet,Success
2386,2386,Cash,Success
2387,2387,UPI,Success
2388,2388,Wallet,Success
2389,2389,Cash,Success
2390,2390,UPI,Success
2391,2391,Wallet,Success
2392,2392,Card,Success
2393,2393,Card,Success
2394,2394,Card,Success
2395,2395,Wallet,Failed
2396,2396,UPI,Success
2397,2397,UPI,Success
2398,2398,Card,Success
2399,2399,Card,Success
2400,2400,Cash,Success
2401,2401,Cash,Failed
2402,2402,Wallet,Success
2403,2403,Wallet,Success
2404,2404,Card,Success
2405,2405,UPI,Success
2406,2406,Card,Success
2407,2407,Cash,Success
2408,2408,Wallet,Success
2409,2409,Cash,Success
2410,2410,UPI,Success
2411,2411,Wallet,Success
2412,2412,Wallet,Success
2413,2413,Wallet,Success
2414,2414,UPI,Success
2415,2415,Cash,Success
2416,2416,Cash,Success
2417,2417,Card,Success
2418,2418,UPI,Success
2419,2419,Wallet,Success
2420,2420,Cash,Success
2421,2421,UPI,Success
2422,2422,UPI,Success
2423,2423,Card,Success
2424,2424,Card,Success
2425,2425,Cash,Success
2426,2426,Card,Success
2427,2427,Card,Success
2428,2428,Wallet,Success
2429,2429,Card,Success
2430,2430,Wallet,Success
2431,2431,UPI,Success
2432,2432,Card,Failed
2433,2433,Wallet,Success
2434,2434,Card,Success
2435,2435,Cash,Success
2436,2436,Cash,Success
2437,2437,UPI,Success
2438,2438,Card,Success
2439,2439,UPI,Success
2440,2440,Wallet,Success
2441,2441,Cash,Success
2442,2442,Wallet,Success
2443,2443,Card,Success
2444,2444,Wallet,Success
2445,2445,Card,Success
2446,2446,Card,Success
2447,2447,UPI,Success
2448,2448,Wallet,Success
2449,2449,Wallet,Success
2450,2450,UPI,Success
2451,2451,Card,Success
2452,2452,Cash,Success
2453,2453,UPI,Success
2454,2454,Card,Success
2455,2455,Card,Failed
2456,2456,Card,Failed
2457,2457,UPI,Success
2458,2458,UPI,Success
2459,2459,Cash,Success
2460,2460,UPI,Success
2461,2461,Wallet,Success
2462,2462,Cash,Success
2463,2463,Wallet,Success
2464,2464,Cash,Success
2465,2465,Wallet,Success
2466,2466,Cash,Success
2467,2467,UPI,Success
2468,2468,Wallet,Success
2469,2469,Cash,Success
2470,2470,UPI,Success
2471,2471,Cash,Success
2472,2472,Card,Success
2473,2473,UPI,Success
2474,2474,Wallet,Success
2475,2475,UPI,Success
2476,2476,Wallet,Success
2477,2477,Cash,Success
2478,2478,UPI,Success
2479,2479,UPI,Success
2480,2480,Cash,Success
2481,2481,Cash,Success
2482,2482,Card,Success
2483,2483,Wallet,Success
2484,2484,UPI,Success
2485,2485,Wallet,Success
2486,2486,Cash,Success
2487,2487,UPI,Success
2488,2488,UPI,Success
2489,2489,Cash,Success
2490,2490,Card,Success
2491,2491,Wallet,Success
2492,2492,Cash,Success
2493,2493,Cash,Success
2494,2494,Wallet,Success
2495,2495,UPI,Success
2496,2496,Card,Success
2497,2497,Wallet,Success
2498,2498,Wallet,Success
2499,2499,Card,Success
2500,2500,Card,Success
2501,2501,UPI,Failed
2502,2502,UPI,Success
2503,2503,Card,Success
2504,2504,UPI,Success
2505,2505,Wallet,Success
2506,2506,Wallet,Success
2507,2507,Card,Success
2508,2508,Cash,Success
2509,2509,Wallet,Success
2510,2510,UPI,Success
2511,2511,UPI,Success
2512,2512,Wallet,Success
2513,2513,Wallet,Success
2514,2514,Card,Success
2515,2515,Wallet,Success
2516,2516,Wallet,Success
2517,2517,Card,Success
2518,2518,Cash,Success
2519,2519,UPI,Success
2520,2520,Wallet,Success
2521,2521,Wallet,Success
2522,2522,UPI,Success
2523,2523,Cash,Success
2524,2524,UPI,Success
2525,2525,UPI,Failed
2526,2526,Card,Success
2527,2527,Wallet,Success
2528,2528,Wallet,Success
2529,2529,Cash,Success
2530,2530,Cash,Success
2531,2531,Wallet,Failed
2532,2532,UPI,Success
2533,2533,Card,Success
2534,2534,Cash,Success
2535,2535,Cash,Success
2536,2536,Wallet,Success
2537,2537,Wallet,Success
2538,2538,Cash,Success
2539,2539,Wallet,Success
2540,2540,Cash,Success
2541,2541,Card,Success
2542,2542,UPI,Success
2543,2543,Cash,Success
2544,2544,Card,Success
2545,2545,UPI,Success
2546,2546,Card,Success
2547,2547,Cash,Success
2548,2548,Cash,Success
2549,2549,UPI,Success
2550,2550,Cash,Success
2551,2551,Cash,Success
2552,2552,Card,Success
2553,2553,Wallet,Success
2554,2554,Card,Success
2555,2555,Cash,Success
2556,2556,Wallet,Success
2557,2557,Wallet,Success
2558,2558,UPI,Success
2559,2559,Wallet,Success
2560,2560,Card,Success
2561,2561,Wallet,Success
2562,2562,Wallet,Success
2563,2563,Card,Success
2564,2564,UPI,Success
2565,2565,UPI,Success
2566,2566,Cash,Success
2567,2567,UPI,Success
2568,2568,Wallet,Success
2569,2569,Wallet,Success
2570,2570,Card,Success
2571,2571,UPI,Success
2572,2572,Cash,Success
2573,2573,UPI,Success
2574,2574,Card,Success
2575,2575,UPI,Success
2576,2576,Wallet,Success
2577,2577,UPI,Success
2578,2578,Wallet,Success
2579,2579,Card,Success
2580,2580,Wallet,Success
2581,2581,Wallet,Success
2582,2582,Cash,Success
2583,2583,Wallet,Success
2584,2584,Card,Success
2585,2585,Wallet,Success
2586,2586,Cash,Success
2587,2587,Card,Success
2588,2588,Wallet,Success
2589,2589,Cash,Success
2590,2590,Card,Success
2591,2591,Wallet,Success
2592,2592,UPI,Success
2593,2593,Cash,Success
2594,2594,Cash,Success
2595,2595,Cash,Success
2596,2596,Card,Success
2597,2597,Cash,Failed
2598,2598,Wallet,Success
2599,2599,Card,Failed
2600,2600,Wallet,Success
2601,2601,Wallet,Failed
2602,2602,Card,Success
2603,2603,Cash,Success
2604,2604,Wallet,Failed
2605,2605,Cash,Success
2606,2606,UPI,Success
2607,2607,Cash,Success
2608,2608,Wallet,Success
2609,2609,UPI,Success
2610,2610,Card,Success
2611,2611,Card,Success
2612,2612,Wallet,Failed
2613,2613,Cash,Failed
2614,2614,Cash,Success
2615,2615,Wallet,Success
2616,2616,UPI,Success
2617,2617,Card,Success
2618,2618,Wallet,Success
2619,2619,Wallet,Success
2620,2620,Card,Success
2621,2621,Wallet,Success
2622,2622,Cash,Success
2623,2623,UPI,Success
2624,2624,UPI,Success
2625,2625,Card,Success
2626,2626,Wallet,Success
2627,2627,UPI,Success
2628,2628,UPI,Success
2629,2629,Card,Success
2630,2630,Card,Success
2631,2631,Wallet,Success
2632,2632,Card,Success
2633,2633,Wallet,Success
2634,2634,UPI,Success
2635,2635,Wallet,Success
2636,2636,Wallet,Success
2637,2637,UPI,Success
2638,2638,UPI,Success
2639,2639,UPI,Success
2640,2640,Cash,Success
2641,2641,Card,Success
2642,2642,Wallet,Success
2643,2643,Cash,Success
2644,2644,Cash,Success
2645,2645,Cash,Success
2646,2646,Wallet,Success
2647,2647,Wallet,Success
2648,2648,UPI,Success
2649,2649,UPI,Success
2650,2650,Cash,Success
2651,2651,Wallet,Success
2652,2652,Wallet,Success
2653,2653,Wallet,Success
2654,2654,Wallet,Success
2655,2655,UPI,Success
2656,2656,Cash,Success
2657,2657,Cash,Success
2658,2658,UPI,Success
2659,2659,UPI,Success
2660,2660,Wallet,Success
2661,2661,UPI,Success
2662,2662,Cash,Success
2663,2663,Cash,Success
2664,2664,UPI,Success
2665,2665,Cash,Success
2666,2666,Wallet,Success
2667,2667,UPI,Success
2668,2668,Cash,Success
2669,2669,Cash,Success
2670,2670,Cash,Success
2671,2671,Cash,Success
2672,2672,UPI,Success
2673,2673,Wallet,Success
2674,2674,UPI,Success
2675,2675,Card,Failed
2676,2676,Wallet,Success
2677,2677,Wallet,Success
2678,2678,UPI,Success
2679,2679,Wallet,Success
2680,2680,Cash,Success
2681,2681,Wallet,Success
2682,2682,Cash,Success
2683,2683,Wallet,Success
2684,2684,Wallet,Success
2685,2685,Cash,Success
2686,2686,Wallet,Success
2687,2687,Wallet,Success
2688,2688,Card,Success
2689,2689,Card,Failed
2690,2690,Cash,Success
2691,2691,Cash,Success
2692,2692,Wallet,Success
2693,2693,Cash,Success
2694,2694,Card,Success
2695,2695,UPI,Success
2696,2696,Cash,Success
2697,2697,Card,Success
2698,2698,Wallet,Success
2699,2699,UPI,Success
2700,2700,UPI,Success
2701,2701,Card,Failed
2702,2702,Card,Success
2703,2703,Wallet,Success
2704,2704,UPI,Success
2705,2705,UPI,Success
2706,2706,Card,Success
2707,2707,Cash,Success
2708,2708,UPI,Success
2709,2709,UPI,Failed
2710,2710,UPI,Success
2711,2711,Wallet,Success
2712,2712,Cash,Success
2713,2713,Wallet,Success
2714,2714,Wallet,Success
2715,2715,Cash,Success
2716,2716,Wallet,Success
2717,2717,Cash,Success
2718,2718,Card,Success
2719,2719,Cash,Success
2720,2720,UPI,Success
2721,2721,Card,Success
2722,2722,UPI,Success
2723,2723,UPI,Success
2724,2724,Cash,Success
2725,2725,Cash,Success
2726,2726,Wallet,Success
2727,2727,Wallet,Success
2728,2728,Cash,Success
2729,2729,Card,Failed
2730,2730,Wallet,Success
2731,2731,Cash,Success
2732,2732,UPI,Success
2733,2733,Wallet,Success
2734,2734,Card,Success
2735,2735,Card,Success
2736,2736,Cash,Success
2737,2737,UPI,Success
2738,2738,Card,Success
2739,2739,UPI,Success
2740,2740,Wallet,Success
2741,2741,UPI,Success
2742,2742,UPI,Success
2743,2743,Card,Success
2744,2744,Card,Success
2745,2745,UPI,Success
2746,2746,Wallet,Success
2747,2747,Card,Success
2748,2748,Cash,Success
2749,2749,Cash,Success
2750,2750,Card,Success
2751,2751,Card,Success
2752,2752,Card,Success
2753,2753,Wallet,Success
2754,2754,UPI,Failed
2755,2755,Card,Success
2756,2756,Wallet,Success
2757,2757,Cash,Success
2758,2758,Cash,Success
2759,2759,UPI,Success
2760,2760,UPI,Success
2761,2761,Wallet,Success
2762,2762,Wallet,Success
2763,2763,Card,Success
2764,2764,Cash,Success
2765,2765,Card,Success
2766,2766,Wallet,Success
2767,2767,UPI,Success
2768,2768,Card,Success
2769,2769,Card,Success
2770,2770,UPI,Success
2771,2771,Wallet,Success
2772,2772,Wallet,Success
2773,2773,UPI,Success
2774,2774,Card,Success
2775,2775,Cash,Success
2776,2776,Wallet,Success
2777,2777,Wallet,Success
2778,2778,Cash,Success
2779,2779,UPI,Success
2780,2780,Cash,Failed
2781,2781,UPI,Success
2782,2782,Card,Success
2783,2783,UPI,Success
2784,2784,Wallet,Success
2785,2785,Wallet,Success
2786,2786,Cash,Success
2787,2787,Card,Success
2788,2788,Cash,Success
2789,2789,UPI,Success
2790,2790,UPI,Success
2791,2791,Wallet,Success
2792,2792,UPI,Success
2793,2793,Cash,Success
2794,2794,UPI,Success
2795,2795,UPI,Success
2796,2796,Card,Success
2797,2797,UPI,Success
2798,2798,Wallet,Success
2799,2799,Cash,Failed
2800,2800,Card,Success
2801,2801,Card,Success
2802,2802,Wallet,Success
2803,2803,UPI,Success
2804,2804,Card,Success
2805,2805,Wallet,Success
2806,2806,UPI,Success
2807,2807,Cash,Success
2808,2808,Wallet,Success
2809,2809,Cash,Success
2810,2810,Card,Success
2811,2811,Cash,Success
2812,2812,Card,Success
2813,2813,Cash,Success
2814,2814,Card,Success
2815,2815,Cash,Success
2816,2816,Card,Failed
2817,2817,Card,Success
2818,2818,Card,Success
2819,2819,Wallet,Success
2820,2820,Wallet,Success
2821,2821,Cash,Success
2822,2822,Wallet,Success
2823,2823,UPI,Success
2824,2824,Cash,Success
2825,2825,Cash,Success
2826,2826,Cash,Success
2827,2827,Card,Failed
2828,2828,UPI,Success
2829,2829,Cash,Success
2830,2830,Card,Success
2831,2831,Wallet,Success
2832,2832,UPI,Success
2833,2833,Card,Success
2834,2834,Card,Success
2835,2835,Card,Success
2836,2836,Card,Success
2837,2837,UPI,Success
2838,2838,Cash,Success
2839,2839,UPI,Success
2840,2840,Cash,Success
2841,2841,UPI,Success
2842,2842,Cash,Success
2843,2843,Cash,Success
2844,2844,Cash,Success
2845,2845,UPI,Success
2846,2846,Cash,Success
2847,2847,Wallet,Failed
2848,2848,Wallet,Success
2849,2849,Card,Success
2850,2850,Card,Success
2851,2851,Wallet,Success
2852,2852,UPI,Success
2853,2853,UPI,Success
2854,2854,Wallet,Success
2855,2855,UPI,Success
2856,2856,Cash,Success
2857,2857,Card,Success
2858,2858,Card,Success
2859,2859,Wallet,Success
2860,2860,Card,Success
2861,2861,Cash,Success
2862,2862,Card,Success
2863,2863,Cash,Success
2864,2864,Card,Success
2865,2865,UPI,Success
2866,2866,Cash,Success
2867,2867,Wallet,Success
2868,2868,Wallet,Success
2869,2869,Wallet,Success
2870,2870,Cash,Success
2871,2871,Card,Success
2872,2872,Card,Success
2873,2873,UPI,Success
2874,2874,UPI,Success
2875,2875,Cash,Success
2876,2876,UPI,Success
2877,2877,Cash,Success
2878,2878,Wallet,Success
2879,2879,Card,Success
2880,2880,UPI,Success
2881,2881,Card,Success
2882,2882,Card,Success
2883,2883,Wallet,Success
2884,2884,Card,Success
2885,2885,Card,Success
2886,2886,Wallet,Success
2887,2887,Cash,Success
2888,2888,UPI,Success
2889,2889,Cash,Success
2890,2890,Cash,Success
2891,2891,Card,Success
2892,2892,Card,Success
2893,2893,Cash,Success
2894,2894,UPI,Success
2895,2895,Card,Success
2896,2896,Cash,Success
2897,2897,Wallet,Success
2898,2898,Card,Success
2899,2899,UPI,Success
2900,2900,UPI,Success
2901,2901,Wallet,Success
2902,2902,Wallet,Success
2903,2903,Cash,Success
2904,2904,UPI,Failed
2905,2905,Wallet,Success
2906,2906,Wallet,Success
2907,2907,UPI,Success
2908,2908,Card,Success
2909,2909,UPI,Success
2910,2910,UPI,Success
2911,2911,Wallet,Success
2912,2912,Wallet,Success
2913,2913,Cash,Success
2914,2914,Cash,Success
2915,2915,UPI,Success
2916,2916,Card,Success
2917,2917,UPI,Success
2918,2918,Cash,Success
2919,2919,Wallet,Success
2920,2920,Card,Success
2921,2921,Wallet,Success
2922,2922,Wallet,Success
2923,2923,UPI,Failed
2924,2924,Cash,Success
2925,2925,Card,Success
2926,2926,Card,Success
2927,2927,UPI,Success
2928,2928,Cash,Success
2929,2929,Wallet,Success
2930,2930,UPI,Success
2931,2931,Cash,Success
2932,2932,Wallet,Success
2933,2933,Wallet,Success
2934,2934,UPI,Success
2935,2935,UPI,Success
2936,2936,Wallet,Success
2937,2937,Wallet,Failed
2938,2938,UPI,Success
2939,2939,Cash,Success
2940,2940,UPI,Success
2941,2941,Cash,Success
2942,2942,Wallet,Success
2943,2943,Wallet,Success
2944,2944,UPI,Success
2945,2945,Card,Success
2946,2946,Card,Success
2947,2947,Wallet,Success
2948,2948,Card,Failed
2949,2949,Cash,Success
2950,2950,Wallet,Success
2951,2951,Cash,Success
2952,2952,UPI,Success
2953,2953,Card,Success
2954,2954,Wallet,Success
2955,2955,Card,Success
2956,2956,Wallet,Success
2957,2957,UPI,Success
2958,2958,Card,Success
2959,2959,Wallet,Success
2960,2960,Cash,Success
2961,2961,Wallet,Success
2962,2962,Wallet,Success
2963,2963,Wallet,Success
2964,2964,Cash,Success
2965,2965,Wallet,Success
2966,2966,UPI,Success
2967,2967,Card,Success
2968,2968,Cash,Success
2969,2969,Cash,Success
2970,2970,UPI,Success
2971,2971,Cash,Success
2972,2972,UPI,Success
2973,2973,Cash,Success
2974,2974,Cash,Success
2975,2975,Card,Success
2976,2976,Cash,Success
2977,2977,Cash,Success
2978,2978,Cash,Success
2979,2979,Wallet,Success
2980,2980,Wallet,Success
2981,2981,Card,Success
2982,2982,Card,Success
2983,2983,UPI,Failed
2984,2984,UPI,Success
2985,2985,UPI,Success
2986,2986,Wallet,Success
2987,2987,UPI,Success
2988,2988,Wallet,Success
2989,2989,Card,Success
2990,2990,Card,Success
2991,2991,Cash,Success
2992,2992,Card,Success
2993,2993,Cash,Success
2994,2994,UPI,Success
2995,2995,Cash,Success
2996,2996,Card,Success
2997,2997,Card,Success
2998,2998,Card,Success
2999,2999,UPI,Success
3000,3000,Wallet,Success
3001,3001,Card,Success
3002,3002,Wallet,Success
3003,3003,Cash,Success
3004,3004,Card,Success
3005,3005,Card,Success
3006,3006,Cash,Success
3007,3007,Card,Success
3008,3008,UPI,Success
3009,3009,Wallet,Success
3010,3010,Wallet,Success
3011,3011,Cash,Success
3012,3012,UPI,Success
3013,3013,Cash,Success
3014,3014,Cash,Success
3015,3015,UPI,Success
3016,3016,Card,Success
3017,3017,Wallet,Success
3018,3018,Card,Success
3019,3019,Card,Success
3020,3020,Card,Success
3021,3021,Card,Success
3022,3022,Card,Success
3023,3023,Card,Success
3024,3024,Card,Success
3025,3025,UPI,Success
3026,3026,UPI,Success
3027,3027,Cash,Success
3028,3028,UPI,Success
3029,3029,Wallet,Success
3030,3030,Card,Success
3031,3031,Card,Success
3032,3032,UPI,Success
3033,3033,Cash,Success
3034,3034,Card,Success
3035,3035,Wallet,Success
3036,3036,Cash,Success
3037,3037,Cash,Success
3038,3038,UPI,Success
3039,3039,Card,Success
3040,3040,UPI,Success
3041,3041,Card,Success
3042,3042,Card,Success
3043,3043,Wallet,Success
3044,3044,Card,Success
3045,3045,Wallet,Success
3046,3046,UPI,Success
3047,3047,Cash,Success
3048,3048,Card,Success
3049,3049,Wallet,Success
3050,3050,Wallet,Success
3051,3051,UPI,Success
3052,3052,Card,Success
3053,3053,UPI,Success
3054,3054,Card,Success
3055,3055,UPI,Success
3056,3056,Wallet,Success
3057,3057,Card,Success
3058,3058,Wallet,Success
3059,3059,Card,Success
3060,3060,Wallet,Success
3061,3061,Wallet,Success
3062,3062,UPI,Success
3063,3063,Wallet,Success
3064,3064,Wallet,Success
3065,3065,Cash,Success
3066,3066,Card,Success
3067,3067,Wallet,Success
3068,3068,Wallet,Success
3069,3069,Cash,Success
3070,3070,Cash,Success
3071,3071,Card,Success
3072,3072,UPI,Success
3073,3073,Wallet,Success
3074,3074,Wallet,Success
3075,3075,UPI,Success
3076,3076,UPI,Success
3077,3077,Card,Success
3078,3078,Cash,Success
3079,3079,Cash,Success
3080,3080,Wallet,Success
3081,3081,UPI,Success
3082,3082,Cash,Success
3083,3083,Wallet,Success
3084,3084,UPI,Failed
3085,3085,UPI,Success
3086,3086,UPI,Success
3087,3087,Cash,Success
3088,3088,Cash,Success
3089,3089,UPI,Success
3090,3090,Cash,Success
3091,3091,Card,Success
3092,3092,UPI,Success
3093,3093,Wallet,Success
3094,3094,Card,Failed
3095,3095,Card,Success
3096,3096,Wallet,Success
3097,3097,Cash,Success
3098,3098,UPI,Success
3099,3099,UPI,Success
3100,3100,Wallet,Success
3101,3101,Cash,Success
3102,3102,Card,Success
3103,3103,Wallet,Success
3104,3104,UPI,Success
3105,3105,Card,Success
3106,3106,Cash,Success
3107,3107,Wallet,Success
3108,3108,Wallet,Success
3109,3109,UPI,Success
3110,3110,Wallet,Success
3111,3111,Cash,Success
3112,3112,UPI,Success
3113,3113,UPI,Success
3114,3114,Wallet,Success
3115,3115,Wallet,Success
3116,3116,Wallet,Success
3117,3117,UPI,Success
3118,3118,UPI,Success
3119,3119,Card,Failed
3120,3120,Cash,Success
3121,3121,Card,Success
3122,3122,Wallet,Failed
3123,3123,Card,Success
3124,3124,Wallet,Success
3125,3125,Wallet,Success
3126,3126,Wallet,Success
3127,3127,Cash,Success
3128,3128,Wallet,Success
3129,3129,Card,Success
3130,3130,UPI,Success
3131,3131,Wallet,Success
3132,3132,UPI,Success
3133,3133,Cash,Success
3134,3134,UPI,Failed
3135,3135,Wallet,Success
3136,3136,UPI,Success
3137,3137,Cash,Success
3138,3138,UPI,Success
3139,3139,UPI,Success
3140,3140,Wallet,Success
3141,3141,Wallet,Success
3142,3142,Cash,Success
3143,3143,Wallet,Success
3144,3144,Card,Success
3145,3145,UPI,Success
3146,3146,UPI,Success
3147,3147,UPI,Success
3148,3148,Wallet,Success
3149,3149,UPI,Success
3150,3150,Card,Success
3151,3151,Cash,Success
3152,3152,Card,Success
3153,3153,Card,Success
3154,3154,Wallet,Failed
3155,3155,UPI,Success
3156,3156,Card,Success
3157,3157,UPI,Success
3158,3158,Cash,Success
3159,3159,UPI,Success
3160,3160,UPI,Success
3161,3161,Card,Success
3162,3162,Cash,Success
3163,3163,UPI,Success
3164,3164,UPI,Success
3165,3165,Card,Success
3166,3166,UPI,Success
3167,3167,UPI,Success
3168,3168,Wallet,Success
3169,3169,UPI,Failed
3170,3170,Card,Success
3171,3171,Wallet,Success
3172,3172,Card,Success
3173,3173,Wallet,Success
3174,3174,Cash,Success
3175,3175,Cash,Success
3176,3176,Cash,Success
3177,3177,Cash,Failed
3178,3178,Card,Success
3179,3179,Cash,Success
3180,3180,UPI,Success
3181,3181,Cash,Success
3182,3182,Cash,Success
3183,3183,Cash,Success
3184,3184,Wallet,Success
3185,3185,UPI,Success
3186,3186,UPI,Success
3187,3187,Cash,Success
3188,3188,Card,Success
3189,3189,UPI,Success
3190,3190,Card,Success
3191,3191,Cash,Success
3192,3192,Cash,Success
3193,3193,Card,Success
3194,3194,Card,Success
3195,3195,Card,Success
3196,3196,Cash,Success
3197,3197,Card,Success
3198,3198,Cash,Success
3199,3199,Wallet,Success
3200,3200,UPI,Success
3201,3201,Cash,Success
3202,3202,Wallet,Success
3203,3203,Card,Success
3204,3204,UPI,Success
3205,3205,UPI,Success
3206,3206,Cash,Success
3207,3207,Wallet,Failed
3208,3208,Card,Success
3209,3209,Cash,Success
3210,3210,Cash,Success
3211,3211,Cash,Success
3212,3212,Cash,Success
3213,3213,Wallet,Success
3214,3214,Wallet,Success
3215,3215,Cash,Success
3216,3216,Card,Success
3217,3217,Wallet,Success
3218,3218,Wallet,Success
3219,3219,UPI,Success
3220,3220,Card,Success
3221,3221,Wallet,Success
3222,3222,UPI,Success
3223,3223,Card,Success
3224,3224,Cash,Success
3225,3225,Card,Success
3226,3226,Wallet,Failed
3227,3227,UPI,Success
3228,3228,Wallet,Success
3229,3229,UPI,Success
3230,3230,UPI,Success
3231,3231,Cash,Success
3232,3232,Cash,Success
3233,3233,Cash,Success
3234,3234,Card,Success
3235,3235,UPI,Success
3236,3236,Cash,Success
3237,3237,Card,Success
3238,3238,Wallet,Success
3239,3239,Cash,Success
3240,3240,Card,Success
3241,3241,Card,Success
3242,3242,Wallet,Success
3243,3243,Card,Success
3244,3244,Card,Success
3245,3245,Card,Success
3246,3246,Cash,Success
3247,3247,UPI,Success
3248,3248,Cash,Success
3249,3249,Card,Success
3250,3250,UPI,Success
3251,3251,Card,Success
3252,3252,Cash,Success
3253,3253,UPI,Success
3254,3254,Card,Success
3255,3255,Cash,Success
3256,3256,Wallet,Success
3257,3257,Wallet,Success
3258,3258,Cash,Success
3259,3259,UPI,Success
3260,3260,Cash,Success
3261,3261,UPI,Success
3262,3262,Wallet,Failed
3263,3263,Wallet,Success
3264,3264,UPI,Success
3265,3265,Cash,Success
3266,3266,Card,Success
3267,3267,Card,Success
3268,3268,UPI,Success
3269,3269,UPI,Success
3270,3270,UPI,Success
3271,3271,Wallet,Success
3272,3272,UPI,Success
3273,3273,UPI,Success
3274,3274,Cash,Success
3275,3275,Cash,Success
3276,3276,Card,Success
3277,3277,Card,Success
3278,3278,Cash,Success
3279,3279,Cash,Success
3280,3280,UPI,Success
3281,3281,Cash,Success
3282,3282,Card,Success
3283,3283,Wallet,Success
3284,3284,Cash,Success
3285,3285,Wallet,Success
3286,3286,UPI,Success
3287,3287,Cash,Success
3288,3288,Wallet,Success
3289,3289,Card,Success
3290,3290,Card,Success
3291,3291,Cash,Success
3292,3292,Wallet,Success
3293,3293,UPI,Success
3294,3294,Wallet,Success
3295,3295,Card,Success
3296,3296,Wallet,Success
3297,3297,UPI,Success
3298,3298,Cash,Success
3299,3299,UPI,Success
3300,3300,UPI,Success
3301,3301,Card,Success
3302,3302,Cash,Success
3303,3303,Wallet,Success
3304,3304,Cash,Success
3305,3305,Cash,Success
3306,3306,Card,Success
3307,3307,Wallet,Success
3308,3308,UPI,Success
3309,3309,UPI,Success
3310,3310,Card,Success
3311,3311,Cash,Failed
3312,3312,Wallet,Success
3313,3313,Cash,Success
3314,3314,UPI,Success
3315,3315,Cash,Success
3316,3316,Card,Success
3317,3317,Card,Success
3318,3318,Wallet,Success
3319,3319,Cash,Success
3320,3320,Cash,Success
3321,3321,Cash,Success
3322,3322,UPI,Success
3323,3323,Card,Success
3324,3324,Cash,Success
3325,3325,Cash,Success
3326,3326,Cash,Success
3327,3327,Cash,Failed
3328,3328,Card,Success
3329,3329,UPI,Success
3330,3330,Wallet,Failed
3331,3331,Wallet,Success
3332,3332,Wallet,Success
3333,3333,UPI,Success
3334,3334,Cash,Success
3335,3335,Wallet,Success
3336,3336,UPI,Success
3337,3337,Card,Success
3338,3338,Wallet,Success
3339,3339,UPI,Success
3340,3340,Card,Success
3341,3341,UPI,Success
3342,3342,Card,Success
3343,3343,UPI,Success
3344,3344,Cash,Success
3345,3345,Wallet,Success
3346,3346,UPI,Success
3347,3347,Wallet,Success
3348,3348,Card,Success
3349,3349,Cash,Success
3350,3350,Wallet,Success
3351,3351,Card,Success
3352,3352,Wallet,Success
3353,3353,Card,Success
3354,3354,Cash,Success
3355,3355,Wallet,Success
3356,3356,Card,Success
3357,3357,Card,Success
3358,3358,Card,Success
3359,3359,UPI,Success
3360,3360,Cash,Failed
3361,3361,Cash,Success
3362,3362,Cash,Success
3363,3363,Card,Success
3364,3364,Wallet,Success
3365,3365,UPI,Success
3366,3366,Card,Success
3367,3367,Cash,Failed
3368,3368,Cash,Failed
3369,3369,Wallet,Success
3370,3370,UPI,Success
3371,3371,Card,Success
3372,3372,Card,Success
3373,3373,UPI,Success
3374,3374,Wallet,Success
3375,3375,Cash,Success
3376,3376,UPI,Success
3377,3377,UPI,Success
3378,3378,Card,Success
3379,3379,UPI,Success
3380,3380,Card,Success
3381,3381,Card,Success
3382,3382,Wallet,Success
3383,3383,Card,Success
3384,3384,Cash,Success
3385,3385,UPI,Success
3386,3386,UPI,Success
3387,3387,UPI,Success
3388,3388,Card,Success
3389,3389,Cash,Success
3390,3390,UPI,Success
3391,3391,UPI,Success
3392,3392,Wallet,Success
3393,3393,Card,Success
3394,3394,Cash,Success
3395,3395,Wallet,Success
3396,3396,UPI,Success
3397,3397,Wallet,Success
3398,3398,Wallet,Success
3399,3399,Wallet,Success
3400,3400,Wallet,Success
3401,3401,Card,Success
3402,3402,Wallet,Success
3403,3403,Cash,Success
3404,3404,Cash,Success
3405,3405,Wallet,Success
3406,3406,UPI,Success
3407,3407,Cash,Success
3408,3408,Wallet,Success
3409,3409,Cash,Success
3410,3410,Card,Success
3411,3411,UPI,Success
3412,3412,Cash,Success
3413,3413,Card,Success
3414,3414,UPI,Success
3415,3415,Card,Success
3416,3416,UPI,Success
3417,3417,Card,Success
3418,3418,Wallet,Success
3419,3419,UPI,Success
3420,3420,Wallet,Success
3421,3421,UPI,Success
3422,3422,Cash,Success
3423,3423,Wallet,Success
3424,3424,Wallet,Success
3425,3425,Card,Success
3426,3426,Cash,Success
3427,3427,Wallet,Success
3428,3428,Wallet,Success
3429,3429,Wallet,Success
3430,3430,Cash,Success
3431,3431,Card,Success
3432,3432,UPI,Success
3433,3433,UPI,Success
3434,3434,Cash,Success
3435,3435,UPI,Success
3436,3436,Card,Failed
3437,3437,Wallet,Success
3438,3438,Cash,Success
3439,3439,UPI,Success
3440,3440,Wallet,Success
3441,3441,Wallet,Success
3442,3442,Wallet,Success
3443,3443,Cash,Success
3444,3444,Wallet,Success
3445,3445,Cash,Success
3446,3446,Card,Success
3447,3447,UPI,Success
3448,3448,Cash,Success
3449,3449,Cash,Failed
3450,3450,Card,Success
3451,3451,Cash,Success
3452,3452,UPI,Failed
3453,3453,Cash,Success
3454,3454,UPI,Success
3455,3455,Cash,Success
3456,3456,UPI,Success
3457,3457,Card,Success
3458,3458,UPI,Success
3459,3459,Wallet,Success
3460,3460,Wallet,Success
3461,3461,UPI,Failed
3462,3462,Cash,Success
3463,3463,Cash,Success
3464,3464,Cash,Success
3465,3465,UPI,Success
3466,3466,Wallet,Success
3467,3467,Wallet,Success
3468,3468,UPI,Failed
3469,3469,Cash,Success
3470,3470,Wallet,Success
3471,3471,Wallet,Success
3472,3472,Cash,Success
3473,3473,UPI,Success
3474,3474,Cash,Success
3475,3475,UPI,Success
3476,3476,UPI,Success
3477,3477,Wallet,Failed
3478,3478,Cash,Success
3479,3479,UPI,Success
3480,3480,Wallet,Success
3481,3481,Cash,Success
3482,3482,Cash,Success
3483,3483,Wallet,Success
3484,3484,Card,Success
3485,3485,UPI,Success
3486,3486,Cash,Success
3487,3487,Wallet,Success
3488,3488,UPI,Success
3489,3489,Card,Success
3490,3490,Card,Success
3491,3491,Card,Success
3492,3492,Wallet,Success
3493,3493,UPI,Success
3494,3494,UPI,Success
3495,3495,Card,Success
3496,3496,Card,Success
3497,3497,UPI,Success
3498,3498,Cash,Success
3499,3499,Wallet,Success
3500,3500,UPI,Success
3501,3501,Wallet,Success
3502,3502,Wallet,Success
3503,3503,Wallet,Success
3504,3504,Card,Success
3505,3505,UPI,Success
3506,3506,Cash,Success
3507,3507,Cash,Success
3508,3508,Wallet,Failed
3509,3509,UPI,Success
3510,3510,UPI,Success
3511,3511,Wallet,Success
3512,3512,UPI,Success
3513,3513,Card,Success
3514,3514,Cash,Success
3515,3515,Wallet,Success
3516,3516,UPI,Failed
3517,3517,Wallet,Success
3518,3518,Card,Success
3519,3519,Cash,Success
3520,3520,UPI,Success
3521,3521,Wallet,Success
3522,3522,Cash,Success
3523,3523,Card,Success
3524,3524,Wallet,Success
3525,3525,Wallet,Success
3526,3526,Wallet,Success
3527,3527,Card,Success
3528,3528,Wallet,Success
3529,3529,Card,Success
3530,3530,Card,Success
3531,3531,Wallet,Success
3532,3532,Card,Success
3533,3533,Cash,Success
3534,3534,UPI,Success
3535,3535,Wallet,Success
3536,3536,Wallet,Success
3537,3537,Wallet,Success
3538,3538,UPI,Success
3539,3539,Wallet,Success
3540,3540,Cash,Success
3541,3541,Cash,Success
3542,3542,UPI,Success
3543,3543,Card,Success
3544,3544,Wallet,Success
3545,3545,Wallet,Success
3546,3546,UPI,Success
3547,3547,Card,Success
3548,3548,UPI,Success
3549,3549,Wallet,Success
3550,3550,Wallet,Success
3551,3551,Wallet,Success
3552,3552,UPI,Success
3553,3553,Wallet,Success
3554,3554,Card,Success
3555,3555,Wallet,Success
3556,3556,UPI,Success
3557,3557,UPI,Success
3558,3558,Cash,Success
3559,3559,UPI,Success
3560,3560,Cash,Success
3561,3561,Cash,Success
3562,3562,Wallet,Success
3563,3563,Wallet,Failed
3564,3564,Cash,Success
3565,3565,Card,Success
3566,3566,Card,Success
3567,3567,Cash,Success
3568,3568,Card,Success
3569,3569,Card,Success
3570,3570,Card,Success
3571,3571,Card,Success
3572,3572,UPI,Failed
3573,3573,Wallet,Success
3574,3574,Cash,Success
3575,3575,Card,Success
3576,3576,Card,Success
3577,3577,Wallet,Success
3578,3578,Wallet,Success
3579,3579,Cash,Success
3580,3580,Card,Success
3581,3581,Card,Success
3582,3582,Wallet,Success
3583,3583,Wallet,Failed
3584,3584,Wallet,Success
3585,3585,Cash,Success
3586,3586,UPI,Success
3587,3587,UPI,Success
3588,3588,Wallet,Success
3589,3589,Cash,Success
3590,3590,Cash,Success
3591,3591,Cash,Success
3592,3592,Cash,Success
3593,3593,Card,Success
3594,3594,Card,Failed
3595,3595,Wallet,Success
3596,3596,Card,Success
3597,3597,Cash,Success
3598,3598,Cash,Success
3599,3599,UPI,Success
3600,3600,Card,Success
3601,3601,Cash,Success
3602,3602,UPI,Success
3603,3603,Card,Success
3604,3604,UPI,Success
3605,3605,Wallet,Failed
3606,3606,UPI,Failed
3607,3607,Card,Success
3608,3608,Cash,Success
3609,3609,Cash,Success
3610,3610,UPI,Success
3611,3611,Card,Success
3612,3612,UPI,Success
3613,3613,Card,Success
3614,3614,Card,Success
3615,3615,Cash,Success
3616,3616,Wallet,Success
3617,3617,Cash,Success
3618,3618,UPI,Success
3619,3619,Card,Success
3620,3620,Cash,Success
3621,3621,UPI,Success
3622,3622,Cash,Success
3623,3623,Wallet,Success
3624,3624,UPI,Success
3625,3625,UPI,Success
3626,3626,Wallet,Success
3627,3627,UPI,Success
3628,3628,Cash,Success
3629,3629,Card,Success
3630,3630,UPI,Success
3631,3631,Wallet,Success
3632,3632,Cash,Success
3633,3633,UPI,Success
3634,3634,Card,Success
3635,3635,Cash,Success
3636,3636,Card,Success
3637,3637,Wallet,Failed
3638,3638,Cash,Success
3639,3639,Card,Failed
3640,3640,Wallet,Success
3641,3641,Card,Success
3642,3642,Cash,Success
3643,3643,Cash,Success
3644,3644,UPI,Success
3645,3645,Card,Success
3646,3646,Cash,Success
3647,3647,Wallet,Success
3648,3648,Wallet,Success
3649,3649,Cash,Success
3650,3650,Cash,Success
3651,3651,Cash,Success
3652,3652,UPI,Success
3653,3653,Cash,Success
3654,3654,Wallet,Success
3655,3655,Cash,Success
3656,3656,Card,Success
3657,3657,Wallet,Success
3658,3658,Card,Success
3659,3659,UPI,Success
3660,3660,Card,Success
3661,3661,Card,Success
3662,3662,Wallet,Success
3663,3663,Card,Success
3664,3664,Card,Success
3665,3665,UPI,Success
3666,3666,UPI,Failed
3667,3667,Wallet,Success
3668,3668,Card,Failed
3669,3669,UPI,Success
3670,3670,Wallet,Success
3671,3671,Card,Success
3672,3672,UPI,Success
3673,3673,Wallet,Success
3674,3674,Wallet,Success
3675,3675,Card,Success
3676,3676,UPI,Success
3677,3677,UPI,Success
3678,3678,Wallet,Success
3679,3679,UPI,Success
3680,3680,UPI,Success
3681,3681,Cash,Success
3682,3682,Card,Success
3683,3683,Cash,Success
3684,3684,UPI,Success
3685,3685,Card,Success
3686,3686,Wallet,Success
3687,3687,UPI,Success
3688,3688,Wallet,Success
3689,3689,Card,Success
3690,3690,UPI,Success
3691,3691,Cash,Success
3692,3692,Card,Success
3693,3693,Wallet,Success
3694,3694,Cash,Success
3695,3695,UPI,Success
3696,3696,Wallet,Success
3697,3697,UPI,Success
3698,3698,UPI,Success
3699,3699,Cash,Success
3700,3700,Cash,Success
3701,3701,UPI,Success
3702,3702,UPI,Success
3703,3703,UPI,Success
3704,3704,Wallet,Success
3705,3705,Cash,Success
3706,3706,Card,Success
3707,3707,Cash,Success
3708,3708,Wallet,Failed
3709,3709,Card,Success
3710,3710,Cash,Success
3711,3711,Cash,Success
3712,3712,Wallet,Success
3713,3713,UPI,Success
3714,3714,Card,Success
3715,3715,Wallet,Success
3716,3716,UPI,Success
3717,3717,Wallet,Success
3718,3718,UPI,Success
3719,3719,Wallet,Success
3720,3720,Wallet,Success
3721,3721,UPI,Success
3722,3722,Wallet,Success
3723,3723,UPI,Success
3724,3724,Wallet,Success
3725,3725,Wallet,Success
3726,3726,UPI,Success
3727,3727,UPI,Success
3728,3728,Card,Success
3729,3729,Wallet,Success
3730,3730,Card,Success
3731,3731,Wallet,Failed
3732,3732,Cash,Success
3733,3733,Wallet,Success
3734,3734,Card,Success
3735,3735,UPI,Success
3736,3736,Card,Success
3737,3737,UPI,Success
3738,3738,Wallet,Success
3739,3739,Wallet,Success
3740,3740,Card,Success
3741,3741,Card,Success
3742,3742,Card,Success
3743,3743,UPI,Success
3744,3744,Wallet,Success
3745,3745,UPI,Success
3746,3746,UPI,Success
3747,3747,Wallet,Success
3748,3748,Card,Success
3749,3749,Cash,Success
3750,3750,Cash,Success
3751,3751,Wallet,Success
3752,3752,UPI,Success
3753,3753,Wallet,Success
3754,3754,Wallet,Success
3755,3755,Card,Failed
3756,3756,Wallet,Success
3757,3757,Card,Success
3758,3758,Wallet,Success
3759,3759,UPI,Success
3760,3760,Cash,Success
3761,3761,UPI,Success
3762,3762,UPI,Failed
3763,3763,Wallet,Failed
3764,3764,UPI,Success
3765,3765,Cash,Success
3766,3766,Cash,Success
3767,3767,Wallet,Success
3768,3768,UPI,Success
3769,3769,Card,Success
3770,3770,Card,Success
3771,3771,Wallet,Success
3772,3772,Cash,Success
3773,3773,UPI,Success
3774,3774,Wallet,Success
3775,3775,Cash,Success
3776,3776,Cash,Success
3777,3777,Card,Success
3778,3778,Card,Success
3779,3779,Wallet,Success
3780,3780,Cash,Success
3781,3781,Card,Success
3782,3782,Cash,Success
3783,3783,Card,Success
3784,3784,Wallet,Success
3785,3785,Cash,Success
3786,3786,Cash,Success
3787,3787,Cash,Success
3788,3788,Wallet,Success
3789,3789,Cash,Success
3790,3790,Cash,Success
3791,3791,Cash,Success
3792,3792,Cash,Success
3793,3793,Cash,Success
3794,3794,Wallet,Failed
3795,3795,Card,Success
3796,3796,Cash,Success
3797,3797,UPI,Success
3798,3798,Wallet,Success
3799,3799,Cash,Success
3800,3800,Wallet,Success
3801,3801,Wallet,Success
3802,3802,Card,Success
3803,3803,Card,Success
3804,3804,Wallet,Success
3805,3805,Cash,Success
3806,3806,Wallet,Success
3807,3807,Wallet,Success
3808,3808,Card,Success
3809,3809,Card,Success
3810,3810,Cash,Success
3811,3811,Card,Success
3812,3812,Cash,Success
3813,3813,UPI,Success
3814,3814,Cash,Success
3815,3815,Card,Success
3816,3816,UPI,Success
3817,3817,UPI,Success
3818,3818,Wallet,Success
3819,3819,Card,Success
3820,3820,Card,Success
3821,3821,Cash,Success
3822,3822,Wallet,Success
3823,3823,Card,Success
3824,3824,Cash,Success
3825,3825,Wallet,Success
3826,3826,UPI,Success
3827,3827,Wallet,Success
3828,3828,Card,Success
3829,3829,Wallet,Success
3830,3830,UPI,Success
3831,3831,Cash,Success
3832,3832,Card,Success
3833,3833,Cash,Success
3834,3834,Card,Success
3835,3835,UPI,Success
3836,3836,Wallet,Success
3837,3837,UPI,Success
3838,3838,UPI,Success
3839,3839,UPI,Success
3840,3840,Cash,Success
3841,3841,UPI,Success
3842,3842,Cash,Success
3843,3843,Wallet,Success
3844,3844,Card,Success
3845,3845,UPI,Success
3846,3846,Card,Success
3847,3847,Wallet,Success
3848,3848,UPI,Success
3849,3849,Wallet,Success
3850,3850,Card,Success
3851,3851,Card,Success
3852,3852,Wallet,Success
3853,3853,Cash,Success
3854,3854,Cash,Success
3855,3855,Card,Success
3856,3856,Wallet,Success
3857,3857,Wallet,Success
3858,3858,Cash,Success
3859,3859,Cash,Success
3860,3860,Wallet,Success
3861,3861,Cash,Success
3862,3862,Card,Success
3863,3863,Card,Success
3864,3864,Cash,Success
3865,3865,UPI,Success
3866,3866,Card,Success
3867,3867,Cash,Success
3868,3868,UPI,Success
3869,3869,UPI,Success
3870,3870,Wallet,Success
3871,3871,Wallet,Success
3872,3872,Card,Success
3873,3873,Card,Success
3874,3874,Wallet,Success
3875,3875,Cash,Success
3876,3876,Card,Success
3877,3877,Cash,Success
3878,3878,UPI,Success
3879,3879,Wallet,Success
3880,3880,UPI,Success
3881,3881,Wallet,Success
3882,3882,Wallet,Success
3883,3883,UPI,Success
3884,3884,Wallet,Success
3885,3885,Wallet,Success
3886,3886,Wallet,Success
3887,3887,UPI,Failed
3888,3888,Cash,Success
3889,3889,Cash,Success
3890,3890,UPI,Failed
3891,3891,Wallet,Success
3892,3892,Card,Success
3893,3893,UPI,Success
3894,3894,UPI,Success
3895,3895,Cash,Success
3896,3896,Card,Success
3897,3897,Card,Success
3898,3898,Cash,Success
3899,3899,Cash,Success
3900,3900,Wallet,Success
3901,3901,Card,Success
3902,3902,Wallet,Success
3903,3903,Card,Success
3904,3904,Card,Success
3905,3905,Card,Success
3906,3906,Wallet,Success
3907,3907,Cash,Success
3908,3908,Card,Success
3909,3909,Card,Success
3910,3910,Cash,Success
3911,3911,UPI,Success
3912,3912,Wallet,Success
3913,3913,Wallet,Success
3914,3914,UPI,Success
3915,3915,Card,Success
3916,3916,Cash,Success
3917,3917,Wallet,Success
3918,3918,Card,Success
3919,3919,Card,Success
3920,3920,Wallet,Success
3921,3921,Card,Success
3922,3922,Wallet,Success
3923,3923,Card,Success
3924,3924,Cash,Success
3925,3925,Cash,Success
3926,3926,UPI,Success
3927,3927,Cash,Failed
3928,3928,Cash,Success
3929,3929,Cash,Success
3930,3930,UPI,Success
3931,3931,Card,Success
3932,3932,Cash,Success
3933,3933,UPI,Success
3934,3934,Cash,Success
3935,3935,Wallet,Success
3936,3936,Wallet,Success
3937,3937,UPI,Success
3938,3938,Cash,Success
3939,3939,UPI,Success
3940,3940,Cash,Success
3941,3941,UPI,Success
3942,3942,Wallet,Success
3943,3943,Card,Success
3944,3944,Cash,Success
3945,3945,Wallet,Success
3946,3946,Cash,Success
3947,3947,Cash,Success
3948,3948,UPI,Success
3949,3949,UPI,Success
3950,3950,Cash,Success
3951,3951,Card,Success
3952,3952,UPI,Success
3953,3953,Cash,Success
3954,3954,Cash,Success
3955,3955,UPI,Success
3956,3956,Card,Failed
3957,3957,UPI,Success
3958,3958,Wallet,Success
3959,3959,Cash,Failed
3960,3960,UPI,Success
3961,3961,Cash,Success
3962,3962,Cash,Success
3963,3963,Wallet,Success
3964,3964,Wallet,Success
3965,3965,Card,Success
3966,3966,Wallet,Success
3967,3967,Card,Success
3968,3968,Cash,Success
3969,3969,Wallet,Success
3970,3970,Wallet,Success
3971,3971,UPI,Success
3972,3972,Cash,Success
3973,3973,UPI,Success
3974,3974,Cash,Success
3975,3975,UPI,Success
3976,3976,Cash,Success
3977,3977,Wallet,Success
3978,3978,Cash,Success
3979,3979,Cash,Success
3980,3980,Card,Success
3981,3981,Cash,Success
3982,3982,Cash,Success
3983,3983,Wallet,Success
3984,3984,Wallet,Success
3985,3985,UPI,Success
3986,3986,Cash,Success
3987,3987,Cash,Success
3988,3988,Cash,Success
3989,3989,Cash,Success
3990,3990,UPI,Success
3991,3991,UPI,Success
3992,3992,Wallet,Success
3993,3993,Wallet,Success
3994,3994,UPI,Success
3995,3995,Card,Failed
3996,3996,UPI,Success
3997,3997,UPI,Success
3998,3998,Card,Success
3999,3999,Card,Success
4000,4000,Cash,Success
4001,4001,Wallet,Success
4002,4002,UPI,Success
4003,4003,Cash,Success
4004,4004,Card,Success
4005,4005,UPI,Success
4006,4006,Card,Success
4007,4007,Wallet,Success
4008,4008,Cash,Success
4009,4009,UPI,Success
4010,4010,Wallet,Success
4011,4011,Cash,Success
4012,4012,Cash,Success
4013,4013,UPI,Success
4014,4014,Cash,Failed
4015,4015,Wallet,Success
4016,4016,Wallet,Success
4017,4017,UPI,Success
4018,4018,UPI,Success
4019,4019,Cash,Success
4020,4020,Wallet,Success
4021,4021,Card,Success
4022,4022,UPI,Success
4023,4023,Card,Success
4024,4024,Card,Success
4025,4025,Wallet,Success
4026,4026,Wallet,Success
4027,4027,Cash,Success
4028,4028,Card,Success
4029,4029,Wallet,Success
4030,4030,UPI,Success
4031,4031,Cash,Success
4032,4032,Cash,Success
4033,4033,Cash,Success
4034,4034,Wallet,Success
4035,4035,Card,Success
4036,4036,UPI,Success
4037,4037,Wallet,Success
4038,4038,UPI,Success
4039,4039,UPI,Success
4040,4040,Cash,Success
4041,4041,UPI,Success
4042,4042,UPI,Success
4043,4043,UPI,Success
4044,4044,Cash,Success
4045,4045,UPI,Success
4046,4046,Card,Success
4047,4047,Cash,Success
4048,4048,UPI,Success
4049,4049,Card,Success
4050,4050,Cash,Success
4051,4051,Card,Success
4052,4052,Cash,Success
4053,4053,Wallet,Success
4054,4054,UPI,Success
4055,4055,Wallet,Failed
4056,4056,Card,Success
4057,4057,Wallet,Success
4058,4058,Wallet,Success
4059,4059,Cash,Failed
4060,4060,Card,Success
4061,4061,Cash,Success
4062,4062,UPI,Success
4063,4063,UPI,Success
4064,4064,Wallet,Success
4065,4065,Wallet,Success
4066,4066,Card,Success
4067,4067,Cash,Success
4068,4068,Cash,Success
4069,4069,Card,Success
4070,4070,UPI,Success
4071,4071,Wallet,Success
4072,4072,Card,Success
4073,4073,Wallet,Success
4074,4074,Cash,Success
4075,4075,Cash,Success
4076,4076,UPI,Success
4077,4077,UPI,Success
4078,4078,Card,Success
4079,4079,Cash,Success
4080,4080,Card,Success
4081,4081,Cash,Success
4082,4082,Wallet,Success
4083,4083,UPI,Success
4084,4084,Card,Success
4085,4085,Cash,Success
4086,4086,Wallet,Success
4087,4087,UPI,Success
4088,4088,UPI,Success
4089,4089,Cash,Success
4090,4090,UPI,Success
4091,4091,Cash,Success
4092,4092,Cash,Success
4093,4093,Wallet,Success
4094,4094,Wallet,Success
4095,4095,Cash,Success
4096,4096,Wallet,Success
4097,4097,Card,Success
4098,4098,Card,Success
4099,4099,Wallet,Success
4100,4100,Card,Success
4101,4101,Cash,Success
4102,4102,UPI,Success
4103,4103,UPI,Success
4104,4104,Cash,Success
4105,4105,UPI,Success
4106,4106,Wallet,Success
4107,4107,UPI,Success
4108,4108,UPI,Success
4109,4109,Cash,Success
4110,4110,Cash,Success
4111,4111,Card,Success
4112,4112,UPI,Success
4113,4113,UPI,Failed
4114,4114,Wallet,Success
4115,4115,Card,Success
4116,4116,UPI,Success
4117,4117,UPI,Success
4118,4118,Wallet,Success
4119,4119,UPI,Success
4120,4120,Cash,Success
4121,4121,Card,Success
4122,4122,UPI,Failed
4123,4123,UPI,Failed
4124,4124,Wallet,Success
4125,4125,Cash,Success
4126,4126,Wallet,Success
4127,4127,UPI,Success
4128,4128,Card,Success
4129,4129,Card,Success
4130,4130,Card,Success
4131,4131,Wallet,Success
4132,4132,Card,Success
4133,4133,Card,Success
4134,4134,Card,Success
4135,4135,UPI,Success
4136,4136,Card,Failed
4137,4137,UPI,Success
4138,4138,Card,Success
4139,4139,Cash,Success
4140,4140,Wallet,Success
4141,4141,Cash,Success
4142,4142,Cash,Success
4143,4143,UPI,Success
4144,4144,Wallet,Success
4145,4145,Cash,Success
4146,4146,Cash,Success
4147,4147,Wallet,Success
4148,4148,UPI,Success
4149,4149,Cash,Success
4150,4150,UPI,Success
4151,4151,Cash,Success
4152,4152,Wallet,Success
4153,4153,Card,Success
4154,4154,UPI,Success
4155,4155,Cash,Success
4156,4156,Card,Success
4157,4157,Cash,Success
4158,4158,Cash,Failed
4159,4159,UPI,Success
4160,4160,UPI,Success
4161,4161,Card,Failed
4162,4162,Cash,Success
4163,4163,UPI,Success
4164,4164,Cash,Failed
4165,4165,Card,Success
4166,4166,Card,Success
4167,4167,Cash,Success
4168,4168,Card,Success
4169,4169,UPI,Success
4170,4170,UPI,Success
4171,4171,UPI,Success
4172,4172,UPI,Success
4173,4173,Wallet,Success
4174,4174,Cash,Success
4175,4175,Card,Success
4176,4176,Wallet,Success
4177,4177,UPI,Success
4178,4178,UPI,Success
4179,4179,Cash,Success
4180,4180,Wallet,Success
4181,4181,UPI,Success
4182,4182,Wallet,Success
4183,4183,Card,Success
4184,4184,UPI,Success
4185,4185,Card,Success
4186,4186,Cash,Success
4187,4187,Cash,Success
4188,4188,Card,Success
4189,4189,Cash,Success
4190,4190,Card,Failed
4191,4191,Wallet,Success
4192,4192,UPI,Success
4193,4193,Cash,Success
4194,4194,UPI,Failed
4195,4195,UPI,Success
4196,4196,Card,Success
4197,4197,Card,Success
4198,4198,Wallet,Success
4199,4199,Cash,Success
4200,4200,Cash,Success
4201,4201,Cash,Success
4202,4202,Cash,Success
4203,4203,UPI,Success
4204,4204,UPI,Success
4205,4205,Wallet,Success
4206,4206,Cash,Success
4207,4207,Wallet,Success
4208,4208,Cash,Success
4209,4209,Card,Success
4210,4210,UPI,Success
4211,4211,UPI,Success
4212,4212,Wallet,Success
4213,4213,Cash,Success
4214,4214,UPI,Success
4215,4215,Card,Success
4216,4216,Wallet,Success
4217,4217,Wallet,Success
4218,4218,UPI,Success
4219,4219,UPI,Success
4220,4220,Wallet,Success
4221,4221,Cash,Success
4222,4222,Card,Success
4223,4223,Wallet,Failed
4224,4224,Cash,Success
4225,4225,UPI,Success
4226,4226,Wallet,Success
4227,4227,Card,Success
4228,4228,Cash,Failed
4229,4229,Card,Failed
4230,4230,Cash,Success
4231,4231,Wallet,Failed
4232,4232,Card,Success
4233,4233,UPI,Failed
4234,4234,UPI,Success
4235,4235,Wallet,Success
4236,4236,Wallet,Success
4237,4237,Wallet,Success
4238,4238,UPI,Success
4239,4239,Wallet,Success
4240,4240,Cash,Success
4241,4241,UPI,Success
4242,4242,Card,Success
4243,4243,UPI,Success
4244,4244,UPI,Success
4245,4245,Wallet,Success
4246,4246,Cash,Success
4247,4247,UPI,Success
4248,4248,Wallet,Success
4249,4249,Cash,Failed
4250,4250,Card,Success
4251,4251,Card,Success
4252,4252,Card,Success
4253,4253,UPI,Failed
4254,4254,Card,Success
4255,4255,Cash,Success
4256,4256,Card,Success
4257,4257,Cash,Success
4258,4258,UPI,Success
4259,4259,Cash,Success
4260,4260,Wallet,Success
4261,4261,Cash,Success
4262,4262,UPI,Success
4263,4263,Wallet,Success
4264,4264,Wallet,Success
4265,4265,Card,Success
4266,4266,Cash,Success
4267,4267,Card,Success
4268,4268,Card,Success
4269,4269,Cash,Success
4270,4270,Wallet,Success
4271,4271,Cash,Success
4272,4272,Cash,Success
4273,4273,Card,Success
4274,4274,UPI,Success
4275,4275,Card,Success
4276,4276,Wallet,Success
4277,4277,Card,Success
4278,4278,Card,Success
4279,4279,Cash,Success
4280,4280,Wallet,Success
4281,4281,Wallet,Success
4282,4282,Wallet,Success
4283,4283,UPI,Success
4284,4284,Wallet,Success
4285,4285,UPI,Success
4286,4286,Card,Success
4287,4287,Cash,Failed
4288,4288,Card,Success
4289,4289,UPI,Success
4290,4290,Wallet,Success
4291,4291,Wallet,Success
4292,4292,Card,Success
4293,4293,Card,Success
4294,4294,Cash,Success
4295,4295,Cash,Success
4296,4296,Wallet,Success
4297,4297,Cash,Success
4298,4298,Card,Success
4299,4299,Cash,Success
4300,4300,Wallet,Success
4301,4301,UPI,Success
4302,4302,Wallet,Success
4303,4303,Card,Success
4304,4304,Wallet,Success
4305,4305,Wallet,Success
4306,4306,Wallet,Success
4307,4307,Wallet,Success
4308,4308,Wallet,Success
4309,4309,Wallet,Success
4310,4310,Card,Success
4311,4311,Cash,Success
4312,4312,Cash,Success
4313,4313,Wallet,Success
4314,4314,Card,Success
4315,4315,UPI,Success
4316,4316,Cash,Success
4317,4317,UPI,Success
4318,4318,Wallet,Success
4319,4319,Wallet,Success
4320,4320,Cash,Success
4321,4321,UPI,Success
4322,4322,Cash,Success
4323,4323,Wallet,Success
4324,4324,Card,Success
4325,4325,UPI,Success
4326,4326,UPI,Success
4327,4327,Card,Success
4328,4328,Wallet,Failed
4329,4329,Wallet,Failed
4330,4330,Card,Success
4331,4331,Cash,Success
4332,4332,UPI,Success
4333,4333,Cash,Success
4334,4334,Card,Success
4335,4335,Wallet,Success
4336,4336,Wallet,Success
4337,4337,Card,Success
4338,4338,Card,Failed
4339,4339,Cash,Success
4340,4340,Cash,Success
4341,4341,Wallet,Failed
4342,4342,Wallet,Success
4343,4343,Wallet,Success
4344,4344,Card,Success
4345,4345,Cash,Success
4346,4346,Wallet,Success
4347,4347,Card,Success
4348,4348,Card,Success
4349,4349,Wallet,Success
4350,4350,Wallet,Success
4351,4351,Card,Success
4352,4352,Card,Success
4353,4353,Wallet,Success
4354,4354,Cash,Success
4355,4355,Cash,Success
4356,4356,Wallet,Success
4357,4357,Cash,Success
4358,4358,Wallet,Success
4359,4359,Cash,Success
4360,4360,Cash,Success
4361,4361,UPI,Success
4362,4362,Cash,Success
4363,4363,UPI,Success
4364,4364,UPI,Failed
4365,4365,Card,Success
4366,4366,UPI,Success
4367,4367,Cash,Success
4368,4368,Cash,Success
4369,4369,Card,Success
4370,4370,UPI,Success
4371,4371,UPI,Success
4372,4372,Cash,Failed
4373,4373,Wallet,Success
4374,4374,Card,Success
4375,4375,Wallet,Success
4376,4376,Wallet,Success
4377,4377,Card,Success
4378,4378,UPI,Success
4379,4379,Wallet,Success
4380,4380,Wallet,Success
4381,4381,Wallet,Success
4382,4382,Card,Success
4383,4383,Card,Success
4384,4384,Card,Success
4385,4385,Wallet,Success
4386,4386,Wallet,Success
4387,4387,Card,Success
4388,4388,UPI,Success
4389,4389,Wallet,Success
4390,4390,Card,Success
4391,4391,Card,Success
4392,4392,Cash,Success
4393,4393,Wallet,Success
4394,4394,Wallet,Success
4395,4395,Card,Success
4396,4396,Wallet,Success
4397,4397,UPI,Success
4398,4398,Cash,Success
4399,4399,Cash,Success
4400,4400,Cash,Failed
4401,4401,Wallet,Success
4402,4402,Cash,Success
4403,4403,UPI,Success
4404,4404,UPI,Success
4405,4405,Card,Success
4406,4406,Wallet,Success
4407,4407,Card,Success
4408,4408,Wallet,Success
4409,4409,UPI,Success
4410,4410,UPI,Success
4411,4411,Cash,Success
4412,4412,UPI,Success
4413,4413,Card,Success
4414,4414,Cash,Success
4415,4415,UPI,Success
4416,4416,UPI,Success
4417,4417,UPI,Success
4418,4418,UPI,Success
4419,4419,Cash,Failed
4420,4420,Cash,Success
4421,4421,Card,Failed
4422,4422,Card,Success
4423,4423,Card,Success
4424,4424,UPI,Success
4425,4425,Wallet,Success
4426,4426,Card,Success
4427,4427,UPI,Success
4428,4428,Cash,Success
4429,4429,UPI,Success
4430,4430,Card,Success
4431,4431,UPI,Success
4432,4432,UPI,Success
4433,4433,Wallet,Success
4434,4434,UPI,Success
4435,4435,UPI,Success
4436,4436,Cash,Success
4437,4437,Card,Success
4438,4438,Wallet,Success
4439,4439,Card,Success
4440,4440,Cash,Success
4441,4441,UPI,Success
4442,4442,UPI,Success
4443,4443,UPI,Success
4444,4444,Wallet,Success
4445,4445,Card,Success
4446,4446,Card,Success
4447,4447,Card,Failed
4448,4448,Wallet,Success
4449,4449,Wallet,Success
4450,4450,Cash,Success
4451,4451,Card,Success
4452,4452,UPI,Success
4453,4453,Cash,Success
4454,4454,UPI,Success
4455,4455,Card,Success
4456,4456,Cash,Success
4457,4457,Cash,Success
4458,4458,Wallet,Success
4459,4459,UPI,Success
4460,4460,UPI,Success
4461,4461,Cash,Success
4462,4462,Wallet,Success
4463,4463,Wallet,Success
4464,4464,Card,Success
4465,4465,Card,Success
4466,4466,UPI,Success
4467,4467,Cash,Success
4468,4468,Wallet,Success
4469,4469,UPI,Success
4470,4470,Wallet,Success
4471,4471,Cash,Success
4472,4472,Card,Success
4473,4473,Wallet,Success
4474,4474,Card,Success
4475,4475,UPI,Success
4476,4476,Wallet,Success
4477,4477,Cash,Success
4478,4478,UPI,Failed
4479,4479,Card,Success
4480,4480,Wallet,Success
4481,4481,Card,Success
4482,4482,UPI,Failed
4483,4483,Wallet,Success
4484,4484,Cash,Success
4485,4485,Wallet,Success
4486,4486,Cash,Success
4487,4487,Card,Success
4488,4488,Cash,Success
4489,4489,Cash,Success
4490,4490,Card,Success
4491,4491,Card,Success
4492,4492,UPI,Success
4493,4493,Card,Success
4494,4494,Cash,Success
4495,4495,Cash,Success
4496,4496,Wallet,Success
4497,4497,Card,Success
4498,4498,Cash,Success
4499,4499,Wallet,Success
4500,4500,Cash,Success
4501,4501,Card,Failed
4502,4502,UPI,Success
4503,4503,UPI,Success
4504,4504,Cash,Success
4505,4505,Cash,Success
4506,4506,Cash,Success
4507,4507,Card,Success
4508,4508,Cash,Success
4509,4509,Wallet,Success
4510,4510,Cash,Success
4511,4511,Card,Success
4512,4512,Card,Success
4513,4513,UPI,Success
4514,4514,Wallet,Failed
4515,4515,UPI,Failed
4516,4516,Cash,Success
4517,4517,UPI,Success
4518,4518,UPI,Success
4519,4519,Card,Success
4520,4520,Wallet,Success
4521,4521,Cash,Failed
4522,4522,UPI,Success
4523,4523,Card,Success
4524,4524,UPI,Success
4525,4525,Wallet,Success
4526,4526,Wallet,Success
4527,4527,UPI,Success
4528,4528,UPI,Success
4529,4529,UPI,Success
4530,4530,Cash,Success
4531,4531,Card,Success
4532,4532,Wallet,Success
4533,4533,UPI,Success
4534,4534,UPI,Success
4535,4535,Cash,Success
4536,4536,UPI,Success
4537,4537,UPI,Success
4538,4538,Card,Success
4539,4539,Card,Success
4540,4540,Card,Success
4541,4541,Wallet,Success
4542,4542,UPI,Success
4543,4543,UPI,Success
4544,4544,Wallet,Success
4545,4545,UPI,Success
4546,4546,Wallet,Failed
4547,4547,Card,Success
4548,4548,Wallet,Success
4549,4549,UPI,Success
4550,4550,Card,Failed
4551,4551,Card,Success
4552,4552,Wallet,Success
4553,4553,UPI,Success
4554,4554,Cash,Success
4555,4555,Cash,Success
4556,4556,UPI,Success
4557,4557,Wallet,Success
4558,4558,Wallet,Success
4559,4559,Card,Success
4560,4560,Card,Success
4561,4561,Wallet,Success
4562,4562,UPI,Success
4563,4563,Wallet,Success
4564,4564,UPI,Success
4565,4565,Card,Success
4566,4566,Card,Success
4567,4567,Wallet,Success
4568,4568,Card,Success
4569,4569,Wallet,Success
4570,4570,Cash,Success
4571,4571,UPI,Success
4572,4572,Wallet,Success
4573,4573,Cash,Success
4574,4574,Cash,Success
4575,4575,Cash,Success
4576,4576,Card,Success
4577,4577,Cash,Success
4578,4578,Card,Failed
4579,4579,UPI,Success
4580,4580,Card,Success
4581,4581,UPI,Success
4582,4582,Wallet,Success
4583,4583,Wallet,Failed
4584,4584,Card,Success
4585,4585,UPI,Success
4586,4586,Wallet,Success
4587,4587,UPI,Success
4588,4588,Card,Success
4589,4589,Card,Success
4590,4590,Card,Success
4591,4591,Cash,Success
4592,4592,UPI,Success
4593,4593,UPI,Success
4594,4594,UPI,Success
4595,4595,Cash,Failed
4596,4596,Card,Success
4597,4597,Card,Success
4598,4598,UPI,Success
4599,4599,Wallet,Success
4600,4600,Card,Success
4601,4601,Card,Success
4602,4602,Cash,Success
4603,4603,Card,Success
4604,4604,Cash,Success
4605,4605,UPI,Success
4606,4606,Card,Success
4607,4607,Card,Success
4608,4608,Cash,Success
4609,4609,UPI,Success
4610,4610,Cash,Success
4611,4611,Cash,Success
4612,4612,Cash,Success
4613,4613,Wallet,Success
4614,4614,Card,Success
4615,4615,Cash,Success
4616,4616,Cash,Success
4617,4617,Wallet,Success
4618,4618,Wallet,Success
4619,4619,Card,Success
4620,4620,Cash,Success
4621,4621,Cash,Success
4622,4622,Cash,Success
4623,4623,Card,Success
4624,4624,Card,Success
4625,4625,Cash,Success
4626,4626,Card,Success
4627,4627,UPI,Failed
4628,4628,Card,Success
4629,4629,Wallet,Success
4630,4630,UPI,Success
4631,4631,Wallet,Success
4632,4632,UPI,Success
4633,4633,Wallet,Success
4634,4634,UPI,Success
4635,4635,UPI,Success
4636,4636,UPI,Success
4637,4637,Card,Success
4638,4638,Wallet,Success
4639,4639,UPI,Success
4640,4640,Cash,Success
4641,4641,Card,Success
4642,4642,UPI,Success
4643,4643,UPI,Success
4644,4644,Wallet,Success
4645,4645,UPI,Success
4646,4646,Card,Failed
4647,4647,Wallet,Success
4648,4648,UPI,Success
4649,4649,Cash,Success
4650,4650,Card,Success
4651,4651,Card,Failed
4652,4652,Wallet,Success
4653,4653,Wallet,Success
4654,4654,Card,Success
4655,4655,Wallet,Success
4656,4656,Card,Success
4657,4657,Card,Success
4658,4658,Card,Success
4659,4659,Wallet,Success
4660,4660,Wallet,Success
4661,4661,Wallet,Success
4662,4662,Wallet,Success
4663,4663,Cash,Success
4664,4664,Wallet,Success
4665,4665,UPI,Success
4666,4666,Wallet,Success
4667,4667,Cash,Success
4668,4668,Card,Success
4669,4669,Card,Success
4670,4670,UPI,Success
4671,4671,Cash,Success
4672,4672,Wallet,Success
4673,4673,Wallet,Success
4674,4674,Cash,Success
4675,4675,UPI,Success
4676,4676,Cash,Success
4677,4677,Cash,Success
4678,4678,Cash,Success
4679,4679,Cash,Success
4680,4680,Wallet,Success
4681,4681,Cash,Success
4682,4682,Cash,Success
4683,4683,Cash,Success
4684,4684,Cash,Success
4685,4685,UPI,Success
4686,4686,Wallet,Success
4687,4687,Wallet,Success
4688,4688,UPI,Failed
4689,4689,UPI,Success
4690,4690,UPI,Success
4691,4691,Card,Success
4692,4692,Wallet,Success
4693,4693,UPI,Success
4694,4694,Cash,Success
4695,4695,UPI,Success
4696,4696,Card,Success
4697,4697,Cash,Success
4698,4698,Card,Success
4699,4699,UPI,Failed
4700,4700,Card,Success
4701,4701,UPI,Success
4702,4702,UPI,Success
4703,4703,Card,Success
4704,4704,Card,Success
4705,4705,Card,Success
4706,4706,Card,Success
4707,4707,Cash,Failed
4708,4708,Cash,Failed
4709,4709,Cash,Success
4710,4710,Wallet,Success
4711,4711,Cash,Success
4712,4712,Card,Success
4713,4713,Card,Success
4714,4714,UPI,Success
4715,4715,UPI,Success
4716,4716,Wallet,Success
4717,4717,Card,Success
4718,4718,Cash,Success
4719,4719,Card,Success
4720,4720,Card,Success
4721,4721,Card,Success
4722,4722,Card,Success
4723,4723,Cash,Success
4724,4724,Card,Success
4725,4725,Wallet,Success
4726,4726,UPI,Success
4727,4727,Cash,Success
4728,4728,Cash,Success
4729,4729,Wallet,Success
4730,4730,Cash,Success
4731,4731,Wallet,Success
4732,4732,Wallet,Success
4733,4733,Wallet,Success
4734,4734,UPI,Success
4735,4735,Card,Failed
4736,4736,Cash,Success
4737,4737,Card,Success
4738,4738,Card,Success
4739,4739,UPI,Success
4740,4740,UPI,Success
4741,4741,Card,Success
4742,4742,Card,Success
4743,4743,Wallet,Success
4744,4744,UPI,Success
4745,4745,Card,Success
4746,4746,Wallet,Success
4747,4747,Cash,Success
4748,4748,Wallet,Success
4749,4749,Card,Success
4750,4750,Cash,Success
4751,4751,Cash,Success
4752,4752,UPI,Success
4753,4753,UPI,Success
4754,4754,UPI,Success
4755,4755,Card,Success
4756,4756,UPI,Success
4757,4757,Cash,Success
4758,4758,Wallet,Failed
4759,4759,UPI,Success
4760,4760,UPI,Success
4761,4761,Card,Success
4762,4762,Cash,Success
4763,4763,UPI,Success
4764,4764,Card,Success
4765,4765,Cash,Success
4766,4766,Cash,Failed
4767,4767,Wallet,Success
4768,4768,Card,Success
4769,4769,Card,Success
4770,4770,Wallet,Success
4771,4771,Cash,Success
4772,4772,UPI,Success
4773,4773,Wallet,Success
4774,4774,Wallet,Success
4775,4775,Card,Success
4776,4776,Wallet,Success
4777,4777,Card,Success
4778,4778,UPI,Failed
4779,4779,Wallet,Success
4780,4780,UPI,Success
4781,4781,UPI,Success
4782,4782,Cash,Success
4783,4783,UPI,Success
4784,4784,Cash,Success
4785,4785,Wallet,Success
4786,4786,Cash,Success
4787,4787,Cash,Success
4788,4788,Wallet,Success
4789,4789,Cash,Success
4790,4790,Wallet,Success
4791,4791,UPI,Success
4792,4792,Wallet,Success
4793,4793,Card,Success
4794,4794,UPI,Success
4795,4795,Wallet,Success
4796,4796,Cash,Success
4797,4797,UPI,Success
4798,4798,Card,Success
4799,4799,Card,Success
4800,4800,UPI,Success
4801,4801,Cash,Success
4802,4802,Card,Success
4803,4803,Wallet,Success
4804,4804,Cash,Success
4805,4805,Card,Success
4806,4806,UPI,Failed
4807,4807,Wallet,Failed
4808,4808,Wallet,Success
4809,4809,Cash,Success
4810,4810,Card,Success
4811,4811,Cash,Success
4812,4812,Cash,Success
4813,4813,Wallet,Success
4814,4814,UPI,Success
4815,4815,Cash,Success
4816,4816,Wallet,Success
4817,4817,Card,Failed
4818,4818,Cash,Success
4819,4819,UPI,Success
4820,4820,Cash,Success
4821,4821,UPI,Success
4822,4822,UPI,Success
4823,4823,UPI,Success
4824,4824,UPI,Success
4825,4825,Cash,Success
4826,4826,Card,Success
4827,4827,UPI,Success
4828,4828,Card,Success
4829,4829,Card,Failed
4830,4830,Card,Success
4831,4831,Wallet,Success
4832,4832,Card,Success
4833,4833,Wallet,Success
4834,4834,Wallet,Success
4835,4835,UPI,Success
4836,4836,Cash,Success
4837,4837,Card,Success
4838,4838,Card,Success
4839,4839,Wallet,Success
4840,4840,Card,Success
4841,4841,Card,Success
4842,4842,Card,Success
4843,4843,UPI,Success
4844,4844,Wallet,Success
4845,4845,Card,Success
4846,4846,Wallet,Success
4847,4847,UPI,Success
4848,4848,UPI,Failed
4849,4849,Wallet,Success
4850,4850,Cash,Success
4851,4851,Wallet,Success
4852,4852,UPI,Success
4853,4853,Cash,Failed
4854,4854,Wallet,Success
4855,4855,UPI,Success
4856,4856,Card,Success
4857,4857,Cash,Success
4858,4858,Wallet,Failed
4859,4859,UPI,Success
4860,4860,Card,Success
4861,4861,Card,Success
4862,4862,UPI,Success
4863,4863,UPI,Success
4864,4864,Wallet,Success
4865,4865,Wallet,Success
4866,4866,Wallet,Failed
4867,4867,Card,Success
4868,4868,Cash,Success
4869,4869,Card,Success
4870,4870,UPI,Success
4871,4871,Cash,Success
4872,4872,UPI,Success
4873,4873,Wallet,Success
4874,4874,Wallet,Success
4875,4875,Card,Success
4876,4876,Wallet,Success
4877,4877,Wallet,Success
4878,4878,Card,Success
4879,4879,Cash,Success
4880,4880,Card,Success
4881,4881,UPI,Success
4882,4882,Card,Success
4883,4883,Wallet,Success
4884,4884,Cash,Success
4885,4885,Wallet,Success
4886,4886,Wallet,Success
4887,4887,Wallet,Success
4888,4888,UPI,Success
4889,4889,Cash,Success
4890,4890,Cash,Success
4891,4891,Cash,Success
4892,4892,Card,Success
4893,4893,Wallet,Success
4894,4894,Card,Success
4895,4895,Wallet,Success
4896,4896,Cash,Success
4897,4897,UPI,Success
4898,4898,UPI,Success
4899,4899,Cash,Success
4900,4900,Card,Success
4901,4901,UPI,Success
4902,4902,Cash,Success
4903,4903,UPI,Success
4904,4904,UPI,Success
4905,4905,Card,Success
4906,4906,Cash,Success
4907,4907,Card,Success
4908,4908,Cash,Success
4909,4909,UPI,Success
4910,4910,Cash,Success
4911,4911,UPI,Success
4912,4912,Cash,Success
4913,4913,Card,Success
4914,4914,Card,Success
4915,4915,UPI,Success
4916,4916,Cash,Success
4917,4917,Wallet,Success
4918,4918,UPI,Success
4919,4919,Wallet,Success
4920,4920,UPI,Success
4921,4921,UPI,Failed
4922,4922,Cash,Success
4923,4923,Card,Failed
4924,4924,Cash,Success
4925,4925,Wallet,Success
4926,4926,Wallet,Success
4927,4927,Wallet,Success
4928,4928,Wallet,Success
4929,4929,Cash,Success
4930,4930,Card,Success
4931,4931,Card,Success
4932,4932,Card,Success
4933,4933,Card,Success
4934,4934,Card,Success
4935,4935,Card,Success
4936,4936,Wallet,Success
4937,4937,Cash,Success
4938,4938,Cash,Success
4939,4939,UPI,Success
4940,4940,UPI,Success
4941,4941,UPI,Success
4942,4942,UPI,Success
4943,4943,Wallet,Success
4944,4944,UPI,Success
4945,4945,UPI,Success
4946,4946,Card,Success
4947,4947,Card,Success
4948,4948,UPI,Success
4949,4949,Card,Success
4950,4950,UPI,Success
4951,4951,Cash,Success
4952,4952,Card,Success
4953,4953,Card,Success
4954,4954,Cash,Success
4955,4955,Cash,Success
4956,4956,Wallet,Success
4957,4957,Card,Success
4958,4958,UPI,Success
4959,4959,Wallet,Success
4960,4960,Cash,Success
4961,4961,Wallet,Success
4962,4962,Wallet,Success
4963,4963,Wallet,Success
4964,4964,Cash,Success
4965,4965,UPI,Success
4966,4966,Wallet,Success
4967,4967,Cash,Success
4968,4968,Card,Success
4969,4969,Wallet,Success
4970,4970,Card,Success
4971,4971,Wallet,Success
4972,4972,UPI,Success
4973,4973,Wallet,Success
4974,4974,UPI,Failed
4975,4975,Cash,Success
4976,4976,Wallet,Success
4977,4977,UPI,Success
4978,4978,Card,Success
4979,4979,UPI,Success
4980,4980,Cash,Success
4981,4981,UPI,Success
4982,4982,Wallet,Success
4983,4983,Cash,Success
4984,4984,Wallet,Success
4985,4985,Cash,Success
4986,4986,Wallet,Failed
4987,4987,Card,Success
4988,4988,Wallet,Success
4989,4989,Card,Success
4990,4990,UPI,Success
4991,4991,UPI,Success
4992,4992,UPI,Failed
4993,4993,Wallet,Success
4994,4994,Card,Success
4995,4995,Cash,Success
4996,4996,Card,Success
4997,4997,Cash,Success
4998,4998,Card,Success
4999,4999,Cash,Success
5000,5000,Card,Success
5001,5001,Cash,Success
5002,5002,Card,Success
5003,5003,Wallet,Success
5004,5004,UPI,Success
5005,5005,Cash,Success
5006,5006,UPI,Success
5007,5007,Card,Success
5008,5008,UPI,Success
5009,5009,Wallet,Success
5010,5010,Wallet,Success
5011,5011,Card,Success
5012,5012,UPI,Success
5013,5013,Card,Success
5014,5014,Cash,Success
5015,5015,Card,Success
5016,5016,Card,Success
5017,5017,Wallet,Success
5018,5018,Wallet,Success
5019,5019,UPI,Success
5020,5020,Wallet,Success
5021,5021,UPI,Success
5022,5022,Card,Success
5023,5023,UPI,Success
5024,5024,UPI,Success
5025,5025,Card,Success
5026,5026,Cash,Success
5027,5027,UPI,Success
5028,5028,Cash,Success
5029,5029,Wallet,Success
5030,5030,Cash,Success
5031,5031,Wallet,Success
5032,5032,UPI,Success
5033,5033,UPI,Success
5034,5034,Cash,Success
5035,5035,Cash,Success
5036,5036,UPI,Success
5037,5037,Cash,Success
5038,5038,UPI,Success
5039,5039,Card,Success
5040,5040,UPI,Success
5041,5041,UPI,Success
5042,5042,UPI,Success
5043,5043,Card,Success
5044,5044,Wallet,Success
5045,5045,Wallet,Success
5046,5046,Wallet,Success
5047,5047,UPI,Failed
5048,5048,Cash,Success
5049,5049,Cash,Success
5050,5050,Cash,Success
5051,5051,Card,Success
5052,5052,UPI,Success
5053,5053,UPI,Success
5054,5054,Card,Success
5055,5055,UPI,Success
5056,5056,Wallet,Success
5057,5057,Wallet,Success
5058,5058,Wallet,Failed
5059,5059,Wallet,Success
5060,5060,Card,Success
5061,5061,Cash,Failed
5062,5062,Cash,Success
5063,5063,Wallet,Success
5064,5064,Wallet,Success
5065,5065,UPI,Success
5066,5066,Cash,Success
5067,5067,UPI,Success
5068,5068,Card,Success
5069,5069,UPI,Success
5070,5070,Wallet,Success
5071,5071,Wallet,Success
5072,5072,Wallet,Success
5073,5073,UPI,Success
5074,5074,Cash,Success
5075,5075,UPI,Success
5076,5076,UPI,Success
5077,5077,Cash,Success
5078,5078,Cash,Success
5079,5079,Wallet,Success
5080,5080,Wallet,Success
5081,5081,Wallet,Success
5082,5082,UPI,Success
5083,5083,Wallet,Success
5084,5084,Wallet,Success
5085,5085,Cash,Success
5086,5086,Card,Success
5087,5087,Wallet,Success
5088,5088,Wallet,Success
5089,5089,Card,Success
5090,5090,Cash,Success
5091,5091,Wallet,Success
5092,5092,Wallet,Success
5093,5093,Cash,Success
5094,5094,Cash,Success
5095,5095,Card,Success
5096,5096,Cash,Success
5097,5097,UPI,Failed
5098,5098,UPI,Success
5099,5099,Card,Success
5100,5100,Card,Success
5101,5101,Wallet,Failed
5102,5102,Cash,Success
5103,5103,Card,Success
5104,5104,UPI,Success
5105,5105,Cash,Success
5106,5106,Cash,Success
5107,5107,UPI,Success
5108,5108,Cash,Success
5109,5109,Cash,Success
5110,5110,Cash,Success
5111,5111,Cash,Success
5112,5112,UPI,Success
5113,5113,Wallet,Success
5114,5114,Wallet,Success
5115,5115,Cash,Failed
5116,5116,Cash,Success
5117,5117,UPI,Success
5118,5118,Wallet,Success
5119,5119,Card,Success
5120,5120,Cash,Success
5121,5121,Card,Success
5122,5122,Card,Success
5123,5123,Card,Success
5124,5124,Wallet,Success
5125,5125,Cash,Success
5126,5126,Card,Success
5127,5127,Cash,Success
5128,5128,UPI,Success
5129,5129,UPI,Success
5130,5130,Wallet,Success
5131,5131,UPI,Success
5132,5132,Card,Success
5133,5133,Card,Success
5134,5134,Card,Success
5135,5135,Cash,Success
5136,5136,Wallet,Success
5137,5137,Wallet,Success
5138,5138,Cash,Success
5139,5139,Cash,Success
5140,5140,Wallet,Success
5141,5141,Wallet,Success
5142,5142,UPI,Success
5143,5143,Cash,Success
5144,5144,Cash,Success
5145,5145,UPI,Success
5146,5146,UPI,Success
5147,5147,Wallet,Success
5148,5148,Cash,Success
5149,5149,Card,Success
5150,5150,Cash,Success
5151,5151,Card,Success
5152,5152,UPI,Success
5153,5153,Cash,Success
5154,5154,Card,Success
5155,5155,UPI,Success
5156,5156,UPI,Success
5157,5157,Wallet,Success
5158,5158,Cash,Success
5159,5159,Card,Success
5160,5160,Wallet,Success
5161,5161,Wallet,Success
5162,5162,Card,Success
5163,5163,Card,Success
5164,5164,Card,Success
5165,5165,Card,Success
5166,5166,Card,Success
5167,5167,UPI,Success
5168,5168,UPI,Success
5169,5169,Card,Success
5170,5170,UPI,Success
5171,5171,Cash,Success
5172,5172,Card,Success
5173,5173,Cash,Success
5174,5174,Cash,Success
5175,5175,UPI,Success
5176,5176,Card,Success
5177,5177,Card,Success
5178,5178,Card,Success
5179,5179,Card,Success
5180,5180,Wallet,Success
5181,5181,UPI,Success
5182,5182,Cash,Success
5183,5183,Cash,Success
5184,5184,Card,Success
5185,5185,Cash,Success
5186,5186,Wallet,Success
5187,5187,Card,Success
5188,5188,Wallet,Success
5189,5189,Card,Success
5190,5190,Wallet,Success
5191,5191,UPI,Success
5192,5192,UPI,Success
5193,5193,Cash,Failed
5194,5194,Cash,Success
5195,5195,UPI,Success
5196,5196,Wallet,Success
5197,5197,Wallet,Success
5198,5198,Card,Success
5199,5199,Wallet,Success
5200,5200,Card,Success
5201,5201,Wallet,Success
5202,5202,Card,Success
5203,5203,Wallet,Success
5204,5204,Cash,Success
5205,5205,Card,Success
5206,5206,Cash,Success
5207,5207,Wallet,Success
5208,5208,Cash,Success
5209,5209,Wallet,Success
5210,5210,Cash,Success
5211,5211,Cash,Failed
5212,5212,Card,Success
5213,5213,Card,Success
5214,5214,Wallet,Success
5215,5215,Wallet,Success
5216,5216,Card,Success
5217,5217,Wallet,Success
5218,5218,Wallet,Success
5219,5219,Wallet,Success
5220,5220,Card,Success
5221,5221,UPI,Success
5222,5222,Cash,Success
5223,5223,UPI,Success
5224,5224,Card,Success
5225,5225,Card,Success
5226,5226,Card,Success
5227,5227,Cash,Success
5228,5228,Cash,Success
5229,5229,Cash,Success
5230,5230,Cash,Success
5231,5231,Wallet,Success
5232,5232,Wallet,Success
5233,5233,Card,Success
5234,5234,Wallet,Failed
5235,5235,UPI,Success
5236,5236,Cash,Success
5237,5237,Cash,Success
5238,5238,Cash,Success
5239,5239,UPI,Success
5240,5240,UPI,Success
5241,5241,Card,Success
5242,5242,UPI,Success
5243,5243,UPI,Success
5244,5244,Cash,Success
5245,5245,UPI,Success
5246,5246,Wallet,Success
5247,5247,Card,Success
5248,5248,Wallet,Success
5249,5249,UPI,Success
5250,5250,Cash,Success
5251,5251,Card,Success
5252,5252,Card,Success
5253,5253,Card,Success
5254,5254,Cash,Success
5255,5255,Wallet,Success
5256,5256,Card,Success
5257,5257,Cash,Success
5258,5258,Cash,Success
5259,5259,Card,Success
5260,5260,Cash,Success
5261,5261,UPI,Success
5262,5262,UPI,Success
5263,5263,Wallet,Success
5264,5264,Card,Success
5265,5265,UPI,Success
5266,5266,Card,Success
5267,5267,Cash,Success
5268,5268,Wallet,Success
5269,5269,Wallet,Success
5270,5270,Cash,Success
5271,5271,UPI,Success
5272,5272,Cash,Success
5273,5273,Cash,Success
5274,5274,Cash,Success
5275,5275,Wallet,Success
5276,5276,Cash,Success
5277,5277,Cash,Success
5278,5278,Card,Success
5279,5279,Card,Success
5280,5280,UPI,Success
5281,5281,Card,Success
5282,5282,Wallet,Success
5283,5283,Card,Success
5284,5284,UPI,Success
5285,5285,Wallet,Success
5286,5286,Card,Success
5287,5287,Wallet,Success
5288,5288,Wallet,Success
5289,5289,Wallet,Success
5290,5290,UPI,Success
5291,5291,UPI,Success
5292,5292,Cash,Success
5293,5293,Cash,Success
5294,5294,Wallet,Success
5295,5295,Wallet,Success
5296,5296,Wallet,Success
5297,5297,Cash,Success
5298,5298,Card,Success
5299,5299,Card,Success
5300,5300,UPI,Success
5301,5301,Card,Success
5302,5302,Card,Success
5303,5303,Cash,Success
5304,5304,Card,Success
5305,5305,UPI,Success
5306,5306,Cash,Success
5307,5307,Cash,Success
5308,5308,Cash,Success
5309,5309,Card,Success
5310,5310,Wallet,Success
5311,5311,Wallet,Success
5312,5312,Cash,Success
5313,5313,UPI,Success
5314,5314,Cash,Success
5315,5315,Card,Success
5316,5316,UPI,Success
5317,5317,Wallet,Success
5318,5318,Card,Success
5319,5319,Wallet,Success
5320,5320,Wallet,Success
5321,5321,UPI,Success
5322,5322,Cash,Success
5323,5323,UPI,Success
5324,5324,Cash,Success
5325,5325,Cash,Success
5326,5326,Cash,Success
5327,5327,UPI,Success
5328,5328,Card,Success
5329,5329,Card,Success
5330,5330,Card,Success
5331,5331,Card,Success
5332,5332,Card,Success
5333,5333,Wallet,Success
5334,5334,UPI,Success
5335,5335,Cash,Success
5336,5336,Cash,Success
5337,5337,Cash,Success
5338,5338,UPI,Success
5339,5339,Card,Success
5340,5340,UPI,Success
5341,5341,UPI,Success
5342,5342,Wallet,Success
5343,5343,Wallet,Success
5344,5344,Wallet,Success
5345,5345,Cash,Success
5346,5346,UPI,Success
5347,5347,Card,Success
5348,5348,UPI,Success
5349,5349,Card,Success
5350,5350,Cash,Success
5351,5351,Card,Success
5352,5352,Card,Success
5353,5353,Cash,Success
5354,5354,Cash,Success
5355,5355,Card,Success
5356,5356,Cash,Success
5357,5357,Card,Success
5358,5358,Wallet,Success
5359,5359,Cash,Success
5360,5360,UPI,Success
5361,5361,Wallet,Success
5362,5362,UPI,Success
5363,5363,Card,Success
5364,5364,UPI,Success
5365,5365,Wallet,Success
5366,5366,Card,Success
5367,5367,UPI,Success
5368,5368,Cash,Success
5369,5369,Wallet,Success
5370,5370,Wallet,Success
5371,5371,Wallet,Success
5372,5372,UPI,Success
5373,5373,UPI,Success
5374,5374,UPI,Success
5375,5375,UPI,Success
5376,5376,Card,Success
5377,5377,Wallet,Success
5378,5378,Cash,Success
5379,5379,Wallet,Success
5380,5380,Wallet,Success
5381,5381,Card,Success
5382,5382,Wallet,Success
5383,5383,Card,Success
5384,5384,Card,Success
5385,5385,Cash,Success
5386,5386,Wallet,Success
5387,5387,Cash,Success
5388,5388,Cash,Success
5389,5389,Wallet,Success
5390,5390,Wallet,Failed
5391,5391,Wallet,Success
5392,5392,Wallet,Success
5393,5393,Cash,Failed
5394,5394,Wallet,Success
5395,5395,Cash,Success
5396,5396,Wallet,Success
5397,5397,Cash,Success
5398,5398,UPI,Success
5399,5399,Wallet,Success
5400,5400,Card,Success
5401,5401,Card,Success
5402,5402,Cash,Success
5403,5403,UPI,Success
5404,5404,Cash,Success
5405,5405,Wallet,Success
5406,5406,Card,Success
5407,5407,Wallet,Success
5408,5408,Wallet,Success
5409,5409,Wallet,Success
5410,5410,Wallet,Success
5411,5411,UPI,Success
5412,5412,UPI,Success
5413,5413,Wallet,Success
5414,5414,UPI,Success
5415,5415,UPI,Success
5416,5416,UPI,Success
5417,5417,Wallet,Success
5418,5418,Card,Success
5419,5419,UPI,Success
5420,5420,Card,Success
5421,5421,Card,Success
5422,5422,Wallet,Success
5423,5423,Card,Success
5424,5424,Cash,Success
5425,5425,UPI,Success
5426,5426,Wallet,Success
5427,5427,Wallet,Success
5428,5428,UPI,Success
5429,5429,UPI,Success
5430,5430,UPI,Success
5431,5431,UPI,Success
5432,5432,Cash,Success
5433,5433,Cash,Success
5434,5434,Cash,Success
5435,5435,Wallet,Success
5436,5436,Wallet,Success
5437,5437,Wallet,Success
5438,5438,Wallet,Success
5439,5439,Cash,Success
5440,5440,Wallet,Success
5441,5441,UPI,Success
5442,5442,Cash,Success
5443,5443,Wallet,Success
5444,5444,Card,Success
5445,5445,Card,Success
5446,5446,Cash,Success
5447,5447,Cash,Success
5448,5448,Wallet,Success
5449,5449,Card,Success
5450,5450,Cash,Success
5451,5451,Cash,Success
5452,5452,Cash,Success
5453,5453,Card,Success
5454,5454,Card,Success
5455,5455,Card,Success
5456,5456,UPI,Success
5457,5457,UPI,Success
5458,5458,Card,Success
5459,5459,Cash,Success
5460,5460,UPI,Success
5461,5461,UPI,Success
5462,5462,Card,Success
5463,5463,Card,Success
5464,5464,Cash,Success
5465,5465,Wallet,Success
5466,5466,Card,Success
5467,5467,Cash,Success
5468,5468,UPI,Success
5469,5469,UPI,Failed
5470,5470,Card,Success
5471,5471,Card,Success
5472,5472,Cash,Success
5473,5473,Cash,Success
5474,5474,UPI,Success
5475,5475,Cash,Success
5476,5476,Wallet,Success
5477,5477,Cash,Success
5478,5478,UPI,Success
5479,5479,Wallet,Success
5480,5480,UPI,Success
5481,5481,UPI,Success
5482,5482,Wallet,Failed
5483,5483,Wallet,Success
5484,5484,Cash,Success
5485,5485,Wallet,Success
5486,5486,Card,Success
5487,5487,Wallet,Success
5488,5488,Wallet,Success
5489,5489,UPI,Success
5490,5490,Wallet,Success
5491,5491,UPI,Success
5492,5492,Card,Success
5493,5493,Card,Success
5494,5494,Wallet,Success
5495,5495,Cash,Failed
5496,5496,Wallet,Success
5497,5497,Cash,Success
5498,5498,UPI,Success
5499,5499,Card,Success
5500,5500,Cash,Success
5501,5501,Card,Success
5502,5502,Card,Success
5503,5503,Cash,Success
5504,5504,Cash,Success
5505,5505,UPI,Success
5506,5506,UPI,Success
5507,5507,UPI,Success
5508,5508,Cash,Success
5509,5509,Cash,Success
5510,5510,Card,Success
5511,5511,UPI,Success
5512,5512,Cash,Success
5513,5513,UPI,Success
5514,5514,Card,Failed
5515,5515,Cash,Success
5516,5516,Wallet,Success
5517,5517,Wallet,Success
5518,5518,Card,Success
5519,5519,Card,Success
5520,5520,Card,Failed
5521,5521,Wallet,Failed
5522,5522,UPI,Success
5523,5523,Cash,Success
5524,5524,UPI,Success
5525,5525,Cash,Failed
5526,5526,Card,Success
5527,5527,UPI,Success
5528,5528,UPI,Success
5529,5529,UPI,Failed
5530,5530,Wallet,Success
5531,5531,UPI,Success
5532,5532,Card,Success
5533,5533,Wallet,Success
5534,5534,UPI,Success
5535,5535,Wallet,Success
5536,5536,Wallet,Success
5537,5537,Card,Success
5538,5538,Cash,Success
5539,5539,Card,Success
5540,5540,Cash,Success
5541,5541,Cash,Success
5542,5542,Cash,Failed
5543,5543,Cash,Success
5544,5544,Wallet,Success
5545,5545,Card,Success
5546,5546,Wallet,Failed
5547,5547,Wallet,Success
5548,5548,Wallet,Success
5549,5549,UPI,Success
5550,5550,UPI,Success
5551,5551,Cash,Success
5552,5552,Card,Success
5553,5553,Card,Success
5554,5554,Wallet,Success
5555,5555,Cash,Success
5556,5556,Card,Success
5557,5557,UPI,Success
5558,5558,Cash,Success
5559,5559,Card,Failed
5560,5560,Card,Success
5561,5561,Wallet,Success
5562,5562,UPI,Success
5563,5563,Cash,Success
5564,5564,Wallet,Success
5565,5565,UPI,Success
5566,5566,Wallet,Success
5567,5567,UPI,Failed
5568,5568,UPI,Success
5569,5569,Cash,Success
5570,5570,Cash,Success
5571,5571,Wallet,Success
5572,5572,Card,Success
5573,5573,UPI,Success
5574,5574,Card,Success
5575,5575,Card,Success
5576,5576,Card,Success
5577,5577,UPI,Success
5578,5578,UPI,Success
5579,5579,Cash,Success
5580,5580,Cash,Success
5581,5581,Wallet,Success
5582,5582,Card,Success
5583,5583,Wallet,Success
5584,5584,Card,Success
5585,5585,UPI,Failed
5586,5586,Card,Success
5587,5587,Wallet,Success
5588,5588,UPI,Success
5589,5589,Cash,Success
5590,5590,Cash,Success
5591,5591,Wallet,Success
5592,5592,Card,Success
5593,5593,Wallet,Success
5594,5594,Cash,Success
5595,5595,Card,Success
5596,5596,Cash,Success
5597,5597,Card,Success
5598,5598,Card,Success
5599,5599,Cash,Success
5600,5600,Wallet,Success
5601,5601,Cash,Success
5602,5602,Card,Success
5603,5603,Cash,Success
5604,5604,Wallet,Success
5605,5605,Card,Success
5606,5606,UPI,Success
5607,5607,Card,Success
5608,5608,UPI,Success
5609,5609,Card,Success
5610,5610,Cash,Success
5611,5611,Wallet,Success
5612,5612,Card,Success
5613,5613,Wallet,Success
5614,5614,Card,Success
5615,5615,UPI,Success
5616,5616,Wallet,Success
5617,5617,Card,Success
5618,5618,UPI,Success
5619,5619,Card,Success
5620,5620,UPI,Success
5621,5621,Wallet,Success
5622,5622,Wallet,Success
5623,5623,UPI,Success
5624,5624,Wallet,Success
5625,5625,Card,Success
5626,5626,Cash,Success
5627,5627,Card,Success
5628,5628,UPI,Success
5629,5629,UPI,Success
5630,5630,Wallet,Success
5631,5631,UPI,Failed
5632,5632,Cash,Success
5633,5633,UPI,Success
5634,5634,UPI,Success
5635,5635,Card,Success
5636,5636,Cash,Success
5637,5637,Cash,Success
5638,5638,UPI,Success
5639,5639,Wallet,Success
5640,5640,UPI,Success
5641,5641,Wallet,Success
5642,5642,UPI,Success
5643,5643,Wallet,Success
5644,5644,Wallet,Success
5645,5645,Wallet,Success
5646,5646,Card,Success
5647,5647,Card,Success
5648,5648,Card,Success
5649,5649,UPI,Success
5650,5650,Card,Success
5651,5651,Wallet,Success
5652,5652,Cash,Success
5653,5653,Wallet,Success
5654,5654,Wallet,Success
5655,5655,Wallet,Failed
5656,5656,Cash,Success
5657,5657,Cash,Success
5658,5658,UPI,Success
5659,5659,Card,Success
5660,5660,Wallet,Success
5661,5661,Wallet,Success
5662,5662,Wallet,Success
5663,5663,UPI,Success
5664,5664,Wallet,Success
5665,5665,UPI,Success
5666,5666,Card,Success
5667,5667,Cash,Success
5668,5668,UPI,Success
5669,5669,UPI,Success
5670,5670,Card,Success
5671,5671,UPI,Success
5672,5672,Card,Success
5673,5673,Cash,Success
5674,5674,UPI,Success
5675,5675,Card,Success
5676,5676,UPI,Success
5677,5677,UPI,Success
5678,5678,Cash,Success
5679,5679,Wallet,Success
5680,5680,UPI,Success
5681,5681,UPI,Success
5682,5682,UPI,Success
5683,5683,Card,Failed
5684,5684,Wallet,Success
5685,5685,Card,Failed
5686,5686,Wallet,Success
5687,5687,Cash,Success
5688,5688,Cash,Success
5689,5689,Card,Success
5690,5690,Wallet,Success
5691,5691,Wallet,Success
5692,5692,Cash,Success
5693,5693,UPI,Success
5694,5694,UPI,Success
5695,5695,Cash,Success
5696,5696,Wallet,Success
5697,5697,UPI,Success
5698,5698,Card,Success
5699,5699,Card,Success
5700,5700,Cash,Success
5701,5701,Card,Success
5702,5702,UPI,Success
5703,5703,Cash,Success
5704,5704,Wallet,Success
5705,5705,Card,Success
5706,5706,Cash,Success
5707,5707,Cash,Success
5708,5708,Card,Success
5709,5709,UPI,Success
5710,5710,Wallet,Success
5711,5711,Card,Success
5712,5712,Card,Success
5713,5713,Card,Success
5714,5714,Card,Success
5715,5715,Wallet,Success
5716,5716,Card,Success
5717,5717,Cash,Success
5718,5718,Card,Success
5719,5719,Wallet,Success
5720,5720,UPI,Success
5721,5721,Wallet,Success
5722,5722,UPI,Success
5723,5723,Cash,Success
5724,5724,Cash,Success
5725,5725,Wallet,Success
5726,5726,Cash,Success
5727,5727,UPI,Success
5728,5728,UPI,Success
5729,5729,UPI,Success
5730,5730,Cash,Success
5731,5731,Wallet,Success
5732,5732,Cash,Success
5733,5733,Wallet,Failed
5734,5734,Cash,Success
5735,5735,Wallet,Success
5736,5736,Card,Success
5737,5737,Cash,Success
5738,5738,UPI,Success
5739,5739,Cash,Success
5740,5740,Card,Success
5741,5741,Card,Success
5742,5742,Wallet,Success
5743,5743,Cash,Success
5744,5744,Wallet,Success
5745,5745,Cash,Success
5746,5746,UPI,Success
5747,5747,UPI,Success
5748,5748,Card,Success
5749,5749,Card,Success
5750,5750,Cash,Success
5751,5751,Cash,Success
5752,5752,Cash,Success
5753,5753,UPI,Success
5754,5754,Cash,Success
5755,5755,Wallet,Success
5756,5756,Cash,Success
5757,5757,Card,Success
5758,5758,Card,Success
5759,5759,UPI,Success
5760,5760,UPI,Failed
5761,5761,UPI,Success
5762,5762,Cash,Success
5763,5763,Wallet,Success
5764,5764,UPI,Failed
5765,5765,Cash,Success
5766,5766,Wallet,Success
5767,5767,Card,Success
5768,5768,Cash,Success
5769,5769,Wallet,Success
5770,5770,Card,Success
5771,5771,UPI,Success
5772,5772,UPI,Success
5773,5773,UPI,Success
5774,5774,Card,Failed
5775,5775,UPI,Success
5776,5776,Wallet,Success
5777,5777,Cash,Success
5778,5778,Card,Success
5779,5779,UPI,Success
5780,5780,Wallet,Success
5781,5781,Card,Success
5782,5782,Wallet,Success
5783,5783,Cash,Success
5784,5784,UPI,Success
5785,5785,Card,Success
5786,5786,Card,Success
5787,5787,Cash,Failed
5788,5788,UPI,Failed
5789,5789,UPI,Success
5790,5790,Card,Success
5791,5791,Cash,Success
5792,5792,UPI,Success
5793,5793,UPI,Success
5794,5794,Wallet,Success
5795,5795,Cash,Success
5796,5796,Wallet,Success
5797,5797,UPI,Failed
5798,5798,Card,Success
5799,5799,Card,Success
5800,5800,UPI,Success
5801,5801,Cash,Success
5802,5802,UPI,Success
5803,5803,Card,Success
5804,5804,Cash,Success
5805,5805,UPI,Success
5806,5806,UPI,Success
5807,5807,UPI,Success
5808,5808,Card,Success
5809,5809,Wallet,Success
5810,5810,UPI,Success
5811,5811,Cash,Success
5812,5812,Cash,Success
5813,5813,Cash,Success
5814,5814,Cash,Success
5815,5815,Wallet,Success
5816,5816,UPI,Success
5817,5817,UPI,Success
5818,5818,Wallet,Success
5819,5819,Cash,Success
5820,5820,Wallet,Success
5821,5821,Wallet,Failed
5822,5822,Wallet,Success
5823,5823,UPI,Success
5824,5824,UPI,Success
5825,5825,Card,Success
5826,5826,Card,Success
5827,5827,Cash,Success
5828,5828,Cash,Success
5829,5829,Card,Success
5830,5830,Cash,Success
5831,5831,Wallet,Success
5832,5832,UPI,Success
5833,5833,Card,Success
5834,5834,Cash,Success
5835,5835,Card,Success
5836,5836,Card,Success
5837,5837,UPI,Success
5838,5838,Cash,Success
5839,5839,Cash,Success
5840,5840,Wallet,Success
5841,5841,Cash,Success
5842,5842,Wallet,Success
5843,5843,Cash,Success
5844,5844,Card,Success
5845,5845,Cash,Success
5846,5846,UPI,Success
5847,5847,Card,Success
5848,5848,Cash,Success
5849,5849,Card,Success
5850,5850,Cash,Success
5851,5851,Cash,Success
5852,5852,Cash,Success
5853,5853,Wallet,Success
5854,5854,Cash,Success
5855,5855,UPI,Success
5856,5856,UPI,Success
5857,5857,UPI,Success
5858,5858,Cash,Success
5859,5859,Card,Success
5860,5860,UPI,Success
5861,5861,Card,Success
5862,5862,Wallet,Success
5863,5863,Card,Success
5864,5864,UPI,Success
5865,5865,Wallet,Success
5866,5866,UPI,Success
5867,5867,Wallet,Success
5868,5868,UPI,Success
5869,5869,UPI,Success
5870,5870,Wallet,Success
5871,5871,Wallet,Failed
5872,5872,Card,Success
5873,5873,Cash,Success
5874,5874,UPI,Success
5875,5875,Card,Success
5876,5876,Cash,Success
5877,5877,Card,Success
5878,5878,Card,Success
5879,5879,Wallet,Success
5880,5880,Card,Success
5881,5881,Card,Success
5882,5882,UPI,Success
5883,5883,Wallet,Success
5884,5884,Wallet,Success
5885,5885,Card,Success
5886,5886,Cash,Success
5887,5887,Cash,Success
5888,5888,Wallet,Success
5889,5889,Cash,Success
5890,5890,Wallet,Success
5891,5891,Card,Success
5892,5892,Card,Success
5893,5893,Wallet,Success
5894,5894,Cash,Failed
5895,5895,Cash,Success
5896,5896,UPI,Success
5897,5897,Wallet,Success
5898,5898,UPI,Success
5899,5899,Wallet,Success
5900,5900,UPI,Success
5901,5901,Card,Success
5902,5902,Card,Success
5903,5903,Wallet,Success
5904,5904,Cash,Success
5905,5905,Wallet,Success
5906,5906,Cash,Success
5907,5907,Wallet,Success
5908,5908,Cash,Success
5909,5909,Card,Success
5910,5910,UPI,Success
5911,5911,Card,Success
5912,5912,Wallet,Success
5913,5913,Card,Success
5914,5914,Wallet,Success
5915,5915,Cash,Success
5916,5916,Card,Success
5917,5917,Cash,Success
5918,5918,Wallet,Success
5919,5919,Cash,Success
5920,5920,UPI,Success
5921,5921,Card,Success
5922,5922,Wallet,Failed
5923,5923,Wallet,Success
5924,5924,Wallet,Success
5925,5925,Wallet,Success
5926,5926,Wallet,Failed
5927,5927,Wallet,Success
5928,5928,Card,Success
5929,5929,UPI,Success
5930,5930,Card,Success
5931,5931,UPI,Success
5932,5932,UPI,Success
5933,5933,Card,Success
5934,5934,Cash,Success
5935,5935,Cash,Success
5936,5936,Card,Success
5937,5937,Wallet,Success
5938,5938,UPI,Success
5939,5939,Wallet,Success
5940,5940,Wallet,Success
5941,5941,Wallet,Success
5942,5942,Cash,Success
5943,5943,Wallet,Success
5944,5944,Wallet,Success
5945,5945,Card,Success
5946,5946,UPI,Success
5947,5947,UPI,Success
5948,5948,UPI,Success
5949,5949,UPI,Success
5950,5950,Wallet,Success
5951,5951,Cash,Success
5952,5952,Card,Success
5953,5953,Cash,Success
5954,5954,Cash,Success
5955,5955,UPI,Success
5956,5956,Card,Success
5957,5957,Wallet,Success
5958,5958,UPI,Success
5959,5959,Cash,Success
5960,5960,Cash,Success
5961,5961,Cash,Success
5962,5962,UPI,Success
5963,5963,Wallet,Success
5964,5964,Cash,Success
5965,5965,Wallet,Success
5966,5966,Cash,Success
5967,5967,Cash,Success
5968,5968,Wallet,Success
5969,5969,UPI,Success
5970,5970,UPI,Success
5971,5971,UPI,Success
5972,5972,UPI,Success
5973,5973,Wallet,Success
5974,5974,Cash,Success
5975,5975,UPI,Success
5976,5976,Card,Success
5977,5977,UPI,Success
5978,5978,Card,Success
5979,5979,Cash,Success
5980,5980,Cash,Success
5981,5981,UPI,Success
5982,5982,Card,Success
5983,5983,UPI,Success
5984,5984,Card,Success
5985,5985,Card,Success
5986,5986,Cash,Success
5987,5987,UPI,Success
5988,5988,UPI,Success
5989,5989,UPI,Success
5990,5990,UPI,Success
5991,5991,Card,Success
5992,5992,Card,Success
5993,5993,Cash,Success
5994,5994,Wallet,Success
5995,5995,UPI,Success
5996,5996,UPI,Failed
5997,5997,Wallet,Success
5998,5998,Wallet,Success
5999,5999,Cash,Success
6000,6000,Wallet,Success
6001,6001,UPI,Success
6002,6002,Cash,Success
6003,6003,Card,Success
6004,6004,Wallet,Success
6005,6005,UPI,Success
6006,6006,Card,Success
6007,6007,Cash,Success
6008,6008,Wallet,Success
6009,6009,Card,Success
6010,6010,Wallet,Success
6011,6011,UPI,Success
6012,6012,Wallet,Failed
6013,6013,Wallet,Success
6014,6014,Card,Failed
6015,6015,Cash,Failed
6016,6016,UPI,Success
6017,6017,UPI,Success
6018,6018,UPI,Success
6019,6019,Card,Success
6020,6020,Card,Success
6021,6021,Card,Success
6022,6022,Cash,Success
6023,6023,UPI,Success
6024,6024,Cash,Success
6025,6025,Wallet,Success
6026,6026,Card,Success
6027,6027,Card,Success
6028,6028,Card,Success
6029,6029,UPI,Success
6030,6030,Card,Success
6031,6031,UPI,Success
6032,6032,Cash,Success
6033,6033,UPI,Success
6034,6034,Cash,Success
6035,6035,Cash,Success
6036,6036,Wallet,Success
6037,6037,Wallet,Success
6038,6038,Card,Failed
6039,6039,Card,Success
6040,6040,Card,Success
6041,6041,Card,Success
6042,6042,Card,Success
6043,6043,UPI,Success
6044,6044,UPI,Success
6045,6045,Card,Success
6046,6046,Wallet,Success
6047,6047,Wallet,Success
6048,6048,Wallet,Success
6049,6049,Cash,Success
6050,6050,Cash,Success
6051,6051,UPI,Success
6052,6052,Card,Success
6053,6053,UPI,Success
6054,6054,Wallet,Success
6055,6055,Card,Success
6056,6056,Card,Success
6057,6057,Cash,Success
6058,6058,Card,Success
6059,6059,UPI,Success
6060,6060,Cash,Success
6061,6061,Cash,Success
6062,6062,Wallet,Success
6063,6063,UPI,Success
6064,6064,Cash,Success
6065,6065,Wallet,Success
6066,6066,UPI,Failed
6067,6067,Cash,Success
6068,6068,Cash,Success
6069,6069,Card,Success
6070,6070,Cash,Success
6071,6071,UPI,Success
6072,6072,Card,Success
6073,6073,Cash,Success
6074,6074,UPI,Failed
6075,6075,Card,Success
6076,6076,Wallet,Success
6077,6077,Wallet,Success
6078,6078,Cash,Success
6079,6079,Card,Success
6080,6080,Card,Success
6081,6081,Wallet,Success
6082,6082,UPI,Success
6083,6083,Card,Success
6084,6084,Wallet,Success
6085,6085,Card,Success
6086,6086,UPI,Success
6087,6087,UPI,Success
6088,6088,Card,Success
6089,6089,Wallet,Success
6090,6090,Wallet,Success
6091,6091,Cash,Success
6092,6092,UPI,Failed
6093,6093,UPI,Success
6094,6094,Wallet,Success
6095,6095,Card,Success
6096,6096,Card,Success
6097,6097,UPI,Success
6098,6098,Wallet,Success
6099,6099,Cash,Success
6100,6100,Wallet,Success
6101,6101,UPI,Success
6102,6102,Card,Success
6103,6103,Wallet,Success
6104,6104,Wallet,Success
6105,6105,Card,Success
6106,6106,Card,Success
6107,6107,UPI,Success
6108,6108,UPI,Success
6109,6109,Cash,Success
6110,6110,UPI,Success
6111,6111,Cash,Success
6112,6112,Cash,Success
6113,6113,Cash,Success
6114,6114,UPI,Success
6115,6115,Card,Success
6116,6116,UPI,Success
6117,6117,Card,Success
6118,6118,Wallet,Success
6119,6119,Wallet,Success
6120,6120,Card,Success
6121,6121,UPI,Success
6122,6122,Cash,Success
6123,6123,Card,Success
6124,6124,UPI,Success
6125,6125,Cash,Success
6126,6126,UPI,Success
6127,6127,Cash,Success
6128,6128,Cash,Success
6129,6129,Wallet,Success
6130,6130,Wallet,Success
6131,6131,Cash,Success
6132,6132,Cash,Success
6133,6133,Wallet,Success
6134,6134,Wallet,Success
6135,6135,Wallet,Success
6136,6136,UPI,Success
6137,6137,Card,Failed
6138,6138,Card,Success
6139,6139,Wallet,Success
6140,6140,Wallet,Success
6141,6141,Card,Success
6142,6142,Cash,Failed
6143,6143,UPI,Failed
6144,6144,Cash,Failed
6145,6145,Cash,Failed
6146,6146,UPI,Success
6147,6147,Wallet,Success
6148,6148,Cash,Success
6149,6149,Cash,Success
6150,6150,Cash,Success
6151,6151,UPI,Success
6152,6152,UPI,Success
6153,6153,Cash,Success
6154,6154,Card,Success
6155,6155,Wallet,Success
6156,6156,Cash,Success
6157,6157,Card,Success
6158,6158,Wallet,Success
6159,6159,Cash,Success
6160,6160,UPI,Failed
6161,6161,Cash,Success
6162,6162,Cash,Success
6163,6163,Cash,Success
6164,6164,Wallet,Failed
6165,6165,UPI,Success
6166,6166,UPI,Success
6167,6167,Wallet,Success
6168,6168,UPI,Success
6169,6169,Wallet,Success
6170,6170,Wallet,Success
6171,6171,Card,Success
6172,6172,Wallet,Failed
6173,6173,Wallet,Success
6174,6174,Card,Success
6175,6175,UPI,Success
6176,6176,Card,Success
6177,6177,UPI,Success
6178,6178,Cash,Success
6179,6179,Wallet,Success
6180,6180,Cash,Success
6181,6181,Cash,Success
6182,6182,Card,Success
6183,6183,Wallet,Success
6184,6184,Wallet,Success
6185,6185,Wallet,Success
6186,6186,UPI,Success
6187,6187,Cash,Success
6188,6188,Cash,Success
6189,6189,Cash,Success
6190,6190,Card,Success
6191,6191,Card,Success
6192,6192,Cash,Success
6193,6193,Wallet,Success
6194,6194,UPI,Success
6195,6195,Card,Success
6196,6196,UPI,Success
6197,6197,Card,Failed
6198,6198,Card,Success
6199,6199,Card,Success
6200,6200,Card,Success
6201,6201,UPI,Success
6202,6202,Card,Success
6203,6203,Card,Success
6204,6204,Card,Success
6205,6205,UPI,Success
6206,6206,UPI,Success
6207,6207,Cash,Success
6208,6208,Wallet,Success
6209,6209,UPI,Success
6210,6210,Card,Success
6211,6211,UPI,Success
6212,6212,UPI,Success
6213,6213,Card,Success
6214,6214,Wallet,Success
6215,6215,UPI,Success
6216,6216,Card,Success
6217,6217,Wallet,Success
6218,6218,Wallet,Success
6219,6219,UPI,Success
6220,6220,Wallet,Success
6221,6221,Wallet,Success
6222,6222,UPI,Success
6223,6223,Card,Failed
6224,6224,Cash,Success
6225,6225,Card,Success
6226,6226,Cash,Success
6227,6227,UPI,Success
6228,6228,Card,Success
6229,6229,UPI,Failed
6230,6230,Wallet,Success
6231,6231,Cash,Success
6232,6232,Cash,Success
6233,6233,Card,Success
6234,6234,Card,Success
6235,6235,Cash,Success
6236,6236,UPI,Success
6237,6237,Cash,Success
6238,6238,Cash,Failed
6239,6239,Card,Success
6240,6240,Cash,Success
6241,6241,Card,Success
6242,6242,UPI,Success
6243,6243,Wallet,Success
6244,6244,Card,Success
6245,6245,Card,Success
6246,6246,Wallet,Success
6247,6247,Card,Success
6248,6248,UPI,Success
6249,6249,Card,Failed
6250,6250,UPI,Success
6251,6251,Wallet,Success
6252,6252,Card,Failed
6253,6253,UPI,Success
6254,6254,Wallet,Success
6255,6255,UPI,Success
6256,6256,Card,Success
6257,6257,Cash,Success
6258,6258,Card,Success
6259,6259,Card,Success
6260,6260,Cash,Success
6261,6261,Wallet,Success
6262,6262,UPI,Success
6263,6263,Wallet,Failed
6264,6264,Card,Success
6265,6265,Wallet,Success
6266,6266,Wallet,Success
6267,6267,Wallet,Failed
6268,6268,Card,Success
6269,6269,UPI,Success
6270,6270,Card,Success
6271,6271,Wallet,Success
6272,6272,Wallet,Success
6273,6273,Wallet,Success
6274,6274,Card,Success
6275,6275,Wallet,Success
6276,6276,Wallet,Success
6277,6277,UPI,Success
6278,6278,Cash,Success
6279,6279,Cash,Success
6280,6280,UPI,Success
6281,6281,UPI,Success
6282,6282,Wallet,Success
6283,6283,Card,Success
6284,6284,UPI,Success
6285,6285,Wallet,Success
6286,6286,Card,Success
6287,6287,Cash,Success
6288,6288,Card,Success
6289,6289,UPI,Success
6290,6290,Wallet,Success
6291,6291,Card,Success
6292,6292,Card,Success
6293,6293,Wallet,Success
6294,6294,UPI,Success
6295,6295,Cash,Success
6296,6296,UPI,Success
6297,6297,UPI,Success
6298,6298,Wallet,Success
6299,6299,Card,Success
6300,6300,Card,Success
6301,6301,Cash,Success
6302,6302,Cash,Success
6303,6303,Cash,Success
6304,6304,Cash,Success
6305,6305,Cash,Success
6306,6306,Cash,Success
6307,6307,UPI,Success
6308,6308,UPI,Success
6309,6309,Card,Success
6310,6310,Wallet,Success
6311,6311,Cash,Success
6312,6312,Wallet,Success
6313,6313,Wallet,Success
6314,6314,Wallet,Success
6315,6315,Wallet,Success
6316,6316,Cash,Success
6317,6317,UPI,Success
6318,6318,UPI,Success
6319,6319,UPI,Success
6320,6320,Cash,Success
6321,6321,Wallet,Success
6322,6322,UPI,Success
6323,6323,Cash,Success
6324,6324,Cash,Success
6325,6325,Cash,Success
6326,6326,Card,Success
6327,6327,Cash,Success
6328,6328,UPI,Success
6329,6329,Card,Success
6330,6330,Wallet,Failed
6331,6331,Cash,Success
6332,6332,UPI,Success
6333,6333,Cash,Success
6334,6334,Cash,Success
6335,6335,Wallet,Success
6336,6336,Wallet,Success
6337,6337,UPI,Success
6338,6338,UPI,Success
6339,6339,Card,Success
6340,6340,Cash,Success
6341,6341,Wallet,Success
6342,6342,Card,Success
6343,6343,UPI,Success
6344,6344,Cash,Success
6345,6345,UPI,Success
6346,6346,Card,Success
6347,6347,Card,Success
6348,6348,Card,Success
6349,6349,Cash,Success
6350,6350,Card,Success
6351,6351,Wallet,Success
6352,6352,Cash,Success
6353,6353,Wallet,Success
6354,6354,Wallet,Success
6355,6355,Card,Success
6356,6356,Wallet,Success
6357,6357,Cash,Success
6358,6358,Card,Success
6359,6359,Cash,Failed
6360,6360,Cash,Success
6361,6361,UPI,Success
6362,6362,Card,Success
6363,6363,Card,Success
6364,6364,Wallet,Success
6365,6365,UPI,Success
6366,6366,Cash,Success
6367,6367,Wallet,Success
6368,6368,Cash,Success
6369,6369,Cash,Success
6370,6370,UPI,Failed
6371,6371,UPI,Success
6372,6372,UPI,Success
6373,6373,Cash,Success
6374,6374,UPI,Success
6375,6375,Card,Success
6376,6376,Card,Success
6377,6377,Cash,Success
6378,6378,Cash,Failed
6379,6379,UPI,Success
6380,6380,UPI,Success
6381,6381,Wallet,Success
6382,6382,UPI,Success
6383,6383,UPI,Success
6384,6384,Wallet,Success
6385,6385,Wallet,Success
6386,6386,Card,Success
6387,6387,Wallet,Success
6388,6388,Card,Success
6389,6389,Card,Success
6390,6390,Wallet,Success
6391,6391,Wallet,Success
6392,6392,UPI,Success
6393,6393,Cash,Success
6394,6394,UPI,Success
6395,6395,Card,Success
6396,6396,Wallet,Success
6397,6397,Wallet,Success
6398,6398,Wallet,Success
6399,6399,UPI,Success
6400,6400,UPI,Success
6401,6401,Card,Success
6402,6402,Card,Success
6403,6403,Card,Success
6404,6404,Cash,Success
6405,6405,Cash,Success
6406,6406,Card,Success
6407,6407,Card,Success
6408,6408,Cash,Success
6409,6409,Card,Success
6410,6410,Card,Success
6411,6411,UPI,Success
6412,6412,Wallet,Success
6413,6413,Cash,Success
6414,6414,UPI,Success
6415,6415,Cash,Success
6416,6416,UPI,Success
6417,6417,Cash,Success
6418,6418,Wallet,Success
6419,6419,Card,Success
6420,6420,UPI,Success
6421,6421,Card,Success
6422,6422,Wallet,Success
6423,6423,Wallet,Success
6424,6424,Card,Success
6425,6425,Card,Success
6426,6426,Wallet,Success
6427,6427,UPI,Success
6428,6428,Wallet,Success
6429,6429,Card,Success
6430,6430,Wallet,Success
6431,6431,UPI,Success
6432,6432,Cash,Success
6433,6433,Wallet,Success
6434,6434,Cash,Success
6435,6435,Wallet,Success
6436,6436,Cash,Success
6437,6437,Card,Success
6438,6438,Cash,Success
6439,6439,UPI,Success
6440,6440,UPI,Success
6441,6441,Wallet,Success
6442,6442,UPI,Success
6443,6443,Card,Success
6444,6444,Wallet,Success
6445,6445,Wallet,Success
6446,6446,UPI,Success
6447,6447,Card,Success
6448,6448,Card,Success
6449,6449,Cash,Success
6450,6450,Card,Failed
6451,6451,Card,Success
6452,6452,Cash,Success
6453,6453,Card,Success
6454,6454,Cash,Success
6455,6455,Cash,Success
6456,6456,UPI,Success
6457,6457,Wallet,Success
6458,6458,UPI,Success
6459,6459,Wallet,Success
6460,6460,Cash,Success
6461,6461,UPI,Success
6462,6462,UPI,Success
6463,6463,Cash,Failed
6464,6464,Cash,Success
6465,6465,Card,Success
6466,6466,Wallet,Success
6467,6467,Wallet,Success
6468,6468,Cash,Success
6469,6469,Wallet,Success
6470,6470,Cash,Success
6471,6471,UPI,Success
6472,6472,UPI,Success
6473,6473,Cash,Success
6474,6474,Card,Success
6475,6475,UPI,Success
6476,6476,Wallet,Success
6477,6477,Wallet,Success
6478,6478,UPI,Success
6479,6479,Wallet,Success
6480,6480,UPI,Success
6481,6481,Wallet,Success
6482,6482,UPI,Success
6483,6483,Cash,Success
6484,6484,Card,Success
6485,6485,UPI,Success
6486,6486,Wallet,Success
6487,6487,UPI,Success
6488,6488,Wallet,Success
6489,6489,Cash,Success
6490,6490,Card,Success
6491,6491,Cash,Success
6492,6492,Cash,Success
6493,6493,UPI,Success
6494,6494,Card,Failed
6495,6495,UPI,Success
6496,6496,UPI,Failed
6497,6497,UPI,Success
6498,6498,UPI,Success
6499,6499,Wallet,Success
6500,6500,Card,Success
6501,6501,Card,Success
6502,6502,Card,Success
6503,6503,UPI,Success
6504,6504,Card,Failed
6505,6505,Wallet,Success
6506,6506,Card,Success
6507,6507,Wallet,Success
6508,6508,Card,Success
6509,6509,UPI,Success
6510,6510,Cash,Success
6511,6511,Wallet,Success
6512,6512,UPI,Success
6513,6513,Card,Success
6514,6514,UPI,Success
6515,6515,Cash,Success
6516,6516,Wallet,Success
6517,6517,UPI,Success
6518,6518,Cash,Success
6519,6519,Card,Success
6520,6520,Cash,Success
6521,6521,Wallet,Success
6522,6522,Cash,Success
6523,6523,Wallet,Success
6524,6524,Card,Success
6525,6525,Cash,Success
6526,6526,Card,Success
6527,6527,Card,Success
6528,6528,UPI,Success
6529,6529,Cash,Success
6530,6530,Cash,Failed
6531,6531,UPI,Success
6532,6532,Cash,Success
6533,6533,UPI,Success
6534,6534,UPI,Success
6535,6535,Wallet,Success
6536,6536,UPI,Success
6537,6537,UPI,Success
6538,6538,UPI,Success
6539,6539,UPI,Success
6540,6540,UPI,Success
6541,6541,Card,Success
6542,6542,UPI,Failed
6543,6543,UPI,Success
6544,6544,Card,Success
6545,6545,Cash,Success
6546,6546,UPI,Success
6547,6547,Card,Success
6548,6548,Card,Success
6549,6549,Cash,Success
6550,6550,Cash,Success
6551,6551,Card,Success
6552,6552,Card,Success
6553,6553,Wallet,Success
6554,6554,Card,Success
6555,6555,UPI,Success
6556,6556,Cash,Success
6557,6557,Cash,Success
6558,6558,Card,Success
6559,6559,UPI,Success
6560,6560,Cash,Success
6561,6561,Cash,Success
6562,6562,Card,Success
6563,6563,UPI,Failed
6564,6564,Card,Success
6565,6565,Wallet,Success
6566,6566,Card,Success
6567,6567,Wallet,Success
6568,6568,Card,Success
6569,6569,Card,Success
6570,6570,Card,Success
6571,6571,Cash,Success
6572,6572,Wallet,Success
6573,6573,UPI,Success
6574,6574,Wallet,Success
6575,6575,Card,Failed
6576,6576,Cash,Success
6577,6577,Card,Success
6578,6578,UPI,Success
6579,6579,Cash,Success
6580,6580,Card,Success
6581,6581,Card,Success
6582,6582,Cash,Success
6583,6583,Card,Success
6584,6584,UPI,Success
6585,6585,UPI,Success
6586,6586,Wallet,Success
6587,6587,Cash,Success
6588,6588,Wallet,Success
6589,6589,Cash,Success
6590,6590,Cash,Success
6591,6591,Cash,Success
6592,6592,Wallet,Success
6593,6593,Wallet,Success
6594,6594,Cash,Success
6595,6595,Card,Success
6596,6596,Wallet,Success
6597,6597,Card,Success
6598,6598,Wallet,Success
6599,6599,Wallet,Success
6600,6600,UPI,Success
6601,6601,Cash,Success
6602,6602,Card,Success
6603,6603,UPI,Success
6604,6604,Card,Success
6605,6605,Wallet,Success
6606,6606,Card,Success
6607,6607,Wallet,Success
6608,6608,UPI,Success
6609,6609,UPI,Success
6610,6610,UPI,Success
6611,6611,Cash,Success
6612,6612,Wallet,Success
6613,6613,Wallet,Success
6614,6614,Cash,Success
6615,6615,Wallet,Success
6616,6616,Cash,Success
6617,6617,Card,Success
6618,6618,UPI,Success
6619,6619,UPI,Success
6620,6620,Card,Success
6621,6621,Card,Success
6622,6622,Cash,Success
6623,6623,Card,Success
6624,6624,Wallet,Success
6625,6625,Wallet,Success
6626,6626,Card,Success
6627,6627,UPI,Success
6628,6628,Wallet,Success
6629,6629,Wallet,Success
6630,6630,Cash,Success
6631,6631,Cash,Success
6632,6632,Wallet,Success
6633,6633,Cash,Success
6634,6634,Wallet,Success
6635,6635,Cash,Success
6636,6636,Card,Success
6637,6637,Cash,Success
6638,6638,Wallet,Success
6639,6639,UPI,Success
6640,6640,Cash,Success
6641,6641,Cash,Success
6642,6642,Card,Success
6643,6643,Card,Success
6644,6644,Cash,Success
6645,6645,Cash,Success
6646,6646,Card,Success
6647,6647,UPI,Success
6648,6648,Wallet,Success
6649,6649,Wallet,Success
6650,6650,Cash,Success
6651,6651,Wallet,Success
6652,6652,Wallet,Success
6653,6653,Card,Success
6654,6654,UPI,Success
6655,6655,Wallet,Success
6656,6656,Cash,Success
6657,6657,Wallet,Success
6658,6658,Cash,Success
6659,6659,UPI,Success
6660,6660,UPI,Success
6661,6661,Wallet,Success
6662,6662,Cash,Success
6663,6663,Card,Success
6664,6664,Card,Success
6665,6665,Wallet,Success
6666,6666,Cash,Success
6667,6667,Card,Success
6668,6668,UPI,Success
6669,6669,Cash,Success
6670,6670,UPI,Success
6671,6671,UPI,Success
6672,6672,Cash,Success
6673,6673,Cash,Success
6674,6674,Wallet,Success
6675,6675,Wallet,Success
6676,6676,Cash,Success
6677,6677,Cash,Success
6678,6678,Wallet,Success
6679,6679,UPI,Success
6680,6680,UPI,Success
6681,6681,Card,Success
6682,6682,Card,Success
6683,6683,UPI,Success
6684,6684,Wallet,Success
6685,6685,Wallet,Success
6686,6686,Cash,Success
6687,6687,Cash,Success
6688,6688,Wallet,Success
6689,6689,Cash,Success
6690,6690,Cash,Success
6691,6691,Wallet,Success
6692,6692,Card,Success
6693,6693,Card,Failed
6694,6694,Cash,Success
6695,6695,Wallet,Success
6696,6696,Wallet,Success
6697,6697,Cash,Success
6698,6698,Cash,Success
6699,6699,Wallet,Success
6700,6700,Cash,Success
6701,6701,Card,Success
6702,6702,Card,Success
6703,6703,Wallet,Success
6704,6704,Cash,Success
6705,6705,Cash,Success
6706,6706,Wallet,Success
6707,6707,Card,Success
6708,6708,Cash,Success
6709,6709,Cash,Success
6710,6710,Cash,Success
6711,6711,UPI,Success
6712,6712,Card,Success
6713,6713,Wallet,Success
6714,6714,Cash,Success
6715,6715,Card,Success
6716,6716,Wallet,Success
6717,6717,Card,Success
6718,6718,UPI,Success
6719,6719,Wallet,Success
6720,6720,Cash,Success
6721,6721,Cash,Success
6722,6722,UPI,Success
6723,6723,UPI,Success
6724,6724,Wallet,Success
6725,6725,UPI,Success
6726,6726,Wallet,Success
6727,6727,Cash,Success
6728,6728,UPI,Success
6729,6729,Cash,Success
6730,6730,Cash,Success
6731,6731,Cash,Success
6732,6732,Card,Success
6733,6733,UPI,Success
6734,6734,Cash,Success
6735,6735,UPI,Success
6736,6736,Cash,Success
6737,6737,Card,Failed
6738,6738,Card,Success
6739,6739,Wallet,Success
6740,6740,UPI,Success
6741,6741,UPI,Success
6742,6742,UPI,Success
6743,6743,Cash,Success
6744,6744,Card,Success
6745,6745,UPI,Success
6746,6746,Cash,Success
6747,6747,Wallet,Success
6748,6748,Cash,Failed
6749,6749,UPI,Success
6750,6750,Card,Success
6751,6751,UPI,Success
6752,6752,Wallet,Success
6753,6753,Cash,Success
6754,6754,Card,Success
6755,6755,UPI,Failed
6756,6756,Wallet,Success
6757,6757,Wallet,Success
6758,6758,Wallet,Success
6759,6759,UPI,Success
6760,6760,UPI,Success
6761,6761,Card,Success
6762,6762,Cash,Success
6763,6763,Card,Success
6764,6764,UPI,Success
6765,6765,Wallet,Success
6766,6766,Card,Success
6767,6767,Wallet,Success
6768,6768,Wallet,Success
6769,6769,UPI,Success
6770,6770,UPI,Success
6771,6771,Cash,Success
6772,6772,Card,Success
6773,6773,Card,Success
6774,6774,Cash,Success
6775,6775,UPI,Success
6776,6776,Card,Success
6777,6777,UPI,Success
6778,6778,Card,Success
6779,6779,UPI,Success
6780,6780,UPI,Success
6781,6781,Cash,Success
6782,6782,Wallet,Success
6783,6783,Card,Success
6784,6784,UPI,Success
6785,6785,Cash,Success
6786,6786,UPI,Success
6787,6787,Card,Success
6788,6788,UPI,Success
6789,6789,Wallet,Failed
6790,6790,Card,Success
6791,6791,Card,Success
6792,6792,Cash,Success
6793,6793,Cash,Success
6794,6794,Card,Success
6795,6795,UPI,Success
6796,6796,Wallet,Success
6797,6797,Card,Success
6798,6798,Card,Success
6799,6799,Wallet,Success
6800,6800,Cash,Success
6801,6801,UPI,Success
6802,6802,Wallet,Success
6803,6803,UPI,Success
6804,6804,Card,Success
6805,6805,Card,Success
6806,6806,Card,Success
6807,6807,UPI,Success
6808,6808,UPI,Failed
6809,6809,Cash,Success
6810,6810,Card,Success
6811,6811,UPI,Success
6812,6812,Card,Success
6813,6813,Card,Success
6814,6814,Cash,Success
6815,6815,UPI,Success
6816,6816,Wallet,Failed
6817,6817,Cash,Success
6818,6818,Wallet,Success
6819,6819,Card,Success
6820,6820,Card,Success
6821,6821,Cash,Success
6822,6822,Cash,Success
6823,6823,UPI,Success
6824,6824,UPI,Success
6825,6825,Card,Success
6826,6826,Wallet,Success
6827,6827,Cash,Success
6828,6828,Cash,Success
6829,6829,Card,Success
6830,6830,Cash,Success
6831,6831,Cash,Success
6832,6832,Wallet,Success
6833,6833,Card,Success
6834,6834,Cash,Success
6835,6835,UPI,Success
6836,6836,Card,Failed
6837,6837,Card,Success
6838,6838,Wallet,Failed
6839,6839,Card,Success
6840,6840,UPI,Success
6841,6841,UPI,Success
6842,6842,Cash,Success
6843,6843,Card,Success
6844,6844,Wallet,Success
6845,6845,Wallet,Success
6846,6846,Card,Success
6847,6847,Cash,Success
6848,6848,Card,Success
6849,6849,Wallet,Success
6850,6850,UPI,Success
6851,6851,UPI,Success
6852,6852,Card,Success
6853,6853,Cash,Success
6854,6854,Card,Success
6855,6855,Wallet,Success
6856,6856,Wallet,Success
6857,6857,Cash,Success
6858,6858,Wallet,Success
6859,6859,Card,Success
6860,6860,Wallet,Success
6861,6861,Card,Success
6862,6862,Cash,Success
6863,6863,Card,Success
6864,6864,Wallet,Success
6865,6865,UPI,Success
6866,6866,UPI,Success
6867,6867,Wallet,Success
6868,6868,Card,Success
6869,6869,Cash,Success
6870,6870,Wallet,Success
6871,6871,UPI,Success
6872,6872,Card,Success
6873,6873,Card,Success
6874,6874,UPI,Success
6875,6875,UPI,Success
6876,6876,Cash,Success
6877,6877,Card,Failed
6878,6878,UPI,Success
6879,6879,Card,Success
6880,6880,Wallet,Success
6881,6881,UPI,Success
6882,6882,Wallet,Success
6883,6883,UPI,Success
6884,6884,UPI,Success
6885,6885,Card,Success
6886,6886,UPI,Success
6887,6887,Card,Success
6888,6888,Cash,Success
6889,6889,UPI,Success
6890,6890,Wallet,Success
6891,6891,Cash,Success
6892,6892,UPI,Success
6893,6893,UPI,Success
6894,6894,Cash,Success
6895,6895,Wallet,Success
6896,6896,Card,Success
6897,6897,Card,Failed
6898,6898,UPI,Success
6899,6899,Wallet,Success
6900,6900,Cash,Success
6901,6901,Card,Success
6902,6902,Wallet,Success
6903,6903,Wallet,Success
6904,6904,Wallet,Success
6905,6905,UPI,Success
6906,6906,Card,Success
6907,6907,Wallet,Success
6908,6908,Wallet,Success
6909,6909,UPI,Success
6910,6910,Card,Success
6911,6911,Card,Success
6912,6912,UPI,Success
6913,6913,UPI,Success
6914,6914,Wallet,Success
6915,6915,Cash,Success
6916,6916,Card,Success
6917,6917,Cash,Success
6918,6918,Card,Failed
6919,6919,UPI,Success
6920,6920,Wallet,Success
6921,6921,Card,Success
6922,6922,UPI,Success
6923,6923,Cash,Success
6924,6924,Cash,Success
6925,6925,Wallet,Success
6926,6926,UPI,Success
6927,6927,UPI,Success
6928,6928,UPI,Success
6929,6929,Wallet,Success
6930,6930,Card,Success
6931,6931,UPI,Success
6932,6932,Cash,Success
6933,6933,UPI,Success
6934,6934,Card,Success
6935,6935,Card,Success
6936,6936,Cash,Success
6937,6937,Card,Success
6938,6938,Cash,Success
6939,6939,Wallet,Failed
6940,6940,Card,Success
6941,6941,UPI,Success
6942,6942,UPI,Success
6943,6943,Wallet,Success
6944,6944,UPI,Success
6945,6945,UPI,Success
6946,6946,Card,Success
6947,6947,Wallet,Failed
6948,6948,Wallet,Success
6949,6949,Cash,Success
6950,6950,UPI,Success
6951,6951,Cash,Success
6952,6952,Wallet,Success
6953,6953,Card,Success
6954,6954,UPI,Success
6955,6955,Cash,Success
6956,6956,Cash,Failed
6957,6957,Wallet,Success
6958,6958,UPI,Success
6959,6959,Card,Success
6960,6960,UPI,Success
6961,6961,UPI,Success
6962,6962,UPI,Success
6963,6963,Cash,Success
6964,6964,Cash,Success
6965,6965,Card,Success
6966,6966,Wallet,Success
6967,6967,Cash,Success
6968,6968,Card,Failed
6969,6969,Wallet,Success
6970,6970,Cash,Success
6971,6971,UPI,Success
6972,6972,Cash,Success
6973,6973,Card,Success
6974,6974,UPI,Success
6975,6975,Card,Success
6976,6976,UPI,Success
6977,6977,Card,Success
6978,6978,Cash,Success
6979,6979,Card,Success
6980,6980,UPI,Success
6981,6981,Cash,Success
6982,6982,UPI,Failed
6983,6983,Wallet,Success
6984,6984,UPI,Success
6985,6985,Card,Success
6986,6986,Wallet,Success
6987,6987,Card,Success
6988,6988,Wallet,Success
6989,6989,Cash,Success
6990,6990,Card,Success
6991,6991,Wallet,Success
6992,6992,Card,Success
6993,6993,Wallet,Success
6994,6994,Card,Success
6995,6995,UPI,Success
6996,6996,Card,Success
6997,6997,UPI,Success
6998,6998,UPI,Success
6999,6999,Wallet,Success
7000,7000,UPI,Success
7001,7001,UPI,Success
7002,7002,Wallet,Success
7003,7003,Cash,Success
7004,7004,Cash,Success
7005,7005,Card,Success
7006,7006,UPI,Success
7007,7007,Cash,Success
7008,7008,Cash,Success
7009,7009,Card,Success
7010,7010,UPI,Success
7011,7011,Wallet,Success
7012,7012,UPI,Failed
7013,7013,Card,Success
7014,7014,Wallet,Success
7015,7015,Card,Success
7016,7016,UPI,Success
7017,7017,Card,Success
7018,7018,Card,Success
7019,7019,UPI,Success
7020,7020,Cash,Success
7021,7021,Card,Success
7022,7022,Card,Success
7023,7023,Cash,Success
7024,7024,UPI,Success
7025,7025,Card,Success
7026,7026,Card,Success
7027,7027,Cash,Success
7028,7028,UPI,Success
7029,7029,UPI,Success
7030,7030,UPI,Failed
7031,7031,UPI,Success
7032,7032,Cash,Success
7033,7033,Card,Success
7034,7034,Wallet,Success
7035,7035,Card,Success
7036,7036,Cash,Success
7037,7037,UPI,Success
7038,7038,UPI,Success
7039,7039,Wallet,Success
7040,7040,Card,Success
7041,7041,Card,Success
7042,7042,Wallet,Success
7043,7043,Cash,Success
7044,7044,UPI,Success
7045,7045,UPI,Failed
7046,7046,Card,Success
7047,7047,Card,Success
7048,7048,Cash,Success
7049,7049,Card,Success
7050,7050,Wallet,Success
7051,7051,Wallet,Success
7052,7052,Wallet,Success
7053,7053,Wallet,Success
7054,7054,UPI,Success
7055,7055,UPI,Success
7056,7056,UPI,Success
7057,7057,UPI,Success
7058,7058,Card,Success
7059,7059,Card,Success
7060,7060,Cash,Success
7061,7061,Cash,Success
7062,7062,Wallet,Success
7063,7063,UPI,Success
7064,7064,UPI,Success
7065,7065,UPI,Failed
7066,7066,Cash,Success
7067,7067,UPI,Success
7068,7068,Cash,Success
7069,7069,Card,Success
7070,7070,Wallet,Success
7071,7071,Card,Success
7072,7072,UPI,Success
7073,7073,UPI,Success
7074,7074,Cash,Success
7075,7075,Card,Success
7076,7076,Cash,Success
7077,7077,Card,Success
7078,7078,Cash,Success
7079,7079,UPI,Success
7080,7080,Wallet,Success
7081,7081,Cash,Success
7082,7082,UPI,Success
7083,7083,UPI,Success
7084,7084,UPI,Success
7085,7085,UPI,Success
7086,7086,UPI,Success
7087,7087,Cash,Success
7088,7088,Card,Success
7089,7089,Cash,Success
7090,7090,Wallet,Success
7091,7091,Cash,Success
7092,7092,Cash,Success
7093,7093,Card,Success
7094,7094,Card,Success
7095,7095,Wallet,Failed
7096,7096,UPI,Success
7097,7097,Wallet,Success
7098,7098,UPI,Success
7099,7099,Cash,Success
7100,7100,Wallet,Success
7101,7101,Card,Failed
7102,7102,UPI,Success
7103,7103,Wallet,Success
7104,7104,Cash,Success
7105,7105,Cash,Success
7106,7106,Cash,Success
7107,7107,Wallet,Success
7108,7108,Card,Success
7109,7109,UPI,Success
7110,7110,UPI,Success
7111,7111,UPI,Success
7112,7112,UPI,Success
7113,7113,Card,Success
7114,7114,Cash,Success
7115,7115,Wallet,Success
7116,7116,Card,Success
7117,7117,Cash,Success
7118,7118,Wallet,Success
7119,7119,Cash,Success
7120,7120,UPI,Success
7121,7121,Wallet,Success
7122,7122,Wallet,Success
7123,7123,Wallet,Success
7124,7124,Wallet,Success
7125,7125,UPI,Success
7126,7126,UPI,Success
7127,7127,UPI,Success
7128,7128,Card,Success
7129,7129,Wallet,Success
7130,7130,Card,Success
7131,7131,Card,Success
7132,7132,Cash,Success
7133,7133,Card,Success
7134,7134,Card,Success
7135,7135,UPI,Success
7136,7136,Card,Success
7137,7137,Wallet,Success
7138,7138,Cash,Success
7139,7139,UPI,Success
7140,7140,Cash,Success
7141,7141,Cash,Success
7142,7142,Card,Success
7143,7143,UPI,Success
7144,7144,UPI,Success
7145,7145,Cash,Success
7146,7146,Cash,Success
7147,7147,Card,Success
7148,7148,Card,Success
7149,7149,Card,Success
7150,7150,Wallet,Success
7151,7151,Card,Success
7152,7152,Cash,Success
7153,7153,Wallet,Success
7154,7154,Cash,Success
7155,7155,Cash,Failed
7156,7156,Wallet,Success
7157,7157,UPI,Success
7158,7158,UPI,Success
7159,7159,Wallet,Success
7160,7160,Cash,Success
7161,7161,Wallet,Success
7162,7162,Card,Success
7163,7163,Wallet,Success
7164,7164,Wallet,Success
7165,7165,Wallet,Success
7166,7166,Card,Success
7167,7167,UPI,Success
7168,7168,Card,Success
7169,7169,Card,Success
7170,7170,Card,Success
7171,7171,UPI,Success
7172,7172,UPI,Success
7173,7173,Card,Success
7174,7174,UPI,Success
7175,7175,UPI,Success
7176,7176,Wallet,Success
7177,7177,Card,Success
7178,7178,Wallet,Failed
7179,7179,UPI,Success
7180,7180,UPI,Success
7181,7181,Cash,Success
7182,7182,Cash,Success
7183,7183,Cash,Success
7184,7184,UPI,Success
7185,7185,UPI,Success
7186,7186,UPI,Success
7187,7187,Card,Success
7188,7188,Wallet,Success
7189,7189,Wallet,Success
7190,7190,Cash,Success
7191,7191,Wallet,Success
7192,7192,Wallet,Success
7193,7193,Cash,Success
7194,7194,UPI,Failed
7195,7195,Card,Success
7196,7196,UPI,Success
7197,7197,Card,Success
7198,7198,Wallet,Success
7199,7199,UPI,Success
7200,7200,Wallet,Success
7201,7201,Wallet,Success
7202,7202,Cash,Success
7203,7203,UPI,Success
7204,7204,Cash,Success
7205,7205,UPI,Success
7206,7206,Card,Success
7207,7207,Wallet,Success
7208,7208,Cash,Success
7209,7209,UPI,Success
7210,7210,Card,Success
7211,7211,Wallet,Success
7212,7212,Card,Success
7213,7213,Wallet,Success
7214,7214,Cash,Success
7215,7215,Cash,Success
7216,7216,UPI,Success
7217,7217,Wallet,Failed
7218,7218,Cash,Success
7219,7219,UPI,Success
7220,7220,Wallet,Success
7221,7221,Card,Success
7222,7222,UPI,Success
7223,7223,Wallet,Success
7224,7224,UPI,Success
7225,7225,Wallet,Failed
7226,7226,Wallet,Failed
7227,7227,UPI,Success
7228,7228,Wallet,Success
7229,7229,Wallet,Success
7230,7230,Cash,Success
7231,7231,Cash,Failed
7232,7232,Cash,Success
7233,7233,Card,Success
7234,7234,UPI,Success
7235,7235,Wallet,Success
7236,7236,Card,Success
7237,7237,UPI,Success
7238,7238,Cash,Failed
7239,7239,Card,Success
7240,7240,Cash,Success
7241,7241,UPI,Success
7242,7242,Card,Success
7243,7243,Wallet,Success
7244,7244,UPI,Success
7245,7245,Card,Success
7246,7246,Card,Success
7247,7247,UPI,Success
7248,7248,Wallet,Success
7249,7249,Card,Success
7250,7250,Card,Success
7251,7251,UPI,Success
7252,7252,UPI,Success
7253,7253,Wallet,Success
7254,7254,Wallet,Success
7255,7255,Cash,Failed
7256,7256,Wallet,Success
7257,7257,Cash,Success
7258,7258,Card,Success
7259,7259,Card,Success
7260,7260,Cash,Success
7261,7261,Cash,Success
7262,7262,Wallet,Success
7263,7263,Cash,Success
7264,7264,Card,Success
7265,7265,Card,Success
7266,7266,Wallet,Success
7267,7267,Card,Success
7268,7268,UPI,Success
7269,7269,UPI,Success
7270,7270,Card,Success
7271,7271,Card,Failed
7272,7272,UPI,Success
7273,7273,UPI,Success
7274,7274,Wallet,Success
7275,7275,Cash,Success
7276,7276,Wallet,Success
7277,7277,Cash,Success
7278,7278,UPI,Success
7279,7279,Wallet,Success
7280,7280,Wallet,Success
7281,7281,Cash,Success
7282,7282,Cash,Success
7283,7283,Cash,Success
7284,7284,Wallet,Success
7285,7285,Card,Success
7286,7286,UPI,Success
7287,7287,UPI,Success
7288,7288,Card,Success
7289,7289,Card,Success
7290,7290,UPI,Success
7291,7291,Card,Success
7292,7292,Card,Success
7293,7293,Wallet,Failed
7294,7294,UPI,Success
7295,7295,UPI,Success
7296,7296,Card,Success
7297,7297,Wallet,Success
7298,7298,Wallet,Success
7299,7299,Card,Success
7300,7300,UPI,Success
7301,7301,Card,Success
7302,7302,Wallet,Success
7303,7303,Cash,Success
7304,7304,Card,Success
7305,7305,UPI,Success
7306,7306,UPI,Success
7307,7307,UPI,Success
7308,7308,Card,Success
7309,7309,Card,Success
7310,7310,Card,Success
7311,7311,Wallet,Success
7312,7312,Wallet,Success
7313,7313,UPI,Success
7314,7314,Cash,Success
7315,7315,UPI,Success
7316,7316,Cash,Success
7317,7317,Card,Success
7318,7318,Wallet,Success
7319,7319,Card,Success
7320,7320,Wallet,Success
7321,7321,Wallet,Success
7322,7322,Card,Success
7323,7323,UPI,Success
7324,7324,Wallet,Success
7325,7325,UPI,Success
7326,7326,Cash,Success
7327,7327,Wallet,Success
7328,7328,Card,Success
7329,7329,Wallet,Success
7330,7330,UPI,Success
7331,7331,Wallet,Success
7332,7332,Cash,Success
7333,7333,Wallet,Success
7334,7334,Wallet,Success
7335,7335,Card,Success
7336,7336,UPI,Success
7337,7337,Cash,Success
7338,7338,Cash,Success
7339,7339,Wallet,Success
7340,7340,Wallet,Success
7341,7341,Cash,Success
7342,7342,Wallet,Success
7343,7343,Card,Failed
7344,7344,Cash,Success
7345,7345,Wallet,Success
7346,7346,Card,Success
7347,7347,Card,Success
7348,7348,Cash,Success
7349,7349,Cash,Success
7350,7350,Wallet,Success
7351,7351,Card,Success
7352,7352,UPI,Success
7353,7353,Card,Success
7354,7354,Card,Success
7355,7355,Card,Success
7356,7356,Cash,Success
7357,7357,Cash,Success
7358,7358,Card,Success
7359,7359,UPI,Success
7360,7360,Cash,Success
7361,7361,UPI,Success
7362,7362,UPI,Success
7363,7363,UPI,Success
7364,7364,Wallet,Success
7365,7365,Cash,Success
7366,7366,Card,Success
7367,7367,Cash,Success
7368,7368,Card,Success
7369,7369,Cash,Success
7370,7370,UPI,Success
7371,7371,UPI,Success
7372,7372,Cash,Success
7373,7373,Cash,Success
7374,7374,Card,Success
7375,7375,Wallet,Success
7376,7376,UPI,Success
7377,7377,UPI,Success
7378,7378,UPI,Success
7379,7379,Wallet,Success
7380,7380,Wallet,Success
7381,7381,Cash,Success
7382,7382,Card,Success
7383,7383,Cash,Success
7384,7384,Wallet,Failed
7385,7385,Wallet,Success
7386,7386,Wallet,Failed
7387,7387,UPI,Failed
7388,7388,UPI,Success
7389,7389,Cash,Success
7390,7390,UPI,Success
7391,7391,Card,Success
7392,7392,UPI,Success
7393,7393,UPI,Success
7394,7394,UPI,Success
7395,7395,UPI,Success
7396,7396,UPI,Success
7397,7397,Cash,Success
7398,7398,Card,Success
7399,7399,UPI,Success
7400,7400,Wallet,Success
7401,7401,Cash,Success
7402,7402,UPI,Success
7403,7403,Wallet,Success
7404,7404,Wallet,Success
7405,7405,Cash,Success
7406,7406,Cash,Success
7407,7407,Cash,Success
7408,7408,Wallet,Success
7409,7409,Wallet,Success
7410,7410,Wallet,Success
7411,7411,UPI,Success
7412,7412,UPI,Success
7413,7413,Card,Success
7414,7414,Wallet,Success
7415,7415,Wallet,Success
7416,7416,Wallet,Success
7417,7417,Wallet,Success
7418,7418,Cash,Success
7419,7419,UPI,Success
7420,7420,Card,Success
7421,7421,UPI,Failed
7422,7422,Wallet,Success
7423,7423,Wallet,Success
7424,7424,Wallet,Success
7425,7425,Card,Success
7426,7426,UPI,Success
7427,7427,Cash,Success
7428,7428,Card,Success
7429,7429,UPI,Success
7430,7430,Wallet,Success
7431,7431,UPI,Success
7432,7432,Card,Success
7433,7433,Card,Success
7434,7434,Card,Success
7435,7435,Cash,Success
7436,7436,Cash,Success
7437,7437,Card,Success
7438,7438,Wallet,Success
7439,7439,Wallet,Success
7440,7440,Wallet,Success
7441,7441,Cash,Success
7442,7442,UPI,Success
7443,7443,Card,Success
7444,7444,Cash,Success
7445,7445,Wallet,Success
7446,7446,Wallet,Success
7447,7447,Card,Success
7448,7448,Cash,Success
7449,7449,Wallet,Success
7450,7450,UPI,Success
7451,7451,UPI,Success
7452,7452,UPI,Success
7453,7453,Wallet,Success
7454,7454,Card,Success
7455,7455,Wallet,Success
7456,7456,UPI,Success
7457,7457,UPI,Success
7458,7458,Cash,Success
7459,7459,Card,Success
7460,7460,Card,Success
7461,7461,Wallet,Success
7462,7462,UPI,Failed
7463,7463,UPI,Failed
7464,7464,Wallet,Success
7465,7465,Card,Success
7466,7466,Cash,Success
7467,7467,Cash,Success
7468,7468,Card,Success
7469,7469,UPI,Success
7470,7470,Card,Success
7471,7471,Wallet,Failed
7472,7472,UPI,Success
7473,7473,Cash,Success
7474,7474,Card,Success
7475,7475,Wallet,Success
7476,7476,Card,Success
7477,7477,UPI,Success
7478,7478,Card,Success
7479,7479,Card,Success
7480,7480,Card,Failed
7481,7481,UPI,Success
7482,7482,UPI,Success
7483,7483,Wallet,Success
7484,7484,Wallet,Success
7485,7485,Wallet,Success
7486,7486,Cash,Success
7487,7487,Cash,Success
7488,7488,UPI,Success
7489,7489,Wallet,Success
7490,7490,Cash,Success
7491,7491,Wallet,Success
7492,7492,UPI,Success
7493,7493,Cash,Success
7494,7494,Card,Success
7495,7495,Card,Success
7496,7496,UPI,Success
7497,7497,UPI,Success
7498,7498,Wallet,Success
7499,7499,Wallet,Success
7500,7500,Wallet,Success
7501,7501,Card,Success
7502,7502,Card,Success
7503,7503,Card,Success
7504,7504,Cash,Failed
7505,7505,Card,Success
7506,7506,UPI,Failed
7507,7507,Cash,Success
7508,7508,UPI,Success
7509,7509,Wallet,Success
7510,7510,Cash,Success
7511,7511,Cash,Success
7512,7512,UPI,Success
7513,7513,Card,Success
7514,7514,Cash,Success
7515,7515,UPI,Success
7516,7516,Cash,Success
7517,7517,Wallet,Success
7518,7518,Cash,Success
7519,7519,Card,Success
7520,7520,Wallet,Success
7521,7521,UPI,Success
7522,7522,Cash,Success
7523,7523,Wallet,Success
7524,7524,UPI,Success
7525,7525,Card,Failed
7526,7526,Card,Success
7527,7527,UPI,Success
7528,7528,Wallet,Success
7529,7529,Wallet,Success
7530,7530,Wallet,Success
7531,7531,Card,Success
7532,7532,Cash,Success
7533,7533,Cash,Success
7534,7534,Cash,Success
7535,7535,Cash,Success
7536,7536,Wallet,Success
7537,7537,Wallet,Success
7538,7538,UPI,Success
7539,7539,UPI,Success
7540,7540,Cash,Success
7541,7541,Card,Success
7542,7542,Card,Success
7543,7543,UPI,Success
7544,7544,Wallet,Success
7545,7545,UPI,Success
7546,7546,UPI,Success
7547,7547,UPI,Success
7548,7548,Cash,Success
7549,7549,Wallet,Success
7550,7550,Cash,Success
7551,7551,Wallet,Success
7552,7552,UPI,Success
7553,7553,Card,Success
7554,7554,Wallet,Success
7555,7555,UPI,Success
7556,7556,Wallet,Success
7557,7557,UPI,Success
7558,7558,Cash,Success
7559,7559,Card,Success
7560,7560,Cash,Success
7561,7561,Wallet,Success
7562,7562,Card,Success
7563,7563,Card,Success
7564,7564,UPI,Success
7565,7565,Wallet,Success
7566,7566,Card,Success
7567,7567,Card,Success
7568,7568,Wallet,Success
7569,7569,Wallet,Success
7570,7570,UPI,Failed
7571,7571,Wallet,Success
7572,7572,Cash,Success
7573,7573,Card,Success
7574,7574,Cash,Success
7575,7575,UPI,Success
7576,7576,Card,Success
7577,7577,Cash,Success
7578,7578,Cash,Success
7579,7579,UPI,Success
7580,7580,Card,Success
7581,7581,UPI,Success
7582,7582,Cash,Success
7583,7583,Wallet,Success
7584,7584,Cash,Success
7585,7585,Card,Success
7586,7586,UPI,Success
7587,7587,UPI,Success
7588,7588,Wallet,Success
7589,7589,Wallet,Success
7590,7590,UPI,Success
7591,7591,UPI,Failed
7592,7592,Card,Success
7593,7593,Cash,Success
7594,7594,Cash,Success
7595,7595,Cash,Success
7596,7596,Card,Success
7597,7597,Wallet,Success
7598,7598,Wallet,Success
7599,7599,Card,Success
7600,7600,Cash,Success
7601,7601,Card,Success
7602,7602,UPI,Failed
7603,7603,Card,Success
7604,7604,UPI,Success
7605,7605,Cash,Success
7606,7606,Wallet,Success
7607,7607,Wallet,Success
7608,7608,UPI,Success
7609,7609,UPI,Success
7610,7610,UPI,Success
7611,7611,Card,Success
7612,7612,UPI,Success
7613,7613,UPI,Success
7614,7614,Cash,Success
7615,7615,Card,Success
7616,7616,Card,Success
7617,7617,Card,Success
7618,7618,Wallet,Failed
7619,7619,Wallet,Success
7620,7620,Cash,Success
7621,7621,Cash,Success
7622,7622,UPI,Success
7623,7623,Wallet,Success
7624,7624,Wallet,Success
7625,7625,Cash,Success
7626,7626,UPI,Success
7627,7627,Card,Success
7628,7628,Wallet,Success
7629,7629,Card,Success
7630,7630,Card,Success
7631,7631,Wallet,Success
7632,7632,Card,Success
7633,7633,UPI,Success
7634,7634,Wallet,Success
7635,7635,Cash,Success
7636,7636,UPI,Success
7637,7637,Card,Success
7638,7638,Wallet,Success
7639,7639,UPI,Success
7640,7640,Cash,Success
7641,7641,UPI,Success
7642,7642,Wallet,Success
7643,7643,Card,Failed
7644,7644,UPI,Failed
7645,7645,Cash,Success
7646,7646,Wallet,Success
7647,7647,Card,Success
7648,7648,Wallet,Success
7649,7649,Card,Success
7650,7650,Card,Success
7651,7651,Wallet,Success
7652,7652,Card,Success
7653,7653,Cash,Success
7654,7654,Card,Success
7655,7655,Card,Success
7656,7656,Wallet,Success
7657,7657,Card,Success
7658,7658,Cash,Success
7659,7659,Wallet,Success
7660,7660,UPI,Success
7661,7661,Card,Success
7662,7662,Cash,Success
7663,7663,UPI,Success
7664,7664,UPI,Success
7665,7665,UPI,Success
7666,7666,Card,Success
7667,7667,Card,Success
7668,7668,UPI,Success
7669,7669,Cash,Success
7670,7670,Cash,Success
7671,7671,Wallet,Success
7672,7672,Wallet,Success
7673,7673,Wallet,Success
7674,7674,Cash,Success
7675,7675,Cash,Success
7676,7676,Card,Success
7677,7677,Cash,Success
7678,7678,Cash,Success
7679,7679,Wallet,Success
7680,7680,UPI,Success
7681,7681,Card,Success
7682,7682,Card,Success
7683,7683,Wallet,Success
7684,7684,Wallet,Success
7685,7685,Card,Success
7686,7686,Card,Success
7687,7687,Wallet,Success
7688,7688,UPI,Success
7689,7689,Card,Success
7690,7690,Wallet,Success
7691,7691,Cash,Success
7692,7692,UPI,Success
7693,7693,UPI,Success
7694,7694,Cash,Success
7695,7695,Cash,Success
7696,7696,Card,Success
7697,7697,Card,Success
7698,7698,Wallet,Success
7699,7699,Wallet,Success
7700,7700,Card,Success
7701,7701,Wallet,Success
7702,7702,Card,Success
7703,7703,Wallet,Success
7704,7704,Cash,Success
7705,7705,Card,Success
7706,7706,Wallet,Success
7707,7707,Cash,Success
7708,7708,Cash,Success
7709,7709,UPI,Success
7710,7710,Cash,Success
7711,7711,Card,Success
7712,7712,UPI,Success
7713,7713,Cash,Success
7714,7714,Cash,Success
7715,7715,Card,Success
7716,7716,Card,Success
7717,7717,Cash,Success
7718,7718,Card,Success
7719,7719,Cash,Success
7720,7720,Cash,Failed
7721,7721,Card,Success
7722,7722,Card,Success
7723,7723,Wallet,Success
7724,7724,Cash,Success
7725,7725,Card,Success
7726,7726,Wallet,Success
7727,7727,UPI,Success
7728,7728,Cash,Success
7729,7729,Card,Success
7730,7730,Wallet,Success
7731,7731,Wallet,Success
7732,7732,Wallet,Success
7733,7733,Cash,Success
7734,7734,UPI,Success
7735,7735,Wallet,Success
7736,7736,Card,Success
7737,7737,UPI,Success
7738,7738,Cash,Success
7739,7739,Cash,Success
7740,7740,Card,Success
7741,7741,Wallet,Success
7742,7742,Cash,Success
7743,7743,Wallet,Success
7744,7744,UPI,Success
7745,7745,Cash,Success
7746,7746,Cash,Success
7747,7747,UPI,Failed
7748,7748,Card,Failed
7749,7749,Wallet,Success
7750,7750,Cash,Success
7751,7751,Wallet,Success
7752,7752,Cash,Success
7753,7753,Cash,Success
7754,7754,Wallet,Success
7755,7755,UPI,Success
7756,7756,UPI,Success
7757,7757,Wallet,Success
7758,7758,Cash,Success
7759,7759,Card,Success
7760,7760,Cash,Success
7761,7761,Card,Success
7762,7762,Wallet,Success
7763,7763,Cash,Success
7764,7764,Cash,Success
7765,7765,Wallet,Success
7766,7766,Card,Success
7767,7767,UPI,Success
7768,7768,Cash,Success
7769,7769,Card,Success
7770,7770,UPI,Success
7771,7771,Card,Success
7772,7772,Wallet,Success
7773,7773,Wallet,Success
7774,7774,Card,Success
7775,7775,UPI,Success
7776,7776,Card,Success
7777,7777,UPI,Success
7778,7778,UPI,Success
7779,7779,Cash,Success
7780,7780,Cash,Success
7781,7781,Card,Success
7782,7782,UPI,Success
7783,7783,UPI,Success
7784,7784,Wallet,Success
7785,7785,Cash,Success
7786,7786,UPI,Success
7787,7787,Wallet,Success
7788,7788,UPI,Success
7789,7789,Wallet,Success
7790,7790,Card,Success
7791,7791,Cash,Success
7792,7792,Wallet,Success
7793,7793,Card,Success
7794,7794,Card,Failed
7795,7795,Cash,Success
7796,7796,Wallet,Success
7797,7797,UPI,Success
7798,7798,Wallet,Success
7799,7799,Cash,Success
7800,7800,UPI,Success
7801,7801,UPI,Success
7802,7802,Cash,Failed
7803,7803,Card,Success
7804,7804,UPI,Success
7805,7805,Wallet,Success
7806,7806,Wallet,Success
7807,7807,Cash,Success
7808,7808,Wallet,Success
7809,7809,Card,Success
7810,7810,Cash,Success
7811,7811,Wallet,Success
7812,7812,Cash,Success
7813,7813,UPI,Success
7814,7814,UPI,Success
7815,7815,Card,Success
7816,7816,Card,Success
7817,7817,Wallet,Success
7818,7818,UPI,Success
7819,7819,Cash,Success
7820,7820,Wallet,Success
7821,7821,Cash,Success
7822,7822,Cash,Success
7823,7823,Card,Success
7824,7824,Cash,Success
7825,7825,Card,Success
7826,7826,Card,Success
7827,7827,Wallet,Success
7828,7828,UPI,Success
7829,7829,Card,Success
7830,7830,Cash,Success
7831,7831,Cash,Success
7832,7832,Wallet,Success
7833,7833,Card,Success
7834,7834,Card,Success
7835,7835,Wallet,Success
7836,7836,Cash,Success
7837,7837,UPI,Success
7838,7838,Cash,Success
7839,7839,UPI,Success
7840,7840,Wallet,Success
7841,7841,Cash,Success
7842,7842,UPI,Success
7843,7843,Card,Success
7844,7844,Wallet,Success
7845,7845,UPI,Success
7846,7846,Wallet,Success
7847,7847,Cash,Success
7848,7848,UPI,Success
7849,7849,Card,Success
7850,7850,Wallet,Success
7851,7851,UPI,Success
7852,7852,UPI,Success
7853,7853,UPI,Success
7854,7854,Cash,Success
7855,7855,Cash,Success
7856,7856,Wallet,Success
7857,7857,Wallet,Success
7858,7858,UPI,Success
7859,7859,Wallet,Success
7860,7860,Card,Success
7861,7861,UPI,Success
7862,7862,Wallet,Success
7863,7863,Cash,Success
7864,7864,Wallet,Success
7865,7865,Card,Success
7866,7866,Wallet,Success
7867,7867,Wallet,Success
7868,7868,Card,Success
7869,7869,UPI,Success
7870,7870,Wallet,Success
7871,7871,Cash,Success
7872,7872,Cash,Success
7873,7873,Card,Success
7874,7874,Cash,Success
7875,7875,Card,Success
7876,7876,Card,Success
7877,7877,Wallet,Success
7878,7878,UPI,Success
7879,7879,Wallet,Success
7880,7880,Wallet,Success
7881,7881,Card,Success
7882,7882,Wallet,Success
7883,7883,UPI,Success
7884,7884,Card,Success
7885,7885,Wallet,Success
7886,7886,Wallet,Success
7887,7887,Wallet,Failed
7888,7888,Wallet,Success
7889,7889,UPI,Success
7890,7890,Wallet,Success
7891,7891,UPI,Success
7892,7892,Cash,Success
7893,7893,Wallet,Success
7894,7894,Wallet,Success
7895,7895,UPI,Success
7896,7896,Cash,Success
7897,7897,Wallet,Success
7898,7898,UPI,Success
7899,7899,Cash,Success
7900,7900,UPI,Success
7901,7901,Wallet,Success
7902,7902,UPI,Success
7903,7903,Cash,Success
7904,7904,Wallet,Success
7905,7905,Cash,Failed
7906,7906,Cash,Success
7907,7907,UPI,Success
7908,7908,Wallet,Success
7909,7909,Cash,Success
7910,7910,UPI,Failed
7911,7911,Card,Success
7912,7912,Card,Success
7913,7913,UPI,Success
7914,7914,Wallet,Success
7915,7915,UPI,Success
7916,7916,Wallet,Success
7917,7917,UPI,Success
7918,7918,Card,Success
7919,7919,Wallet,Success
7920,7920,Card,Success
7921,7921,Cash,Success
7922,7922,Cash,Success
7923,7923,Wallet,Success
7924,7924,Wallet,Success
7925,7925,Card,Failed
7926,7926,Cash,Success
7927,7927,UPI,Success
7928,7928,Cash,Success
7929,7929,Cash,Success
7930,7930,Wallet,Success
7931,7931,UPI,Success
7932,7932,UPI,Success
7933,7933,Card,Success
7934,7934,Cash,Success
7935,7935,Card,Failed
7936,7936,Cash,Success
7937,7937,Cash,Success
7938,7938,Wallet,Success
7939,7939,Cash,Failed
7940,7940,Cash,Success
7941,7941,UPI,Success
7942,7942,UPI,Success
7943,7943,Card,Success
7944,7944,Wallet,Success
7945,7945,Card,Success
7946,7946,Cash,Success
7947,7947,Wallet,Success
7948,7948,Wallet,Success
7949,7949,Wallet,Success
7950,7950,Card,Success
7951,7951,Wallet,Success
7952,7952,UPI,Success
7953,7953,Wallet,Success
7954,7954,UPI,Success
7955,7955,Cash,Success
7956,7956,Card,Success
7957,7957,Wallet,Success
7958,7958,Card,Success
7959,7959,Card,Success
7960,7960,Wallet,Success
7961,7961,Cash,Success
7962,7962,Wallet,Failed
7963,7963,Card,Success
7964,7964,UPI,Success
7965,7965,Wallet,Success
7966,7966,UPI,Success
7967,7967,Card,Failed
7968,7968,Wallet,Success
7969,7969,Cash,Success
7970,7970,UPI,Success
7971,7971,Cash,Failed
7972,7972,Card,Success
7973,7973,UPI,Success
7974,7974,Card,Success
7975,7975,UPI,Success
7976,7976,UPI,Success
7977,7977,Cash,Success
7978,7978,Wallet,Success
7979,7979,Wallet,Success
7980,7980,Card,Success
7981,7981,Card,Success
7982,7982,UPI,Success
7983,7983,UPI,Success
7984,7984,UPI,Success
7985,7985,Cash,Success
7986,7986,Card,Success
7987,7987,UPI,Success
7988,7988,Wallet,Success
7989,7989,Card,Success
7990,7990,Wallet,Success
7991,7991,Wallet,Success
7992,7992,Cash,Success
7993,7993,Wallet,Success
7994,7994,Card,Success
7995,7995,Cash,Success
7996,7996,Cash,Success
7997,7997,Wallet,Success
7998,7998,UPI,Success
7999,7999,Wallet,Success
8000,8000,Cash,Success
8001,8001,Wallet,Success
8002,8002,Wallet,Success
8003,8003,Card,Success
8004,8004,Wallet,Success
8005,8005,Card,Success
8006,8006,Wallet,Success
8007,8007,Card,Success
8008,8008,UPI,Failed
8009,8009,Wallet,Success
8010,8010,Cash,Success
8011,8011,Cash,Success
8012,8012,Cash,Success
8013,8013,Wallet,Success
8014,8014,Card,Success
8015,8015,Cash,Success
8016,8016,Card,Success
8017,8017,Wallet,Success
8018,8018,Wallet,Success
8019,8019,Cash,Success
8020,8020,Wallet,Failed
8021,8021,Card,Success
8022,8022,Card,Success
8023,8023,Wallet,Success
8024,8024,Cash,Success
8025,8025,Wallet,Success
8026,8026,UPI,Success
8027,8027,Card,Success
8028,8028,Card,Success
8029,8029,Card,Success
8030,8030,Card,Success
8031,8031,Cash,Failed
8032,8032,Card,Success
8033,8033,Card,Success
8034,8034,Wallet,Success
8035,8035,Card,Success
8036,8036,Cash,Success
8037,8037,Cash,Success
8038,8038,Card,Success
8039,8039,Cash,Success
8040,8040,Card,Success
8041,8041,UPI,Success
8042,8042,Cash,Success
8043,8043,UPI,Success
8044,8044,Cash,Success
8045,8045,Card,Success
8046,8046,Card,Success
8047,8047,Wallet,Success
8048,8048,Cash,Success
8049,8049,Cash,Success
8050,8050,Cash,Success
8051,8051,Cash,Success
8052,8052,Card,Success
8053,8053,Card,Success
8054,8054,Card,Success
8055,8055,Cash,Success
8056,8056,Card,Success
8057,8057,Wallet,Success
8058,8058,Card,Success
8059,8059,Cash,Success
8060,8060,Card,Success
8061,8061,UPI,Success
8062,8062,Cash,Success
8063,8063,Cash,Success
8064,8064,Wallet,Success
8065,8065,UPI,Success
8066,8066,Cash,Failed
8067,8067,UPI,Success
8068,8068,Wallet,Success
8069,8069,Wallet,Success
8070,8070,Cash,Failed
8071,8071,Card,Success
8072,8072,Card,Success
8073,8073,Wallet,Success
8074,8074,Card,Success
8075,8075,Card,Success
8076,8076,Card,Success
8077,8077,UPI,Success
8078,8078,Cash,Success
8079,8079,UPI,Success
8080,8080,Card,Success
8081,8081,Cash,Success
8082,8082,UPI,Success
8083,8083,Card,Success
8084,8084,Cash,Success
8085,8085,Cash,Success
8086,8086,Cash,Success
8087,8087,UPI,Success
8088,8088,UPI,Success
8089,8089,Cash,Success
8090,8090,Cash,Success
8091,8091,Card,Success
8092,8092,Wallet,Success
8093,8093,Cash,Success
8094,8094,Wallet,Success
8095,8095,Cash,Success
8096,8096,Card,Success
8097,8097,Wallet,Success
8098,8098,Wallet,Success
8099,8099,Cash,Success
8100,8100,Card,Success
8101,8101,Wallet,Success
8102,8102,Card,Success
8103,8103,UPI,Success
8104,8104,Card,Success
8105,8105,Cash,Success
8106,8106,Wallet,Success
8107,8107,Wallet,Failed
8108,8108,Card,Success
8109,8109,UPI,Success
8110,8110,UPI,Success
8111,8111,Cash,Success
8112,8112,Card,Success
8113,8113,UPI,Success
8114,8114,Cash,Success
8115,8115,Wallet,Success
8116,8116,Wallet,Success
8117,8117,Card,Success
8118,8118,Card,Failed
8119,8119,UPI,Success
8120,8120,Wallet,Success
8121,8121,Card,Success
8122,8122,Cash,Success
8123,8123,UPI,Success
8124,8124,Card,Success
8125,8125,UPI,Success
8126,8126,Card,Success
8127,8127,Cash,Success
8128,8128,Card,Success
8129,8129,Card,Success
8130,8130,Wallet,Success
8131,8131,Cash,Success
8132,8132,Cash,Failed
8133,8133,Cash,Success
8134,8134,Card,Failed
8135,8135,Wallet,Success
8136,8136,Card,Success
8137,8137,Cash,Success
8138,8138,Wallet,Success
8139,8139,Wallet,Success
8140,8140,Cash,Success
8141,8141,UPI,Success
8142,8142,Card,Success
8143,8143,Wallet,Success
8144,8144,UPI,Success
8145,8145,Card,Success
8146,8146,Card,Success
8147,8147,Card,Success
8148,8148,Card,Success
8149,8149,UPI,Success
8150,8150,Card,Success
8151,8151,Card,Success
8152,8152,UPI,Success
8153,8153,Cash,Success
8154,8154,UPI,Success
8155,8155,UPI,Success
8156,8156,UPI,Success
8157,8157,Cash,Success
8158,8158,UPI,Success
8159,8159,Wallet,Failed
8160,8160,UPI,Success
8161,8161,Card,Success
8162,8162,UPI,Success
8163,8163,Card,Success
8164,8164,Wallet,Success
8165,8165,UPI,Success
8166,8166,UPI,Success
8167,8167,Card,Success
8168,8168,Wallet,Success
8169,8169,Wallet,Success
8170,8170,Cash,Success
8171,8171,Cash,Success
8172,8172,Cash,Success
8173,8173,UPI,Success
8174,8174,UPI,Success
8175,8175,UPI,Success
8176,8176,UPI,Success
8177,8177,Wallet,Success
8178,8178,Wallet,Success
8179,8179,Card,Failed
8180,8180,Cash,Success
8181,8181,Wallet,Success
8182,8182,Wallet,Success
8183,8183,UPI,Success
8184,8184,Card,Success
8185,8185,Wallet,Success
8186,8186,Cash,Success
8187,8187,UPI,Success
8188,8188,Card,Success
8189,8189,UPI,Success
8190,8190,Cash,Success
8191,8191,Wallet,Success
8192,8192,Card,Success
8193,8193,Cash,Success
8194,8194,Card,Success
8195,8195,UPI,Success
8196,8196,UPI,Success
8197,8197,UPI,Success
8198,8198,Wallet,Success
8199,8199,Wallet,Success
8200,8200,Card,Success
8201,8201,Cash,Success
8202,8202,Wallet,Success
8203,8203,Wallet,Success
8204,8204,Card,Success
8205,8205,Cash,Success
8206,8206,UPI,Success
8207,8207,Cash,Success
8208,8208,Wallet,Success
8209,8209,UPI,Success
8210,8210,Card,Success
8211,8211,UPI,Success
8212,8212,UPI,Success
8213,8213,Cash,Success
8214,8214,Cash,Success
8215,8215,Cash,Success
8216,8216,Card,Success
8217,8217,Card,Success
8218,8218,Card,Success
8219,8219,Cash,Success
8220,8220,Card,Success
8221,8221,Cash,Success
8222,8222,Wallet,Success
8223,8223,Wallet,Success
8224,8224,Card,Success
8225,8225,Wallet,Success
8226,8226,Cash,Success
8227,8227,Card,Success
8228,8228,Card,Failed
8229,8229,Cash,Success
8230,8230,UPI,Success
8231,8231,Cash,Success
8232,8232,Cash,Success
8233,8233,Wallet,Success
8234,8234,Wallet,Success
8235,8235,Card,Success
8236,8236,Card,Success
8237,8237,UPI,Success
8238,8238,Cash,Success
8239,8239,Wallet,Success
8240,8240,Cash,Success
8241,8241,Card,Success
8242,8242,Card,Success
8243,8243,Wallet,Success
8244,8244,UPI,Success
8245,8245,UPI,Success
8246,8246,UPI,Success
8247,8247,Wallet,Success
8248,8248,Cash,Success
8249,8249,Wallet,Success
8250,8250,UPI,Success
8251,8251,Wallet,Success
8252,8252,Cash,Success
8253,8253,UPI,Success
8254,8254,UPI,Success
8255,8255,Wallet,Success
8256,8256,Card,Success
8257,8257,Card,Success
8258,8258,Cash,Failed
8259,8259,Cash,Success
8260,8260,Wallet,Success
8261,8261,UPI,Success
8262,8262,Cash,Success
8263,8263,Wallet,Success
8264,8264,Wallet,Success
8265,8265,UPI,Success
8266,8266,UPI,Success
8267,8267,Wallet,Success
8268,8268,UPI,Success
8269,8269,Card,Success
8270,8270,Card,Success
8271,8271,Wallet,Success
8272,8272,Wallet,Success
8273,8273,Card,Success
8274,8274,Card,Success
8275,8275,UPI,Success
8276,8276,UPI,Success
8277,8277,Card,Success
8278,8278,Wallet,Success
8279,8279,UPI,Success
8280,8280,Card,Success
8281,8281,UPI,Success
8282,8282,Wallet,Success
8283,8283,Card,Success
8284,8284,Card,Success
8285,8285,UPI,Success
8286,8286,Card,Success
8287,8287,UPI,Success
8288,8288,Wallet,Failed
8289,8289,Wallet,Success
8290,8290,Card,Success
8291,8291,Card,Success
8292,8292,Card,Success
8293,8293,UPI,Success
8294,8294,Wallet,Success
8295,8295,Cash,Success
8296,8296,Card,Success
8297,8297,UPI,Success
8298,8298,Card,Success
8299,8299,UPI,Success
8300,8300,Wallet,Success
8301,8301,Card,Success
8302,8302,UPI,Success
8303,8303,Wallet,Success
8304,8304,Cash,Success
8305,8305,Card,Success
8306,8306,UPI,Success
8307,8307,Wallet,Success
8308,8308,UPI,Success
8309,8309,Cash,Success
8310,8310,Wallet,Success
8311,8311,Card,Success
8312,8312,Wallet,Success
8313,8313,Wallet,Success
8314,8314,Cash,Success
8315,8315,UPI,Success
8316,8316,Wallet,Success
8317,8317,Card,Success
8318,8318,UPI,Success
8319,8319,UPI,Success
8320,8320,Card,Success
8321,8321,Wallet,Success
8322,8322,Wallet,Success
8323,8323,UPI,Success
8324,8324,UPI,Success
8325,8325,Card,Success
8326,8326,Cash,Success
8327,8327,Cash,Failed
8328,8328,Card,Success
8329,8329,Wallet,Success
8330,8330,UPI,Success
8331,8331,Cash,Success
8332,8332,Cash,Success
8333,8333,Wallet,Success
8334,8334,Cash,Success
8335,8335,Card,Success
8336,8336,Cash,Success
8337,8337,Wallet,Success
8338,8338,Wallet,Success
8339,8339,Cash,Failed
8340,8340,UPI,Success
8341,8341,Card,Success
8342,8342,Wallet,Success
8343,8343,UPI,Success
8344,8344,Wallet,Success
8345,8345,Wallet,Success
8346,8346,UPI,Success
8347,8347,Cash,Success
8348,8348,Cash,Success
8349,8349,Cash,Success
8350,8350,Card,Success
8351,8351,Cash,Success
8352,8352,Card,Success
8353,8353,Card,Success
8354,8354,Cash,Success
8355,8355,Cash,Success
8356,8356,Cash,Success
8357,8357,UPI,Success
8358,8358,UPI,Success
8359,8359,Card,Success
8360,8360,Card,Success
8361,8361,Card,Success
8362,8362,Wallet,Success
8363,8363,UPI,Success
8364,8364,UPI,Success
8365,8365,Wallet,Success
8366,8366,Card,Success
8367,8367,Wallet,Success
8368,8368,Wallet,Success
8369,8369,Card,Success
8370,8370,UPI,Success
8371,8371,Cash,Success
8372,8372,Card,Success
8373,8373,Card,Success
8374,8374,Card,Success
8375,8375,UPI,Success
8376,8376,UPI,Success
8377,8377,UPI,Success
8378,8378,Wallet,Success
8379,8379,Card,Success
8380,8380,UPI,Success
8381,8381,Wallet,Failed
8382,8382,Wallet,Failed
8383,8383,Card,Success
8384,8384,Card,Success
8385,8385,UPI,Success
8386,8386,Card,Success
8387,8387,Card,Success
8388,8388,Wallet,Success
8389,8389,Card,Success
8390,8390,UPI,Success
8391,8391,Cash,Success
8392,8392,Wallet,Success
8393,8393,Cash,Success
8394,8394,Wallet,Success
8395,8395,Wallet,Success
8396,8396,Wallet,Success
8397,8397,Cash,Success
8398,8398,Cash,Success
8399,8399,Cash,Success
8400,8400,UPI,Success
8401,8401,Wallet,Success
8402,8402,Wallet,Success
8403,8403,Wallet,Success
8404,8404,UPI,Success
8405,8405,UPI,Success
8406,8406,Card,Success
8407,8407,UPI,Success
8408,8408,Wallet,Success
8409,8409,Wallet,Success
8410,8410,Cash,Success
8411,8411,Wallet,Success
8412,8412,UPI,Success
8413,8413,Wallet,Success
8414,8414,Cash,Success
8415,8415,Wallet,Success
8416,8416,UPI,Success
8417,8417,Wallet,Success
8418,8418,Wallet,Success
8419,8419,Cash,Success
8420,8420,Card,Success
8421,8421,UPI,Success
8422,8422,UPI,Success
8423,8423,Card,Success
8424,8424,Wallet,Success
8425,8425,Card,Success
8426,8426,Cash,Success
8427,8427,Wallet,Success
8428,8428,UPI,Success
8429,8429,Card,Success
8430,8430,Cash,Success
8431,8431,Wallet,Success
8432,8432,Cash,Success
8433,8433,Wallet,Success
8434,8434,Card,Success
8435,8435,Card,Success
8436,8436,UPI,Success
8437,8437,Cash,Success
8438,8438,Cash,Success
8439,8439,Cash,Success
8440,8440,UPI,Success
8441,8441,UPI,Success
8442,8442,Card,Success
8443,8443,Wallet,Success
8444,8444,Cash,Success
8445,8445,UPI,Success
8446,8446,Wallet,Success
8447,8447,UPI,Success
8448,8448,UPI,Success
8449,8449,Cash,Success
8450,8450,UPI,Success
8451,8451,UPI,Success
8452,8452,Cash,Success
8453,8453,Cash,Success
8454,8454,Wallet,Success
8455,8455,Cash,Success
8456,8456,UPI,Success
8457,8457,Wallet,Success
8458,8458,Wallet,Success
8459,8459,Wallet,Success
8460,8460,Card,Success
8461,8461,Card,Success
8462,8462,Card,Success
8463,8463,Cash,Success
8464,8464,Cash,Success
8465,8465,Wallet,Success
8466,8466,Wallet,Success
8467,8467,UPI,Success
8468,8468,UPI,Success
8469,8469,UPI,Success
8470,8470,Cash,Success
8471,8471,Wallet,Success
8472,8472,Wallet,Success
8473,8473,Wallet,Success
8474,8474,Card,Success
8475,8475,Cash,Success
8476,8476,UPI,Success
8477,8477,Card,Success
8478,8478,UPI,Success
8479,8479,UPI,Success
8480,8480,Wallet,Success
8481,8481,Wallet,Success
8482,8482,Card,Success
8483,8483,Card,Success
8484,8484,UPI,Success
8485,8485,Wallet,Success
8486,8486,Cash,Success
8487,8487,Wallet,Success
8488,8488,Card,Success
8489,8489,Card,Failed
8490,8490,Cash,Success
8491,8491,Card,Success
8492,8492,Card,Success
8493,8493,Cash,Success
8494,8494,UPI,Success
8495,8495,Cash,Success
8496,8496,UPI,Success
8497,8497,UPI,Success
8498,8498,UPI,Success
8499,8499,Card,Success
8500,8500,Wallet,Success
8501,8501,Wallet,Success
8502,8502,Card,Success
8503,8503,Wallet,Success
8504,8504,Card,Success
8505,8505,UPI,Success
8506,8506,Cash,Success
8507,8507,UPI,Success
8508,8508,Cash,Success
8509,8509,Card,Success
8510,8510,Card,Success
8511,8511,Card,Success
8512,8512,Cash,Success
8513,8513,UPI,Success
8514,8514,UPI,Success
8515,8515,Card,Success
8516,8516,Card,Success
8517,8517,Cash,Success
8518,8518,Wallet,Success
8519,8519,Wallet,Success
8520,8520,Card,Success
8521,8521,Cash,Success
8522,8522,Wallet,Success
8523,8523,Wallet,Success
8524,8524,Cash,Success
8525,8525,Card,Success
8526,8526,Wallet,Success
8527,8527,UPI,Success
8528,8528,Card,Success
8529,8529,Card,Success
8530,8530,Card,Success
8531,8531,UPI,Success
8532,8532,Wallet,Success
8533,8533,Card,Success
8534,8534,Cash,Success
8535,8535,Card,Success
8536,8536,Wallet,Success
8537,8537,Wallet,Success
8538,8538,Wallet,Success
8539,8539,Wallet,Success
8540,8540,UPI,Success
8541,8541,Cash,Success
8542,8542,Card,Success
8543,8543,Card,Success
8544,8544,Wallet,Success
8545,8545,Card,Success
8546,8546,Card,Success
8547,8547,Wallet,Success
8548,8548,Cash,Success
8549,8549,Wallet,Success
8550,8550,UPI,Success
8551,8551,Wallet,Success
8552,8552,Card,Success
8553,8553,Wallet,Failed
8554,8554,Card,Success
8555,8555,Card,Success
8556,8556,Cash,Success
8557,8557,UPI,Success
8558,8558,Cash,Success
8559,8559,Card,Success
8560,8560,Wallet,Success
8561,8561,Cash,Success
8562,8562,UPI,Success
8563,8563,Card,Success
8564,8564,Card,Success
8565,8565,UPI,Success
8566,8566,Cash,Success
8567,8567,Cash,Success
8568,8568,Card,Success
8569,8569,Cash,Success
8570,8570,Card,Success
8571,8571,Cash,Success
8572,8572,Cash,Success
8573,8573,Card,Success
8574,8574,UPI,Success
8575,8575,UPI,Success
8576,8576,Card,Success
8577,8577,Wallet,Success
8578,8578,Cash,Success
8579,8579,UPI,Success
8580,8580,Wallet,Success
8581,8581,Card,Success
8582,8582,UPI,Success
8583,8583,UPI,Success
8584,8584,Cash,Success
8585,8585,Cash,Success
8586,8586,Wallet,Failed
8587,8587,Wallet,Success
8588,8588,Wallet,Failed
8589,8589,Card,Success
8590,8590,Card,Success
8591,8591,Wallet,Success
8592,8592,UPI,Success
8593,8593,UPI,Success
8594,8594,Cash,Success
8595,8595,Card,Success
8596,8596,Wallet,Success
8597,8597,UPI,Success
8598,8598,Card,Success
8599,8599,Wallet,Success
8600,8600,UPI,Success
8601,8601,UPI,Success
8602,8602,Wallet,Success
8603,8603,Wallet,Failed
8604,8604,Card,Success
8605,8605,Cash,Success
8606,8606,UPI,Success
8607,8607,Wallet,Success
8608,8608,Cash,Success
8609,8609,UPI,Success
8610,8610,Cash,Success
8611,8611,UPI,Success
8612,8612,Card,Success
8613,8613,Cash,Success
8614,8614,Card,Success
8615,8615,Wallet,Success
8616,8616,Cash,Success
8617,8617,Wallet,Success
8618,8618,Cash,Success
8619,8619,UPI,Success
8620,8620,UPI,Success
8621,8621,UPI,Success
8622,8622,UPI,Success
8623,8623,Wallet,Failed
8624,8624,Card,Success
8625,8625,UPI,Success
8626,8626,UPI,Success
8627,8627,UPI,Success
8628,8628,Wallet,Success
8629,8629,UPI,Success
8630,8630,Wallet,Success
8631,8631,Card,Success
8632,8632,Card,Success
8633,8633,Card,Success
8634,8634,Card,Success
8635,8635,Wallet,Success
8636,8636,Wallet,Success
8637,8637,UPI,Success
8638,8638,Card,Success
8639,8639,UPI,Success
8640,8640,Cash,Success
8641,8641,Cash,Success
8642,8642,UPI,Success
8643,8643,Cash,Success
8644,8644,Card,Success
8645,8645,Wallet,Success
8646,8646,UPI,Failed
8647,8647,UPI,Success
8648,8648,UPI,Failed
8649,8649,Wallet,Success
8650,8650,UPI,Success
8651,8651,Card,Success
8652,8652,Card,Success
8653,8653,Card,Success
8654,8654,Wallet,Success
8655,8655,Cash,Success
8656,8656,UPI,Success
8657,8657,Cash,Success
8658,8658,Wallet,Failed
8659,8659,UPI,Success
8660,8660,Card,Success
8661,8661,Wallet,Success
8662,8662,Wallet,Success
8663,8663,Cash,Success
8664,8664,Wallet,Success
8665,8665,Card,Success
8666,8666,Wallet,Success
8667,8667,Wallet,Success
8668,8668,Cash,Success
8669,8669,UPI,Success
8670,8670,Wallet,Success
8671,8671,UPI,Success
8672,8672,Card,Success
8673,8673,UPI,Success
8674,8674,UPI,Failed
8675,8675,Cash,Success
8676,8676,Cash,Success
8677,8677,UPI,Success
8678,8678,Card,Success
8679,8679,Wallet,Success
8680,8680,UPI,Success
8681,8681,Cash,Success
8682,8682,Card,Success
8683,8683,Wallet,Success
8684,8684,UPI,Success
8685,8685,Card,Success
8686,8686,Cash,Success
8687,8687,Cash,Success
8688,8688,Wallet,Success
8689,8689,Wallet,Success
8690,8690,Wallet,Success
8691,8691,Wallet,Success
8692,8692,Cash,Success
8693,8693,Card,Success
8694,8694,UPI,Failed
8695,8695,Wallet,Success
8696,8696,UPI,Success
8697,8697,UPI,Success
8698,8698,UPI,Failed
8699,8699,Wallet,Success
8700,8700,UPI,Success
8701,8701,Wallet,Success
8702,8702,UPI,Success
8703,8703,Card,Success
8704,8704,Card,Success
8705,8705,UPI,Success
8706,8706,Cash,Success
8707,8707,Wallet,Success
8708,8708,Cash,Success
8709,8709,Wallet,Success
8710,8710,Cash,Success
8711,8711,Wallet,Success
8712,8712,Cash,Success
8713,8713,Cash,Success
8714,8714,Wallet,Success
8715,8715,Cash,Success
8716,8716,Cash,Success
8717,8717,Cash,Success
8718,8718,Wallet,Success
8719,8719,Wallet,Success
8720,8720,UPI,Success
8721,8721,UPI,Success
8722,8722,Card,Success
8723,8723,Wallet,Success
8724,8724,Cash,Success
8725,8725,UPI,Success
8726,8726,Cash,Success
8727,8727,Card,Success
8728,8728,Wallet,Failed
8729,8729,UPI,Success
8730,8730,Wallet,Success
8731,8731,Cash,Success
8732,8732,Cash,Success
8733,8733,Cash,Success
8734,8734,Wallet,Success
8735,8735,Wallet,Success
8736,8736,UPI,Success
8737,8737,Wallet,Success
8738,8738,UPI,Success
8739,8739,Card,Success
8740,8740,UPI,Success
8741,8741,Cash,Success
8742,8742,UPI,Success
8743,8743,Wallet,Success
8744,8744,Card,Success
8745,8745,Cash,Success
8746,8746,Wallet,Success
8747,8747,Cash,Success
8748,8748,Cash,Success
8749,8749,Card,Success
8750,8750,Wallet,Success
8751,8751,Wallet,Success
8752,8752,Card,Success
8753,8753,Card,Success
8754,8754,Card,Success
8755,8755,Card,Success
8756,8756,Card,Success
8757,8757,Cash,Success
8758,8758,Card,Success
8759,8759,Card,Success
8760,8760,Card,Success
8761,8761,Wallet,Success
8762,8762,Card,Success
8763,8763,Wallet,Success
8764,8764,Wallet,Success
8765,8765,UPI,Success
8766,8766,Card,Success
8767,8767,UPI,Success
8768,8768,Wallet,Success
8769,8769,Card,Success
8770,8770,Cash,Success
8771,8771,Cash,Success
8772,8772,Wallet,Success
8773,8773,Cash,Success
8774,8774,Cash,Success
8775,8775,Cash,Success
8776,8776,Wallet,Success
8777,8777,Wallet,Success
8778,8778,Cash,Success
8779,8779,Card,Success
8780,8780,Wallet,Success
8781,8781,Cash,Success
8782,8782,Card,Success
8783,8783,Wallet,Success
8784,8784,UPI,Failed
8785,8785,Wallet,Success
8786,8786,Card,Success
8787,8787,Card,Success
8788,8788,UPI,Success
8789,8789,Cash,Failed
8790,8790,Card,Success
8791,8791,Wallet,Success
8792,8792,Cash,Success
8793,8793,UPI,Success
8794,8794,Card,Success
8795,8795,Cash,Success
8796,8796,Wallet,Success
8797,8797,Card,Success
8798,8798,Card,Success
8799,8799,Cash,Success
8800,8800,Cash,Success
8801,8801,Card,Success
8802,8802,Wallet,Success
8803,8803,Card,Success
8804,8804,Card,Success
8805,8805,Wallet,Success
8806,8806,Cash,Success
8807,8807,Card,Success
8808,8808,Cash,Success
8809,8809,Card,Success
8810,8810,Card,Success
8811,8811,Cash,Success
8812,8812,UPI,Success
8813,8813,Cash,Success
8814,8814,Card,Success
8815,8815,Cash,Success
8816,8816,Cash,Success
8817,8817,UPI,Success
8818,8818,UPI,Success
8819,8819,Cash,Success
8820,8820,Wallet,Success
8821,8821,Wallet,Success
8822,8822,Wallet,Success
8823,8823,Cash,Success
8824,8824,Card,Success
8825,8825,Cash,Success
8826,8826,UPI,Success
8827,8827,Card,Success
8828,8828,UPI,Success
8829,8829,Cash,Success
8830,8830,Card,Success
8831,8831,UPI,Success
8832,8832,UPI,Success
8833,8833,Wallet,Success
8834,8834,Wallet,Success
8835,8835,Cash,Success
8836,8836,Cash,Success
8837,8837,UPI,Success
8838,8838,Cash,Success
8839,8839,Card,Success
8840,8840,Card,Success
8841,8841,Wallet,Success
8842,8842,Card,Success
8843,8843,UPI,Success
8844,8844,Card,Success
8845,8845,Card,Success
8846,8846,Wallet,Success
8847,8847,Wallet,Success
8848,8848,UPI,Success
8849,8849,UPI,Success
8850,8850,Card,Success
8851,8851,Wallet,Success
8852,8852,Wallet,Success
8853,8853,UPI,Success
8854,8854,Cash,Success
8855,8855,Cash,Success
8856,8856,Card,Success
8857,8857,UPI,Success
8858,8858,Wallet,Success
8859,8859,UPI,Success
8860,8860,UPI,Success
8861,8861,Cash,Success
8862,8862,UPI,Success
8863,8863,Cash,Success
8864,8864,Card,Success
8865,8865,UPI,Success
8866,8866,UPI,Success
8867,8867,Cash,Success
8868,8868,Cash,Success
8869,8869,Wallet,Success
8870,8870,Card,Success
8871,8871,UPI,Success
8872,8872,Wallet,Success
8873,8873,UPI,Success
8874,8874,Cash,Success
8875,8875,Cash,Success
8876,8876,Cash,Success
8877,8877,Cash,Success
8878,8878,Wallet,Success
8879,8879,UPI,Success
8880,8880,Cash,Success
8881,8881,Card,Success
8882,8882,Cash,Success
8883,8883,UPI,Success
8884,8884,Card,Success
8885,8885,Cash,Success
8886,8886,Cash,Success
8887,8887,Cash,Success
8888,8888,Cash,Success
8889,8889,UPI,Success
8890,8890,Cash,Success
8891,8891,Cash,Success
8892,8892,Wallet,Success
8893,8893,Cash,Success
8894,8894,Cash,Success
8895,8895,UPI,Success
8896,8896,Cash,Success
8897,8897,Card,Success
8898,8898,Card,Success
8899,8899,Card,Success
8900,8900,Card,Success
8901,8901,Wallet,Success
8902,8902,UPI,Success
8903,8903,Card,Success
8904,8904,Card,Success
8905,8905,UPI,Success
8906,8906,Card,Success
8907,8907,UPI,Success
8908,8908,Cash,Success
8909,8909,Card,Success
8910,8910,UPI,Success
8911,8911,UPI,Success
8912,8912,Card,Success
8913,8913,Card,Success
8914,8914,UPI,Success
8915,8915,Card,Success
8916,8916,Card,Success
8917,8917,Cash,Success
8918,8918,Wallet,Success
8919,8919,UPI,Success
8920,8920,Cash,Success
8921,8921,UPI,Success
8922,8922,Card,Success
8923,8923,Card,Success
8924,8924,Wallet,Success
8925,8925,Wallet,Success
8926,8926,UPI,Success
8927,8927,Cash,Success
8928,8928,Cash,Success
8929,8929,UPI,Success
8930,8930,Wallet,Success
8931,8931,UPI,Success
8932,8932,Wallet,Success
8933,8933,Cash,Success
8934,8934,Cash,Success
8935,8935,Wallet,Success
8936,8936,Card,Success
8937,8937,Wallet,Success
8938,8938,UPI,Success
8939,8939,UPI,Success
8940,8940,Card,Success
8941,8941,Card,Success
8942,8942,Card,Success
8943,8943,UPI,Success
8944,8944,Card,Success
8945,8945,Card,Failed
8946,8946,UPI,Success
8947,8947,UPI,Success
8948,8948,Wallet,Success
8949,8949,Cash,Success
8950,8950,UPI,Success
8951,8951,Wallet,Success
8952,8952,Wallet,Success
8953,8953,Card,Success
8954,8954,Card,Success
8955,8955,UPI,Failed
8956,8956,UPI,Success
8957,8957,Card,Success
8958,8958,Card,Success
8959,8959,Wallet,Success
8960,8960,Wallet,Success
8961,8961,Card,Success
8962,8962,UPI,Success
8963,8963,Wallet,Success
8964,8964,Cash,Success
8965,8965,Cash,Success
8966,8966,Card,Success
8967,8967,Wallet,Success
8968,8968,Wallet,Success
8969,8969,Wallet,Success
8970,8970,UPI,Success
8971,8971,Cash,Success
8972,8972,Cash,Success
8973,8973,Cash,Success
8974,8974,Wallet,Success
8975,8975,Cash,Success
8976,8976,Cash,Success
8977,8977,Wallet,Success
8978,8978,UPI,Success
8979,8979,Card,Success
8980,8980,UPI,Success
8981,8981,Wallet,Success
8982,8982,UPI,Success
8983,8983,Cash,Success
8984,8984,Cash,Success
8985,8985,UPI,Success
8986,8986,Cash,Success
8987,8987,Wallet,Failed
8988,8988,Cash,Success
8989,8989,Cash,Success
8990,8990,UPI,Success
8991,8991,Card,Success
8992,8992,UPI,Success
8993,8993,Cash,Success
8994,8994,Card,Success
8995,8995,Cash,Success
8996,8996,Cash,Success
8997,8997,Wallet,Success
8998,8998,Card,Success
8999,8999,Wallet,Success
9000,9000,Card,Success
9001,9001,Card,Success
9002,9002,Card,Success
9003,9003,Wallet,Success
9004,9004,Wallet,Success
9005,9005,Wallet,Success
9006,9006,Wallet,Success
9007,9007,Cash,Success
9008,9008,Cash,Success
9009,9009,UPI,Success
9010,9010,UPI,Success
9011,9011,UPI,Success
9012,9012,Card,Success
9013,9013,Wallet,Success
9014,9014,Wallet,Failed
9015,9015,UPI,Success
9016,9016,Cash,Success
9017,9017,UPI,Success
9018,9018,Wallet,Success
9019,9019,Cash,Success
9020,9020,Wallet,Success
9021,9021,Wallet,Success
9022,9022,Wallet,Success
9023,9023,UPI,Success
9024,9024,Cash,Success
9025,9025,Card,Success
9026,9026,Cash,Success
9027,9027,Wallet,Success
9028,9028,UPI,Success
9029,9029,UPI,Failed
9030,9030,Cash,Success
9031,9031,UPI,Success
9032,9032,UPI,Success
9033,9033,Wallet,Success
9034,9034,Cash,Success
9035,9035,Wallet,Success
9036,9036,Cash,Success
9037,9037,Cash,Success
9038,9038,Wallet,Success
9039,9039,Wallet,Success
9040,9040,Card,Success
9041,9041,Wallet,Success
9042,9042,Card,Success
9043,9043,Card,Success
9044,9044,Card,Success
9045,9045,Cash,Success
9046,9046,UPI,Failed
9047,9047,Card,Success
9048,9048,Card,Success
9049,9049,Wallet,Success
9050,9050,Card,Failed
9051,9051,Cash,Success
9052,9052,Card,Success
9053,9053,Cash,Success
9054,9054,Card,Success
9055,9055,Cash,Success
9056,9056,UPI,Success
9057,9057,Wallet,Success
9058,9058,UPI,Success
9059,9059,Wallet,Failed
9060,9060,Wallet,Success
9061,9061,Wallet,Success
9062,9062,UPI,Success
9063,9063,Card,Success
9064,9064,Wallet,Success
9065,9065,Cash,Success
9066,9066,Wallet,Success
9067,9067,Cash,Success
9068,9068,Cash,Success
9069,9069,Cash,Success
9070,9070,Cash,Success
9071,9071,Wallet,Success
9072,9072,Cash,Success
9073,9073,Wallet,Success
9074,9074,UPI,Success
9075,9075,UPI,Success
9076,9076,Cash,Success
9077,9077,Card,Success
9078,9078,UPI,Success
9079,9079,Cash,Success
9080,9080,Card,Failed
9081,9081,Card,Success
9082,9082,Card,Success
9083,9083,UPI,Success
9084,9084,Wallet,Success
9085,9085,Cash,Success
9086,9086,UPI,Failed
9087,9087,Wallet,Success
9088,9088,UPI,Success
9089,9089,UPI,Success
9090,9090,Wallet,Success
9091,9091,Card,Success
9092,9092,UPI,Failed
9093,9093,UPI,Success
9094,9094,Cash,Success
9095,9095,Cash,Success
9096,9096,UPI,Success
9097,9097,UPI,Success
9098,9098,Cash,Success
9099,9099,Cash,Success
9100,9100,UPI,Success
9101,9101,UPI,Success
9102,9102,Card,Success
9103,9103,Card,Success
9104,9104,Cash,Success
9105,9105,UPI,Success
9106,9106,Wallet,Success
9107,9107,Card,Success
9108,9108,Cash,Success
9109,9109,Wallet,Success
9110,9110,UPI,Success
9111,9111,UPI,Success
9112,9112,Wallet,Success
9113,9113,Wallet,Success
9114,9114,Card,Success
9115,9115,Wallet,Success
9116,9116,Wallet,Success
9117,9117,Wallet,Failed
9118,9118,Wallet,Success
9119,9119,Card,Success
9120,9120,Wallet,Success
9121,9121,Cash,Success
9122,9122,UPI,Failed
9123,9123,Cash,Success
9124,9124,Wallet,Success
9125,9125,Card,Success
9126,9126,Wallet,Success
9127,9127,UPI,Success
9128,9128,Cash,Success
9129,9129,UPI,Success
9130,9130,Wallet,Success
9131,9131,Cash,Success
9132,9132,UPI,Success
9133,9133,Wallet,Success
9134,9134,Wallet,Success
9135,9135,Wallet,Success
9136,9136,Card,Success
9137,9137,Cash,Success
9138,9138,UPI,Success
9139,9139,UPI,Success
9140,9140,Cash,Success
9141,9141,Wallet,Success
9142,9142,Card,Success
9143,9143,Cash,Success
9144,9144,Card,Success
9145,9145,UPI,Failed
9146,9146,UPI,Success
9147,9147,UPI,Success
9148,9148,Wallet,Success
9149,9149,Wallet,Success
9150,9150,UPI,Success
9151,9151,UPI,Success
9152,9152,Wallet,Success
9153,9153,Card,Success
9154,9154,Wallet,Success
9155,9155,UPI,Success
9156,9156,Cash,Success
9157,9157,UPI,Success
9158,9158,Wallet,Success
9159,9159,UPI,Success
9160,9160,Card,Success
9161,9161,Wallet,Success
9162,9162,UPI,Success
9163,9163,UPI,Success
9164,9164,Card,Success
9165,9165,Wallet,Success
9166,9166,Cash,Success
9167,9167,Wallet,Success
9168,9168,Wallet,Success
9169,9169,UPI,Success
9170,9170,Card,Success
9171,9171,UPI,Success
9172,9172,UPI,Success
9173,9173,Card,Success
9174,9174,Wallet,Success
9175,9175,Wallet,Success
9176,9176,Card,Success
9177,9177,Card,Failed
9178,9178,Card,Success
9179,9179,UPI,Success
9180,9180,Cash,Success
9181,9181,Cash,Success
9182,9182,Cash,Success
9183,9183,Card,Success
9184,9184,Cash,Success
9185,9185,Card,Failed
9186,9186,Card,Success
9187,9187,Card,Success
9188,9188,Cash,Success
9189,9189,Wallet,Success
9190,9190,Cash,Success
9191,9191,UPI,Success
9192,9192,Wallet,Success
9193,9193,Wallet,Success
9194,9194,Card,Success
9195,9195,Cash,Success
9196,9196,UPI,Success
9197,9197,Cash,Success
9198,9198,Wallet,Success
9199,9199,Wallet,Success
9200,9200,Card,Success
9201,9201,Cash,Success
9202,9202,Wallet,Success
9203,9203,Wallet,Success
9204,9204,Wallet,Success
9205,9205,Cash,Success
9206,9206,Card,Success
9207,9207,UPI,Success
9208,9208,Wallet,Success
9209,9209,Wallet,Success
9210,9210,Wallet,Success
9211,9211,Cash,Success
9212,9212,Cash,Success
9213,9213,Cash,Success
9214,9214,Cash,Failed
9215,9215,Wallet,Success
9216,9216,UPI,Success
9217,9217,Wallet,Success
9218,9218,Card,Success
9219,9219,Wallet,Success
9220,9220,Card,Success
9221,9221,Cash,Success
9222,9222,Cash,Success
9223,9223,Cash,Success
9224,9224,Wallet,Success
9225,9225,UPI,Success
9226,9226,Wallet,Success
9227,9227,Cash,Success
9228,9228,Card,Success
9229,9229,Cash,Success
9230,9230,Wallet,Success
9231,9231,Card,Success
9232,9232,Card,Success
9233,9233,UPI,Success
9234,9234,Cash,Success
9235,9235,Wallet,Success
9236,9236,UPI,Success
9237,9237,Card,Success
9238,9238,Wallet,Success
9239,9239,UPI,Success
9240,9240,Cash,Success
9241,9241,Card,Success
9242,9242,UPI,Success
9243,9243,Cash,Success
9244,9244,Card,Success
9245,9245,UPI,Success
9246,9246,Wallet,Success
9247,9247,Cash,Success
9248,9248,Card,Success
9249,9249,Cash,Success
9250,9250,Cash,Success
9251,9251,UPI,Success
9252,9252,Wallet,Failed
9253,9253,Wallet,Success
9254,9254,Cash,Success
9255,9255,Cash,Success
9256,9256,Card,Success
9257,9257,Card,Failed
9258,9258,Card,Success
9259,9259,Card,Success
9260,9260,Card,Success
9261,9261,Wallet,Success
9262,9262,Cash,Success
9263,9263,Cash,Success
9264,9264,UPI,Success
9265,9265,Wallet,Failed
9266,9266,Wallet,Success
9267,9267,Wallet,Success
9268,9268,Cash,Success
9269,9269,Card,Success
9270,9270,Cash,Success
9271,9271,Card,Success
9272,9272,UPI,Success
9273,9273,Wallet,Success
9274,9274,UPI,Success
9275,9275,Card,Success
9276,9276,Cash,Failed
9277,9277,Cash,Success
9278,9278,Cash,Success
9279,9279,Wallet,Success
9280,9280,Cash,Success
9281,9281,Cash,Success
9282,9282,Wallet,Success
9283,9283,Card,Success
9284,9284,Card,Success
9285,9285,Wallet,Success
9286,9286,Cash,Success
9287,9287,Wallet,Success
9288,9288,Cash,Success
9289,9289,Wallet,Success
9290,9290,Cash,Success
9291,9291,Wallet,Success
9292,9292,UPI,Success
9293,9293,Cash,Success
9294,9294,Cash,Success
9295,9295,Wallet,Success
9296,9296,Card,Success
9297,9297,Wallet,Success
9298,9298,Wallet,Success
9299,9299,Card,Success
9300,9300,Cash,Success
9301,9301,Card,Success
9302,9302,UPI,Success
9303,9303,Card,Success
9304,9304,Wallet,Success
9305,9305,Cash,Success
9306,9306,Card,Success
9307,9307,UPI,Success
9308,9308,Cash,Success
9309,9309,UPI,Success
9310,9310,Card,Success
9311,9311,UPI,Success
9312,9312,Wallet,Success
9313,9313,Cash,Success
9314,9314,Wallet,Success
9315,9315,UPI,Success
9316,9316,Cash,Success
9317,9317,Cash,Success
9318,9318,Wallet,Success
9319,9319,UPI,Success
9320,9320,Cash,Success
9321,9321,Cash,Success
9322,9322,Cash,Success
9323,9323,UPI,Success
9324,9324,UPI,Failed
9325,9325,UPI,Success
9326,9326,UPI,Success
9327,9327,Card,Success
9328,9328,Card,Success
9329,9329,UPI,Success
9330,9330,UPI,Success
9331,9331,Cash,Success
9332,9332,Cash,Success
9333,9333,Card,Success
9334,9334,Wallet,Success
9335,9335,UPI,Success
9336,9336,Wallet,Success
9337,9337,UPI,Success
9338,9338,Cash,Success
9339,9339,UPI,Success
9340,9340,Wallet,Success
9341,9341,Cash,Success
9342,9342,Wallet,Success
9343,9343,UPI,Success
9344,9344,Wallet,Success
9345,9345,Card,Success
9346,9346,Card,Success
9347,9347,Card,Success
9348,9348,Cash,Success
9349,9349,Cash,Success
9350,9350,Cash,Success
9351,9351,Card,Success
9352,9352,Card,Success
9353,9353,Cash,Success
9354,9354,Wallet,Success
9355,9355,Cash,Success
9356,9356,Card,Success
9357,9357,Card,Success
9358,9358,Cash,Success
9359,9359,Wallet,Success
9360,9360,Cash,Success
9361,9361,UPI,Success
9362,9362,Cash,Success
9363,9363,Card,Failed
9364,9364,Card,Success
9365,9365,Wallet,Success
9366,9366,UPI,Success
9367,9367,Cash,Success
9368,9368,Cash,Success
9369,9369,Cash,Success
9370,9370,Cash,Success
9371,9371,Wallet,Success
9372,9372,Cash,Success
9373,9373,Card,Failed
9374,9374,Cash,Success
9375,9375,Card,Success
9376,9376,Wallet,Success
9377,9377,Cash,Success
9378,9378,Cash,Success
9379,9379,Card,Failed
9380,9380,Cash,Success
9381,9381,Wallet,Success
9382,9382,Card,Success
9383,9383,Cash,Success
9384,9384,Wallet,Success
9385,9385,Cash,Success
9386,9386,Cash,Success
9387,9387,Cash,Success
9388,9388,Wallet,Success
9389,9389,Wallet,Success
9390,9390,Card,Success
9391,9391,Cash,Success
9392,9392,Cash,Success
9393,9393,Cash,Failed
9394,9394,Cash,Success
9395,9395,UPI,Success
9396,9396,Cash,Success
9397,9397,Wallet,Success
9398,9398,UPI,Success
9399,9399,Card,Success
9400,9400,Wallet,Success
9401,9401,Cash,Success
9402,9402,Cash,Success
9403,9403,Cash,Success
9404,9404,Cash,Success
9405,9405,Card,Success
9406,9406,Cash,Success
9407,9407,Cash,Failed
9408,9408,Cash,Success
9409,9409,Wallet,Success
9410,9410,Wallet,Success
9411,9411,Card,Success
9412,9412,UPI,Success
9413,9413,UPI,Success
9414,9414,Card,Success
9415,9415,Card,Success
9416,9416,Cash,Success
9417,9417,UPI,Success
9418,9418,UPI,Success
9419,9419,Cash,Success
9420,9420,UPI,Success
9421,9421,Cash,Success
9422,9422,Cash,Success
9423,9423,Wallet,Success
9424,9424,Cash,Success
9425,9425,UPI,Success
9426,9426,Card,Success
9427,9427,Cash,Success
9428,9428,UPI,Success
9429,9429,Card,Success
9430,9430,Wallet,Success
9431,9431,Card,Success
9432,9432,Cash,Success
9433,9433,Cash,Success
9434,9434,UPI,Failed
9435,9435,UPI,Success
9436,9436,Wallet,Success
9437,9437,Wallet,Success
9438,9438,Cash,Success
9439,9439,Wallet,Success
9440,9440,Cash,Success
9441,9441,UPI,Success
9442,9442,UPI,Success
9443,9443,Cash,Success
9444,9444,Cash,Success
9445,9445,UPI,Success
9446,9446,Card,Success
9447,9447,Card,Success
9448,9448,Wallet,Success
9449,9449,Card,Success
9450,9450,Wallet,Success
9451,9451,Card,Success
9452,9452,UPI,Success
9453,9453,UPI,Success
9454,9454,Wallet,Success
9455,9455,Card,Success
9456,9456,Card,Success
9457,9457,Wallet,Success
9458,9458,UPI,Success
9459,9459,UPI,Success
9460,9460,Wallet,Success
9461,9461,Wallet,Failed
9462,9462,Wallet,Success
9463,9463,UPI,Success
9464,9464,Wallet,Success
9465,9465,UPI,Success
9466,9466,Card,Success
9467,9467,Card,Success
9468,9468,Cash,Success
9469,9469,UPI,Success
9470,9470,Wallet,Success
9471,9471,UPI,Success
9472,9472,Cash,Success
9473,9473,Wallet,Success
9474,9474,Card,Success
9475,9475,Wallet,Success
9476,9476,UPI,Success
9477,9477,UPI,Success
9478,9478,Wallet,Success
9479,9479,Card,Success
9480,9480,Card,Success
9481,9481,Cash,Success
9482,9482,UPI,Success
9483,9483,Cash,Success
9484,9484,Cash,Success
9485,9485,Wallet,Success
9486,9486,Card,Success
9487,9487,Cash,Success
9488,9488,UPI,Success
9489,9489,Wallet,Success
9490,9490,Card,Success
9491,9491,Cash,Success
9492,9492,Cash,Success
9493,9493,Cash,Success
9494,9494,UPI,Success
9495,9495,Cash,Success
9496,9496,Wallet,Success
9497,9497,Wallet,Success
9498,9498,Wallet,Success
9499,9499,Wallet,Success
9500,9500,Wallet,Success
9501,9501,Wallet,Success
9502,9502,Wallet,Success
9503,9503,Wallet,Success
9504,9504,Wallet,Success
9505,9505,Cash,Success
9506,9506,Cash,Success
9507,9507,Wallet,Success
9508,9508,UPI,Success
9509,9509,UPI,Success
9510,9510,Wallet,Success
9511,9511,Wallet,Success
9512,9512,Card,Success
9513,9513,Wallet,Success
9514,9514,Card,Success
9515,9515,UPI,Success
9516,9516,Wallet,Success
9517,9517,Cash,Success
9518,9518,Cash,Success
9519,9519,UPI,Success
9520,9520,Cash,Success
9521,9521,Card,Success
9522,9522,Wallet,Success
9523,9523,Cash,Success
9524,9524,Wallet,Success
9525,9525,Card,Success
9526,9526,Wallet,Success
9527,9527,Cash,Success
9528,9528,UPI,Success
9529,9529,Card,Success
9530,9530,UPI,Success
9531,9531,Card,Success
9532,9532,Cash,Success
9533,9533,Cash,Success
9534,9534,Cash,Success
9535,9535,Wallet,Success
9536,9536,UPI,Success
9537,9537,Cash,Success
9538,9538,Cash,Success
9539,9539,Wallet,Success
9540,9540,Card,Success
9541,9541,Wallet,Success
9542,9542,UPI,Failed
9543,9543,Cash,Success
9544,9544,Cash,Success
9545,9545,Card,Success
9546,9546,UPI,Success
9547,9547,Card,Success
9548,9548,UPI,Success
9549,9549,Cash,Success
9550,9550,Card,Success
9551,9551,UPI,Success
9552,9552,Wallet,Success
9553,9553,Cash,Success
9554,9554,UPI,Success
9555,9555,Wallet,Success
9556,9556,Wallet,Success
9557,9557,Wallet,Success
9558,9558,UPI,Success
9559,9559,Cash,Success
9560,9560,Cash,Success
9561,9561,Wallet,Success
9562,9562,Cash,Failed
9563,9563,Cash,Success
9564,9564,Cash,Success
9565,9565,UPI,Success
9566,9566,Cash,Failed
9567,9567,Wallet,Success
9568,9568,Wallet,Success
9569,9569,Card,Success
9570,9570,Cash,Success
9571,9571,Cash,Success
9572,9572,Cash,Success
9573,9573,UPI,Success
9574,9574,Wallet,Success
9575,9575,UPI,Success
9576,9576,Wallet,Success
9577,9577,Wallet,Success
9578,9578,Wallet,Success
9579,9579,Cash,Success
9580,9580,Cash,Success
9581,9581,Card,Success
9582,9582,Wallet,Success
9583,9583,Card,Success
9584,9584,Cash,Success
9585,9585,Wallet,Success
9586,9586,Card,Success
9587,9587,Wallet,Success
9588,9588,Cash,Success
9589,9589,UPI,Success
9590,9590,Wallet,Success
9591,9591,UPI,Success
9592,9592,Cash,Success
9593,9593,Wallet,Success
9594,9594,Cash,Success
9595,9595,Cash,Success
9596,9596,Card,Success
9597,9597,Card,Success
9598,9598,Wallet,Success
9599,9599,Wallet,Success
9600,9600,UPI,Success
9601,9601,Cash,Success
9602,9602,Wallet,Success
9603,9603,UPI,Success
9604,9604,UPI,Success
9605,9605,UPI,Success
9606,9606,Cash,Success
9607,9607,Card,Success
9608,9608,UPI,Success
9609,9609,UPI,Success
9610,9610,Wallet,Success
9611,9611,Wallet,Success
9612,9612,UPI,Success
9613,9613,Cash,Success
9614,9614,Card,Success
9615,9615,Wallet,Success
9616,9616,Card,Success
9617,9617,Card,Success
9618,9618,Wallet,Success
9619,9619,Wallet,Success
9620,9620,Wallet,Success
9621,9621,UPI,Success
9622,9622,Cash,Success
9623,9623,Cash,Success
9624,9624,Wallet,Success
9625,9625,Card,Success
9626,9626,Cash,Success
9627,9627,Cash,Success
9628,9628,Wallet,Success
9629,9629,Wallet,Success
9630,9630,Wallet,Success
9631,9631,Card,Success
9632,9632,Card,Success
9633,9633,UPI,Success
9634,9634,UPI,Success
9635,9635,Cash,Success
9636,9636,Card,Success
9637,9637,Wallet,Success
9638,9638,Wallet,Success
9639,9639,Cash,Success
9640,9640,Cash,Success
9641,9641,Wallet,Success
9642,9642,UPI,Success
9643,9643,Card,Success
9644,9644,Cash,Success
9645,9645,Card,Success
9646,9646,Cash,Success
9647,9647,Cash,Success
9648,9648,Wallet,Success
9649,9649,Wallet,Success
9650,9650,UPI,Success
9651,9651,Wallet,Success
9652,9652,Wallet,Success
9653,9653,Cash,Success
9654,9654,Cash,Success
9655,9655,UPI,Success
9656,9656,Card,Success
9657,9657,Cash,Success
9658,9658,Card,Success
9659,9659,UPI,Failed
9660,9660,UPI,Success
9661,9661,Card,Success
9662,9662,Cash,Success
9663,9663,Card,Success
9664,9664,Cash,Success
9665,9665,UPI,Success
9666,9666,Cash,Success
9667,9667,Wallet,Success
9668,9668,Card,Success
9669,9669,UPI,Success
9670,9670,UPI,Success
9671,9671,Card,Success
9672,9672,Cash,Success
9673,9673,Cash,Success
9674,9674,Card,Success
9675,9675,UPI,Success
9676,9676,Card,Success
9677,9677,UPI,Success
9678,9678,Wallet,Success
9679,9679,Card,Success
9680,9680,UPI,Failed
9681,9681,Cash,Success
9682,9682,Wallet,Success
9683,9683,Cash,Success
9684,9684,Cash,Success
9685,9685,Wallet,Success
9686,9686,Card,Success
9687,9687,Wallet,Success
9688,9688,UPI,Success
9689,9689,UPI,Success
9690,9690,Cash,Success
9691,9691,Card,Success
9692,9692,Card,Success
9693,9693,Card,Failed
9694,9694,Card,Success
9695,9695,Wallet,Success
9696,9696,UPI,Success
9697,9697,Wallet,Success
9698,9698,UPI,Success
9699,9699,Wallet,Success
9700,9700,Card,Failed
9701,9701,Cash,Success
9702,9702,Wallet,Success
9703,9703,UPI,Success
9704,9704,Cash,Success
9705,9705,Wallet,Success
9706,9706,Cash,Success
9707,9707,UPI,Success
9708,9708,Wallet,Success
9709,9709,UPI,Success
9710,9710,Card,Success
9711,9711,Card,Success
9712,9712,UPI,Success
9713,9713,UPI,Success
9714,9714,Wallet,Success
9715,9715,Cash,Success
9716,9716,Wallet,Success
9717,9717,Cash,Success
9718,9718,Card,Success
9719,9719,Wallet,Success
9720,9720,Card,Success
9721,9721,Wallet,Failed
9722,9722,UPI,Success
9723,9723,Wallet,Success
9724,9724,UPI,Success
9725,9725,Card,Success
9726,9726,Wallet,Success
9727,9727,Card,Success
9728,9728,Wallet,Failed
9729,9729,Cash,Success
9730,9730,Wallet,Success
9731,9731,Wallet,Success
9732,9732,Wallet,Success
9733,9733,Cash,Success
9734,9734,UPI,Success
9735,9735,Card,Success
9736,9736,Wallet,Failed
9737,9737,UPI,Success
9738,9738,Wallet,Success
9739,9739,Card,Success
9740,9740,UPI,Success
9741,9741,UPI,Failed
9742,9742,Wallet,Success
9743,9743,Cash,Success
9744,9744,UPI,Success
9745,9745,Wallet,Success
9746,9746,Wallet,Failed
9747,9747,Card,Success
9748,9748,Wallet,Success
9749,9749,UPI,Success
9750,9750,Cash,Success
9751,9751,Cash,Success
9752,9752,Card,Success
9753,9753,Cash,Success
9754,9754,Cash,Success
9755,9755,Card,Success
9756,9756,Card,Success
9757,9757,Wallet,Success
9758,9758,Cash,Success
9759,9759,UPI,Failed
9760,9760,UPI,Success
9761,9761,Cash,Success
9762,9762,UPI,Success
9763,9763,UPI,Success
9764,9764,Cash,Success
9765,9765,UPI,Success
9766,9766,UPI,Success
9767,9767,Wallet,Success
9768,9768,UPI,Success
9769,9769,Wallet,Failed
9770,9770,UPI,Success
9771,9771,Wallet,Success
9772,9772,Wallet,Success
9773,9773,Cash,Success
9774,9774,Cash,Success
9775,9775,Wallet,Success
9776,9776,Cash,Success
9777,9777,Wallet,Failed
9778,9778,Cash,Success
9779,9779,Cash,Success
9780,9780,Cash,Success
9781,9781,UPI,Success
9782,9782,Card,Success
9783,9783,UPI,Success
9784,9784,Cash,Success
9785,9785,Cash,Success
9786,9786,Cash,Success
9787,9787,UPI,Success
9788,9788,Wallet,Success
9789,9789,Card,Success
9790,9790,UPI,Success
9791,9791,UPI,Success
9792,9792,Cash,Success
9793,9793,UPI,Success
9794,9794,Card,Success
9795,9795,Wallet,Success
9796,9796,UPI,Success
9797,9797,Card,Success
9798,9798,Card,Success
9799,9799,Cash,Success
9800,9800,UPI,Success
9801,9801,Wallet,Success
9802,9802,UPI,Success
9803,9803,Wallet,Failed
9804,9804,Wallet,Success
9805,9805,UPI,Success
9806,9806,Cash,Failed
9807,9807,UPI,Success
9808,9808,UPI,Success
9809,9809,Cash,Success
9810,9810,UPI,Success
9811,9811,Cash,Success
9812,9812,Wallet,Success
9813,9813,Wallet,Success
9814,9814,Cash,Success
9815,9815,Card,Success
9816,9816,UPI,Success
9817,9817,UPI,Success
9818,9818,Cash,Success
9819,9819,Wallet,Success
9820,9820,Wallet,Success
9821,9821,Card,Success
9822,9822,UPI,Success
9823,9823,UPI,Success
9824,9824,UPI,Success
9825,9825,Card,Success
9826,9826,Wallet,Success
9827,9827,UPI,Success
9828,9828,Card,Success
9829,9829,Cash,Success
9830,9830,Card,Success
9831,9831,Cash,Success
9832,9832,Cash,Success
9833,9833,Card,Success
9834,9834,Card,Success
9835,9835,Card,Success
9836,9836,Wallet,Success
9837,9837,Cash,Success
9838,9838,Wallet,Success
9839,9839,Wallet,Success
9840,9840,Cash,Success
9841,9841,UPI,Success
9842,9842,UPI,Success
9843,9843,UPI,Success
9844,9844,UPI,Success
9845,9845,Card,Success
9846,9846,Wallet,Success
9847,9847,UPI,Success
9848,9848,Cash,Success
9849,9849,Cash,Success
9850,9850,Wallet,Success
9851,9851,UPI,Success
9852,9852,Card,Success
9853,9853,Card,Success
9854,9854,Card,Success
9855,9855,Cash,Success
9856,9856,Card,Success
9857,9857,Cash,Success
9858,9858,Card,Success
9859,9859,UPI,Success
9860,9860,Card,Success
9861,9861,Cash,Success
9862,9862,Card,Success
9863,9863,Card,Success
9864,9864,Card,Success
9865,9865,Wallet,Success
9866,9866,UPI,Success
9867,9867,Card,Success
9868,9868,Wallet,Success
9869,9869,UPI,Success
9870,9870,Wallet,Success
9871,9871,Card,Success
9872,9872,Card,Success
9873,9873,Cash,Success
9874,9874,Cash,Success
9875,9875,UPI,Success
9876,9876,Cash,Success
9877,9877,Cash,Success
9878,9878,Cash,Success
9879,9879,Wallet,Success
9880,9880,Wallet,Success
9881,9881,Wallet,Success
9882,9882,Card,Success
9883,9883,Wallet,Success
9884,9884,Card,Success
9885,9885,Cash,Success
9886,9886,UPI,Success
9887,9887,Card,Success
9888,9888,Card,Success
9889,9889,UPI,Success
9890,9890,Card,Success
9891,9891,UPI,Success
9892,9892,Cash,Success
9893,9893,Wallet,Success
9894,9894,Wallet,Success
9895,9895,UPI,Success
9896,9896,UPI,Success
9897,9897,UPI,Success
9898,9898,UPI,Success
9899,9899,Cash,Success
9900,9900,Wallet,Success
9901,9901,Wallet,Success
9902,9902,Wallet,Success
9903,9903,UPI,Success
9904,9904,UPI,Success
9905,9905,Wallet,Success
9906,9906,Cash,Success
9907,9907,Wallet,Success
9908,9908,Cash,Success
9909,9909,Cash,Success
9910,9910,Cash,Success
9911,9911,Cash,Success
9912,9912,Card,Success
9913,9913,Cash,Success
9914,9914,Wallet,Success
9915,9915,Cash,Success
9916,9916,Wallet,Failed
9917,9917,Wallet,Success
9918,9918,Cash,Success
9919,9919,UPI,Success
9920,9920,UPI,Success
9921,9921,Card,Success
9922,9922,Cash,Success
9923,9923,Cash,Success
9924,9924,Wallet,Success
9925,9925,UPI,Success
9926,9926,Cash,Success
9927,9927,UPI,Success
9928,9928,Wallet,Success
9929,9929,UPI,Success
9930,9930,UPI,Success
9931,9931,Card,Success
9932,9932,UPI,Success
9933,9933,Cash,Failed
9934,9934,Wallet,Success
9935,9935,UPI,Success
9936,9936,UPI,Success
9937,9937,Card,Success
9938,9938,Card,Success
9939,9939,UPI,Success
9940,9940,UPI,Success
9941,9941,Cash,Success
9942,9942,Cash,Success
9943,9943,UPI,Success
9944,9944,UPI,Success
9945,9945,Card,Success
9946,9946,Cash,Success
9947,9947,Card,Success
9948,9948,Card,Success
9949,9949,UPI,Success
9950,9950,Wallet,Success
9951,9951,UPI,Success
9952,9952,Cash,Success
9953,9953,Cash,Success
9954,9954,Card,Success
9955,9955,Card,Success
9956,9956,Card,Success
9957,9957,UPI,Success
9958,9958,UPI,Success
9959,9959,Card,Success
9960,9960,Card,Success
9961,9961,Wallet,Success
9962,9962,Cash,Success
9963,9963,Wallet,Success
9964,9964,Wallet,Success
9965,9965,Card,Success
9966,9966,Cash,Success
9967,9967,UPI,Success
9968,9968,UPI,Success
9969,9969,Card,Success
9970,9970,Card,Success
9971,9971,Cash,Success
9972,9972,Card,Success
9973,9973,Card,Success
9974,9974,Wallet,Success
9975,9975,Card,Success
9976,9976,Cash,Success
9977,9977,Card,Success
9978,9978,Card,Success
9979,9979,Wallet,Success
9980,9980,Card,Success
9981,9981,Wallet,Success
9982,9982,Wallet,Success
9983,9983,Cash,Success
9984,9984,Wallet,Success
9985,9985,Card,Success
9986,9986,Card,Success
9987,9987,Cash,Success
9988,9988,Cash,Success
9989,9989,UPI,Success
9990,9990,UPI,Success
9991,9991,Cash,Success
9992,9992,Wallet,Success
9993,9993,Wallet,Success
9994,9994,UPI,Success
9995,9995,UPI,Success
9996,9996,Cash,Success
9997,9997,Wallet,Success
9998,9998,Cash,Success
9999,9999,Cash,Success
10000,10000,UPI,Success
