review_id,order_id,customer_rating,feedback
1,1,5,Packaging could improve
2,2,1,Food was cold
3,3,5,Very tasty
4,4,5,Packaging could improve
5,5,3,Packaging could improve
6,6,3,Loved it
7,7,2,Fast delivery
8,8,2,Food was cold
9,9,4,Packaging could improve
10,10,5,Will order again
11,11,5,Late delivery
12,12,1,Very tasty
13,13,2,Food was cold
14,14,2,Highly recommended
15,15,1,Late delivery
16,16,2,Loved it
17,17,3,Late delivery
18,18,3,Excellent food
19,19,5,Fast delivery
20,20,1,Fast delivery
21,21,1,Packaging could improve
22,22,1,Food was cold
23,23,4,Highly recommended
24,24,5,Packaging could improve
25,25,3,Average experience
26,26,3,Highly recommended
27,27,3,Very tasty
28,28,1,Late delivery
29,29,5,Excellent food
30,30,4,Late delivery
31,31,4,Excellent food
32,32,2,Packaging could improve
33,33,4,Fast delivery
34,34,4,Food was cold
35,35,3,Will order again
36,36,3,Food was cold
37,37,3,Average experience
38,38,4,Average experience
39,39,4,Average experience
40,40,5,Loved it
41,41,2,Fast delivery
42,42,2,Packaging could improve
43,43,3,Loved it
44,44,5,Will order again
45,45,3,Packaging could improve
46,46,4,Food was cold
47,47,4,Loved it
48,48,2,Excellent food
49,49,5,Fast delivery
50,50,1,Late delivery
51,51,1,Late delivery
52,52,1,Average experience
53,53,3,Late delivery
54,54,3,Fast delivery
55,55,4,Fast delivery
56,56,2,Late delivery
57,57,3,Highly recommended
58,58,4,Packaging could improve
59,59,4,Excellent food
60,60,3,Very tasty
61,61,1,Will order again
62,62,3,Highly recommended
63,63,2,Loved it
64,64,4,Highly recommended
65,65,3,Late delivery
66,66,5,Fast delivery
67,67,4,Highly recommended
68,68,2,Loved it
69,69,3,Very tasty
70,70,3,Packaging could improve
71,71,4,Late delivery
72,72,5,Excellent food
73,73,2,Loved it
74,74,2,Late delivery
75,75,2,Will order again
76,76,5,Excellent food
77,77,1,Late delivery
78,78,2,Fast delivery
79,79,4,Packaging could improve
80,80,2,Very tasty
81,81,5,Excellent food
82,82,1,Food was cold
83,83,1,Will order again
84,84,1,Packaging could improve
85,85,2,Highly recommended
86,86,1,Average experience
87,87,5,Highly recommended
88,88,2,Fast delivery
89,89,4,Loved it
90,90,5,Food was cold
91,91,5,Will order again
92,92,1,Excellent food
93,93,5,Highly recommended
94,94,5,Excellent food
95,95,5,Food was cold
96,96,2,Fast delivery
97,97,2,Late delivery
98,98,5,Late delivery
99,99,1,Average experience
100,100,5,Highly recommended
101,101,3,Late delivery
102,102,1,Loved it
103,103,1,Packaging could improve
104,104,5,Loved it
105,105,4,Average experience
106,106,5,Excellent food
107,107,2,Excellent food
108,108,3,Very tasty
109,109,1,Fast delivery
110,110,2,Average experience
111,111,2,Average experience
112,112,2,Fast delivery
113,113,5,Average experience
114,114,4,Loved it
115,115,2,Will order again
116,116,3,Will order again
117,117,4,Average experience
118,118,2,Very tasty
119,119,2,Loved it
120,120,5,Loved it
121,121,2,Loved it
122,122,3,Excellent food
123,123,5,Late delivery
124,124,2,Average experience
125,125,1,Very tasty
126,126,1,Late delivery
127,127,2,Loved it
128,128,5,Highly recommended
129,129,3,Fast delivery
130,130,5,Very tasty
131,131,2,Late delivery
132,132,4,Food was cold
133,133,2,Loved it
134,134,5,Food was cold
135,135,3,Average experience
136,136,5,Fast delivery
137,137,4,Late delivery
138,138,3,Highly recommended
139,139,5,Average experience
140,140,5,Fast delivery
141,141,5,Will order again
142,142,3,Late delivery
143,143,1,Very tasty
144,144,1,Will order again
145,145,1,Very tasty
146,146,4,Loved it
147,147,5,Will order again
148,148,3,Packaging could improve
149,149,1,Excellent food
150,150,3,Packaging could improve
151,151,3,Very tasty
152,152,4,Very tasty
153,153,1,Excellent food
154,154,5,Late delivery
155,155,1,Loved it
156,156,5,Highly recommended
157,157,2,Loved it
158,158,5,Food was cold
159,159,2,Excellent food
160,160,3,Food was cold
161,161,1,Highly recommended
162,162,4,Packaging could improve
163,163,3,Packaging could improve
164,164,5,Will order again
165,165,5,Excellent food
166,166,5,Will order again
167,167,1,Fast delivery
168,168,5,Late delivery
169,169,2,Excellent food
170,170,3,Very tasty
171,171,4,Average experience
172,172,2,Food was cold
173,173,2,Loved it
174,174,5,Late delivery
175,175,1,Packaging could improve
176,176,3,Will order again
177,177,5,Excellent food
178,178,2,Average experience
179,179,3,Packaging could improve
180,180,3,Will order again
181,181,5,Excellent food
182,182,2,Late delivery
183,183,4,Excellent food
184,184,3,Fast delivery
185,185,3,Loved it
186,186,5,Will order again
187,187,4,Average experience
188,188,4,Average experience
189,189,1,Fast delivery
190,190,4,Late delivery
191,191,1,Food was cold
192,192,5,Very tasty
193,193,4,Packaging could improve
194,194,3,Packaging could improve
195,195,4,Fast delivery
196,196,3,Packaging could improve
197,197,2,Excellent food
198,198,2,Highly recommended
199,199,1,Fast delivery
200,200,1,Food was cold
201,201,2,Very tasty
202,202,1,Loved it
203,203,3,Fast delivery
204,204,2,Loved it
205,205,1,Packaging could improve
206,206,1,Excellent food
207,207,5,Late delivery
208,208,1,Fast delivery
209,209,4,Packaging could improve
210,210,5,Loved it
211,211,1,Late delivery
212,212,3,Excellent food
213,213,4,Fast delivery
214,214,1,Average experience
215,215,1,Fast delivery
216,216,5,Very tasty
217,217,1,Packaging could improve
218,218,1,Food was cold
219,219,2,Fast delivery
220,220,1,Will order again
221,221,5,Average experience
222,222,5,Will order again
223,223,4,Food was cold
224,224,2,Fast delivery
225,225,2,Packaging could improve
226,226,5,Food was cold
227,227,1,Loved it
228,228,1,Will order again
229,229,1,Food was cold
230,230,1,Average experience
231,231,5,Highly recommended
232,232,1,Food was cold
233,233,2,Fast delivery
234,234,2,Excellent food
235,235,2,Loved it
236,236,3,Loved it
237,237,2,Packaging could improve
238,238,4,Will order again
239,239,2,Will order again
240,240,5,Average experience
241,241,5,Loved it
242,242,2,Will order again
243,243,5,Will order again
244,244,5,Will order again
245,245,2,Fast delivery
246,246,4,Packaging could improve
247,247,4,Loved it
248,248,4,Loved it
249,249,4,Will order again
250,250,3,Late delivery
251,251,5,Will order again
252,252,1,Fast delivery
253,253,5,Packaging could improve
254,254,5,Fast delivery
255,255,5,Late delivery
256,256,1,Late delivery
257,257,4,Packaging could improve
258,258,5,Highly recommended
259,259,4,Average experience
260,260,1,Will order again
261,261,3,Average experience
262,262,1,Average experience
263,263,4,Excellent food
264,264,1,Food was cold
265,265,1,Excellent food
266,266,5,Late delivery
267,267,1,Fast delivery
268,268,1,Excellent food
269,269,4,Will order again
270,270,3,Will order again
271,271,3,Excellent food
272,272,4,Will order again
273,273,4,Late delivery
274,274,2,Food was cold
275,275,4,Packaging could improve
276,276,4,Late delivery
277,277,5,Fast delivery
278,278,1,Fast delivery
279,279,4,Average experience
280,280,2,Food was cold
281,281,1,Packaging could improve
282,282,2,Average experience
283,283,3,Excellent food
284,284,2,Highly recommended
285,285,2,Excellent food
286,286,1,Very tasty
287,287,2,Very tasty
288,288,5,Late delivery
289,289,2,Food was cold
290,290,1,Food was cold
291,291,2,Late delivery
292,292,2,Packaging could improve
293,293,1,Highly recommended
294,294,1,Loved it
295,295,4,Late delivery
296,296,3,Highly recommended
297,297,3,Will order again
298,298,5,Late delivery
299,299,5,Loved it
300,300,1,Fast delivery
301,301,4,Very tasty
302,302,2,Excellent food
303,303,2,Loved it
304,304,1,Excellent food
305,305,2,Packaging could improve
306,306,2,Fast delivery
307,307,2,Food was cold
308,308,2,Average experience
309,309,2,Loved it
310,310,3,Packaging could improve
311,311,5,Late delivery
312,312,4,Packaging could improve
313,313,1,Loved it
314,314,4,Late delivery
315,315,2,Packaging could improve
316,316,2,Excellent food
317,317,1,Excellent food
318,318,1,Late delivery
319,319,4,Will order again
320,320,5,Excellent food
321,321,3,Loved it
322,322,1,Packaging could improve
323,323,3,Loved it
324,324,2,Loved it
325,325,5,Excellent food
326,326,2,Fast delivery
327,327,5,Highly recommended
328,328,2,Packaging could improve
329,329,1,Highly recommended
330,330,1,Fast delivery
331,331,1,Very tasty
332,332,2,Loved it
333,333,2,Highly recommended
334,334,5,Food was cold
335,335,4,Food was cold
336,336,5,Excellent food
337,337,4,Average experience
338,338,5,Loved it
339,339,4,Late delivery
340,340,3,Loved it
341,341,3,Highly recommended
342,342,2,Very tasty
343,343,3,Packaging could improve
344,344,2,Highly recommended
345,345,4,Very tasty
346,346,5,Fast delivery
347,347,3,Late delivery
348,348,4,Very tasty
349,349,1,Loved it
350,350,4,Late delivery
351,351,2,Loved it
352,352,2,Very tasty
353,353,3,Excellent food
354,354,5,Excellent food
355,355,3,Excellent food
356,356,5,Will order again
357,357,3,Packaging could improve
358,358,3,Packaging could improve
359,359,2,Excellent food
360,360,2,Food was cold
361,361,1,Food was cold
362,362,1,Will order again
363,363,5,Loved it
364,364,4,Will order again
365,365,2,Packaging could improve
366,366,2,Loved it
367,367,2,Average experience
368,368,2,Late delivery
369,369,2,Packaging could improve
370,370,5,Late delivery
371,371,2,Very tasty
372,372,5,Will order again
373,373,4,Very tasty
374,374,1,Food was cold
375,375,1,Late delivery
376,376,5,Very tasty
377,377,1,Will order again
378,378,3,Will order again
379,379,3,Highly recommended
380,380,5,Packaging could improve
381,381,3,Packaging could improve
382,382,1,Fast delivery
383,383,4,Very tasty
384,384,3,Packaging could improve
385,385,5,Excellent food
386,386,5,Will order again
387,387,1,Highly recommended
388,388,4,Very tasty
389,389,3,Very tasty
390,390,5,Fast delivery
391,391,2,Very tasty
392,392,3,Packaging could improve
393,393,2,Average experience
394,394,4,Fast delivery
395,395,4,Late delivery
396,396,1,Loved it
397,397,2,Fast delivery
398,398,4,Packaging could improve
399,399,3,Food was cold
400,400,4,Very tasty
401,401,5,Packaging could improve
402,402,3,Average experience
403,403,2,Food was cold
404,404,5,Loved it
405,405,4,Late delivery
406,406,4,Fast delivery
407,407,4,Average experience
408,408,2,Very tasty
409,409,3,Will order again
410,410,4,Packaging could improve
411,411,3,Highly recommended
412,412,5,Highly recommended
413,413,1,Loved it
414,414,3,Very tasty
415,415,3,Very tasty
416,416,3,Late delivery
417,417,4,Excellent food
418,418,1,Excellent food
419,419,3,Very tasty
420,420,5,Packaging could improve
421,421,1,Average experience
422,422,4,Food was cold
423,423,3,Packaging could improve
424,424,3,Highly recommended
425,425,1,Highly recommended
426,426,1,Will order again
427,427,5,Average experience
428,428,3,Food was cold
429,429,1,Late delivery
430,430,2,Loved it
431,431,5,Packaging could improve
432,432,3,Fast delivery
433,433,2,Excellent food
434,434,2,Food was cold
435,435,1,Average experience
436,436,5,Excellent food
437,437,2,Average experience
438,438,3,Food was cold
439,439,1,Average experience
440,440,1,Packaging could improve
441,441,5,Average experience
442,442,3,Excellent food
443,443,4,Average experience
444,444,5,Average experience
445,445,1,Food was cold
446,446,5,Very tasty
447,447,1,Very tasty
448,448,4,Will order again
449,449,2,Late delivery
450,450,2,Packaging could improve
451,451,4,Fast delivery
452,452,1,Packaging could improve
453,453,2,Fast delivery
454,454,4,Highly recommended
455,455,2,Very tasty
456,456,4,Highly recommended
457,457,5,Very tasty
458,458,3,Late delivery
459,459,2,Fast delivery
460,460,2,Food was cold
461,461,1,Highly recommended
462,462,2,Fast delivery
463,463,3,Packaging could improve
464,464,2,Food was cold
465,465,5,Highly recommended
466,466,5,Very tasty
467,467,5,Packaging could improve
468,468,3,Fast delivery
469,469,5,Late delivery
470,470,2,Average experience
471,471,1,Packaging could improve
472,472,5,Fast delivery
473,473,2,Average experience
474,474,2,Very tasty
475,475,1,Will order again
476,476,1,Will order again
477,477,5,Excellent food
478,478,5,Loved it
479,479,1,Very tasty
480,480,4,Excellent food
481,481,3,Very tasty
482,482,1,Packaging could improve
483,483,2,Highly recommended
484,484,1,Highly recommended
485,485,1,Very tasty
486,486,5,Fast delivery
487,487,1,Very tasty
488,488,1,Will order again
489,489,2,Very tasty
490,490,4,Average experience
491,491,1,Average experience
492,492,5,Excellent food
493,493,4,Excellent food
494,494,1,Late delivery
495,495,5,Loved it
496,496,5,Highly recommended
497,497,3,Very tasty
498,498,1,Average experience
499,499,5,Highly recommended
500,500,1,Fast delivery
501,501,2,Will order again
502,502,4,Very tasty
503,503,1,Very tasty
504,504,2,Packaging could improve
505,505,3,Average experience
506,506,3,Will order again
507,507,1,Will order again
508,508,5,Excellent food
509,509,1,Fast delivery
510,510,2,Fast delivery
511,511,1,Excellent food
512,512,4,Will order again
513,513,5,Loved it
514,514,3,Food was cold
515,515,3,Very tasty
516,516,5,Fast delivery
517,517,4,Fast delivery
518,518,3,Late delivery
519,519,4,Loved it
520,520,4,Late delivery
521,521,1,Packaging could improve
522,522,4,Will order again
523,523,3,Highly recommended
524,524,5,Packaging could improve
525,525,1,Packaging could improve
526,526,4,Packaging could improve
527,527,4,Packaging could improve
528,528,1,Will order again
529,529,4,Very tasty
530,530,5,Food was cold
531,531,1,Late delivery
532,532,3,Packaging could improve
533,533,4,Very tasty
534,534,1,Will order again
535,535,3,Average experience
536,536,3,Excellent food
537,537,2,Very tasty
538,538,5,Average experience
539,539,1,Will order again
540,540,2,Late delivery
541,541,4,Average experience
542,542,4,Packaging could improve
543,543,4,Fast delivery
544,544,2,Will order again
545,545,4,Average experience
546,546,3,Highly recommended
547,547,4,Highly recommended
548,548,4,Loved it
549,549,2,Loved it
550,550,5,Very tasty
551,551,5,Excellent food
552,552,2,Food was cold
553,553,5,Excellent food
554,554,3,Excellent food
555,555,3,Loved it
556,556,1,Late delivery
557,557,2,Highly recommended
558,558,5,Packaging could improve
559,559,2,Highly recommended
560,560,5,Food was cold
561,561,1,Will order again
562,562,1,Late delivery
563,563,1,Packaging could improve
564,564,1,Excellent food
565,565,4,Loved it
566,566,4,Late delivery
567,567,4,Highly recommended
568,568,4,Late delivery
569,569,1,Average experience
570,570,5,Late delivery
571,571,5,Average experience
572,572,2,Very tasty
573,573,3,Very tasty
574,574,3,Excellent food
575,575,3,Highly recommended
576,576,3,Food was cold
577,577,5,Fast delivery
578,578,5,Loved it
579,579,3,Food was cold
580,580,2,Late delivery
581,581,4,Fast delivery
582,582,1,Excellent food
583,583,3,Late delivery
584,584,5,Average experience
585,585,2,Food was cold
586,586,2,Will order again
587,587,5,Excellent food
588,588,4,Fast delivery
589,589,2,Highly recommended
590,590,2,Food was cold
591,591,3,Will order again
592,592,4,Fast delivery
593,593,3,Excellent food
594,594,1,Average experience
595,595,4,Fast delivery
596,596,5,Food was cold
597,597,3,Highly recommended
598,598,2,Fast delivery
599,599,5,Average experience
600,600,3,Packaging could improve
601,601,3,Food was cold
602,602,2,Highly recommended
603,603,5,Fast delivery
604,604,2,Late delivery
605,605,4,Late delivery
606,606,2,Loved it
607,607,5,Packaging could improve
608,608,3,Very tasty
609,609,1,Will order again
610,610,1,Late delivery
611,611,3,Packaging could improve
612,612,1,Very tasty
613,613,4,Food was cold
614,614,3,Excellent food
615,615,5,Loved it
616,616,4,Fast delivery
617,617,4,Excellent food
618,618,4,Late delivery
619,619,4,Highly recommended
620,620,4,Very tasty
621,621,3,Excellent food
622,622,1,Late delivery
623,623,2,Highly recommended
624,624,2,Food was cold
625,625,5,Loved it
626,626,5,Packaging could improve
627,627,4,Will order again
628,628,1,Average experience
629,629,2,Very tasty
630,630,2,Very tasty
631,631,3,Very tasty
632,632,1,Packaging could improve
633,633,4,Packaging could improve
634,634,5,Fast delivery
635,635,4,Will order again
636,636,3,Loved it
637,637,4,Food was cold
638,638,5,Highly recommended
639,639,3,Highly recommended
640,640,2,Fast delivery
641,641,1,Food was cold
642,642,4,Will order again
643,643,1,Late delivery
644,644,1,Late delivery
645,645,5,Food was cold
646,646,2,Very tasty
647,647,3,Average experience
648,648,5,Late delivery
649,649,1,Fast delivery
650,650,5,Fast delivery
651,651,1,Packaging could improve
652,652,4,Excellent food
653,653,5,Very tasty
654,654,4,Highly recommended
655,655,1,Very tasty
656,656,2,Packaging could improve
657,657,3,Highly recommended
658,658,4,Highly recommended
659,659,5,Average experience
660,660,5,Excellent food
661,661,3,Highly recommended
662,662,2,Late delivery
663,663,4,Very tasty
664,664,2,Fast delivery
665,665,5,Fast delivery
666,666,1,Loved it
667,667,2,Late delivery
668,668,3,Packaging could improve
669,669,1,Packaging could improve
670,670,2,Very tasty
671,671,2,Very tasty
672,672,2,Average experience
673,673,2,Food was cold
674,674,4,Food was cold
675,675,1,Highly recommended
676,676,4,Will order again
677,677,3,Excellent food
678,678,2,Will order again
679,679,1,Fast delivery
680,680,3,Packaging could improve
681,681,5,Average experience
682,682,2,Loved it
683,683,5,Loved it
684,684,5,Very tasty
685,685,3,Fast delivery
686,686,4,Loved it
687,687,4,Average experience
688,688,2,Excellent food
689,689,3,Highly recommended
690,690,3,Average experience
691,691,1,Highly recommended
692,692,3,Excellent food
693,693,4,Loved it
694,694,5,Food was cold
695,695,1,Excellent food
696,696,4,Loved it
697,697,2,Fast delivery
698,698,1,Food was cold
699,699,2,Average experience
700,700,1,Late delivery
701,701,4,Excellent food
702,702,2,Average experience
703,703,2,Highly recommended
704,704,5,Highly recommended
705,705,5,Loved it
706,706,1,Fast delivery
707,707,3,Loved it
708,708,3,Will order again
709,709,2,Packaging could improve
710,710,4,Late delivery
711,711,4,Very tasty
712,712,5,Average experience
713,713,2,Excellent food
714,714,5,Average experience
715,715,2,Food was cold
716,716,1,Fast delivery
717,717,3,Will order again
718,718,1,Average experience
719,719,1,Will order again
720,720,4,Very tasty
721,721,4,Food was cold
722,722,4,Packaging could improve
723,723,4,Fast delivery
724,724,4,Food was cold
725,725,3,Fast delivery
726,726,1,Loved it
727,727,4,Late delivery
728,728,4,Average experience
729,729,5,Will order again
730,730,3,Food was cold
731,731,2,Packaging could improve
732,732,3,Late delivery
733,733,3,Very tasty
734,734,2,Late delivery
735,735,1,Food was cold
736,736,3,Packaging could improve
737,737,2,Average experience
738,738,5,Loved it
739,739,5,Highly recommended
740,740,4,Fast delivery
741,741,4,Food was cold
742,742,1,Average experience
743,743,5,Packaging could improve
744,744,5,Loved it
745,745,5,Very tasty
746,746,3,Will order again
747,747,3,Packaging could improve
748,748,1,Late delivery
749,749,4,Packaging could improve
750,750,3,Will order again
751,751,5,Fast delivery
752,752,1,Will order again
753,753,3,Food was cold
754,754,3,Very tasty
755,755,1,Fast delivery
756,756,2,Average experience
757,757,3,Will order again
758,758,1,Very tasty
759,759,5,Fast delivery
760,760,2,Average experience
761,761,2,Packaging could improve
762,762,2,Late delivery
763,763,2,Late delivery
764,764,3,Fast delivery
765,765,5,Food was cold
766,766,2,Highly recommended
767,767,4,Packaging could improve
768,768,5,Very tasty
769,769,4,Late delivery
770,770,2,Packaging could improve
771,771,2,Average experience
772,772,5,Loved it
773,773,1,Food was cold
774,774,3,Food was cold
775,775,2,Late delivery
776,776,3,Food was cold
777,777,3,Will order again
778,778,2,Average experience
779,779,1,Food was cold
780,780,5,Very tasty
781,781,3,Fast delivery
782,782,3,Average experience
783,783,3,Highly recommended
784,784,3,Food was cold
785,785,1,Loved it
786,786,4,Loved it
787,787,3,Excellent food
788,788,5,Fast delivery
789,789,2,Packaging could improve
790,790,2,Late delivery
791,791,1,Excellent food
792,792,2,Average experience
793,793,2,Will order again
794,794,4,Food was cold
795,795,3,Average experience
796,796,3,Fast delivery
797,797,5,Loved it
798,798,4,Will order again
799,799,3,Loved it
800,800,1,Highly recommended
801,801,1,Very tasty
802,802,1,Very tasty
803,803,5,Packaging could improve
804,804,3,Average experience
805,805,2,Very tasty
806,806,2,Late delivery
807,807,5,Packaging could improve
808,808,2,Loved it
809,809,4,Highly recommended
810,810,1,Food was cold
811,811,3,Fast delivery
812,812,5,Packaging could improve
813,813,2,Food was cold
814,814,3,Fast delivery
815,815,3,Fast delivery
816,816,1,Food was cold
817,817,4,Excellent food
818,818,3,Late delivery
819,819,1,Packaging could improve
820,820,5,Excellent food
821,821,1,Highly recommended
822,822,2,Highly recommended
823,823,5,Packaging could improve
824,824,3,Loved it
825,825,2,Fast delivery
826,826,3,Very tasty
827,827,4,Very tasty
828,828,2,Will order again
829,829,4,Highly recommended
830,830,4,Fast delivery
831,831,4,Packaging could improve
832,832,5,Highly recommended
833,833,4,Average experience
834,834,4,Highly recommended
835,835,3,Will order again
836,836,2,Will order again
837,837,3,Average experience
838,838,1,Fast delivery
839,839,4,Fast delivery
840,840,5,Average experience
841,841,4,Average experience
842,842,1,Very tasty
843,843,3,Excellent food
844,844,4,Food was cold
845,845,4,Will order again
846,846,4,Fast delivery
847,847,4,Highly recommended
848,848,1,Average experience
849,849,2,Very tasty
850,850,3,Excellent food
851,851,2,Excellent food
852,852,3,Highly recommended
853,853,1,Very tasty
854,854,3,Late delivery
855,855,4,Very tasty
856,856,5,Food was cold
857,857,2,Food was cold
858,858,3,Will order again
859,859,2,Packaging could improve
860,860,2,Highly recommended
861,861,3,Packaging could improve
862,862,5,Loved it
863,863,3,Highly recommended
864,864,1,Will order again
865,865,2,Packaging could improve
866,866,5,Highly recommended
867,867,4,Excellent food
868,868,4,Fast delivery
869,869,2,Very tasty
870,870,2,Packaging could improve
871,871,4,Will order again
872,872,4,Food was cold
873,873,2,Average experience
874,874,4,Average experience
875,875,4,Excellent food
876,876,2,Average experience
877,877,1,Fast delivery
878,878,5,Packaging could improve
879,879,5,Fast delivery
880,880,3,Excellent food
881,881,1,Packaging could improve
882,882,4,Will order again
883,883,1,Late delivery
884,884,5,Fast delivery
885,885,2,Late delivery
886,886,2,Excellent food
887,887,5,Late delivery
888,888,4,Excellent food
889,889,3,Loved it
890,890,1,Average experience
891,891,2,Highly recommended
892,892,4,Food was cold
893,893,4,Will order again
894,894,4,Average experience
895,895,5,Highly recommended
896,896,2,Loved it
897,897,1,Packaging could improve
898,898,1,Highly recommended
899,899,2,Late delivery
900,900,5,Late delivery
901,901,2,Average experience
902,902,3,Late delivery
903,903,4,Highly recommended
904,904,3,Loved it
905,905,3,Highly recommended
906,906,3,Average experience
907,907,2,Packaging could improve
908,908,1,Average experience
909,909,4,Packaging could improve
910,910,2,Fast delivery
911,911,1,Late delivery
912,912,1,Fast delivery
913,913,5,Excellent food
914,914,1,Excellent food
915,915,5,Highly recommended
916,916,2,Excellent food
917,917,1,Packaging could improve
918,918,4,Will order again
919,919,2,Loved it
920,920,4,Average experience
921,921,2,Food was cold
922,922,1,Loved it
923,923,5,Loved it
924,924,3,Late delivery
925,925,5,Average experience
926,926,5,Average experience
927,927,2,Packaging could improve
928,928,2,Packaging could improve
929,929,5,Fast delivery
930,930,2,Excellent food
931,931,1,Loved it
932,932,3,Food was cold
933,933,5,Packaging could improve
934,934,4,Highly recommended
935,935,1,Excellent food
936,936,5,Packaging could improve
937,937,4,Fast delivery
938,938,3,Will order again
939,939,2,Very tasty
940,940,1,Very tasty
941,941,4,Excellent food
942,942,1,Packaging could improve
943,943,2,Late delivery
944,944,3,Late delivery
945,945,1,Will order again
946,946,2,Loved it
947,947,1,Late delivery
948,948,3,Packaging could improve
949,949,4,Late delivery
950,950,4,Loved it
951,951,4,Average experience
952,952,2,Highly recommended
953,953,2,Will order again
954,954,5,Very tasty
955,955,4,Fast delivery
956,956,1,Excellent food
957,957,2,Loved it
958,958,5,Loved it
959,959,3,Fast delivery
960,960,3,Will order again
961,961,2,Food was cold
962,962,5,Loved it
963,963,1,Packaging could improve
964,964,2,Will order again
965,965,3,Food was cold
966,966,3,Excellent food
967,967,4,Late delivery
968,968,5,Fast delivery
969,969,5,Packaging could improve
970,970,5,Excellent food
971,971,4,Fast delivery
972,972,3,Very tasty
973,973,5,Highly recommended
974,974,5,Packaging could improve
975,975,4,Average experience
976,976,4,Average experience
977,977,4,Highly recommended
978,978,3,Packaging could improve
979,979,3,Very tasty
980,980,2,Excellent food
981,981,1,Will order again
982,982,3,Average experience
983,983,1,Packaging could improve
984,984,3,Packaging could improve
985,985,3,Loved it
986,986,4,Will order again
987,987,2,Late delivery
988,988,4,Packaging could improve
989,989,1,Very tasty
990,990,2,Highly recommended
991,991,4,Food was cold
992,992,4,Loved it
993,993,2,Average experience
994,994,2,Loved it
995,995,2,Food was cold
996,996,5,Food was cold
997,997,2,Highly recommended
998,998,3,Food was cold
999,999,3,Packaging could improve
1000,1000,3,Average experience
1001,1001,1,Late delivery
1002,1002,2,Excellent food
1003,1003,3,Packaging could improve
1004,1004,2,Excellent food
1005,1005,3,Late delivery
1006,1006,2,Excellent food
1007,1007,3,Late delivery
1008,1008,4,Food was cold
1009,1009,2,Fast delivery
1010,1010,1,Excellent food
1011,1011,2,Highly recommended
1012,1012,5,Fast delivery
1013,1013,2,Very tasty
1014,1014,3,Fast delivery
1015,1015,4,Excellent food
1016,1016,1,Excellent food
1017,1017,5,Very tasty
1018,1018,3,Highly recommended
1019,1019,5,Average experience
1020,1020,4,Very tasty
1021,1021,3,Excellent food
1022,1022,1,Packaging could improve
1023,1023,4,Packaging could improve
1024,1024,1,Packaging could improve
1025,1025,2,Average experience
1026,1026,1,Excellent food
1027,1027,2,Packaging could improve
1028,1028,1,Food was cold
1029,1029,2,Will order again
1030,1030,3,Excellent food
1031,1031,3,Very tasty
1032,1032,1,Late delivery
1033,1033,5,Very tasty
1034,1034,2,Late delivery
1035,1035,4,Will order again
1036,1036,3,Very tasty
1037,1037,2,Very tasty
1038,1038,5,Packaging could improve
1039,1039,2,Food was cold
1040,1040,3,Average experience
1041,1041,2,Will order again
1042,1042,5,Food was cold
1043,1043,1,Very tasty
1044,1044,4,Packaging could improve
1045,1045,2,Average experience
1046,1046,1,Average experience
1047,1047,2,Highly recommended
1048,1048,1,Loved it
1049,1049,4,Average experience
1050,1050,5,Food was cold
1051,1051,5,Food was cold
1052,1052,4,Excellent food
1053,1053,5,Late delivery
1054,1054,4,Food was cold
1055,1055,4,Excellent food
1056,1056,3,Fast delivery
1057,1057,4,Packaging could improve
1058,1058,3,Average experience
1059,1059,1,Will order again
1060,1060,5,Will order again
1061,1061,5,Loved it
1062,1062,3,Loved it
1063,1063,4,Fast delivery
1064,1064,4,Loved it
1065,1065,3,Fast delivery
1066,1066,3,Packaging could improve
1067,1067,1,Average experience
1068,1068,1,Late delivery
1069,1069,5,Packaging could improve
1070,1070,2,Excellent food
1071,1071,1,Fast delivery
1072,1072,4,Late delivery
1073,1073,1,Very tasty
1074,1074,4,Will order again
1075,1075,4,Food was cold
1076,1076,1,Excellent food
1077,1077,5,Very tasty
1078,1078,1,Average experience
1079,1079,1,Fast delivery
1080,1080,5,Fast delivery
1081,1081,3,Very tasty
1082,1082,3,Excellent food
1083,1083,2,Average experience
1084,1084,3,Will order again
1085,1085,5,Very tasty
1086,1086,4,Will order again
1087,1087,3,Highly recommended
1088,1088,5,Highly recommended
1089,1089,2,Loved it
1090,1090,4,Excellent food
1091,1091,3,Late delivery
1092,1092,1,Highly recommended
1093,1093,2,Very tasty
1094,1094,1,Excellent food
1095,1095,1,Fast delivery
1096,1096,5,Excellent food
1097,1097,4,Food was cold
1098,1098,1,Late delivery
1099,1099,5,Packaging could improve
1100,1100,3,Excellent food
1101,1101,1,Loved it
1102,1102,4,Late delivery
1103,1103,1,Will order again
1104,1104,5,Fast delivery
1105,1105,5,Fast delivery
1106,1106,3,Average experience
1107,1107,1,Loved it
1108,1108,2,Packaging could improve
1109,1109,5,Excellent food
1110,1110,5,Packaging could improve
1111,1111,1,Food was cold
1112,1112,3,Packaging could improve
1113,1113,1,Loved it
1114,1114,1,Fast delivery
1115,1115,5,Food was cold
1116,1116,4,Late delivery
1117,1117,4,Food was cold
1118,1118,2,Average experience
1119,1119,4,Packaging could improve
1120,1120,5,Food was cold
1121,1121,2,Loved it
1122,1122,5,Very tasty
1123,1123,1,Fast delivery
1124,1124,2,Very tasty
1125,1125,5,Highly recommended
1126,1126,1,Late delivery
1127,1127,3,Excellent food
1128,1128,3,Highly recommended
1129,1129,2,Will order again
1130,1130,3,Late delivery
1131,1131,3,Will order again
1132,1132,2,Excellent food
1133,1133,5,Loved it
1134,1134,3,Very tasty
1135,1135,5,Average experience
1136,1136,3,Very tasty
1137,1137,5,Excellent food
1138,1138,2,Very tasty
1139,1139,1,Late delivery
1140,1140,2,Highly recommended
1141,1141,2,Average experience
1142,1142,3,Average experience
1143,1143,2,Highly recommended
1144,1144,1,Fast delivery
1145,1145,1,Fast delivery
1146,1146,3,Loved it
1147,1147,5,Loved it
1148,1148,4,Highly recommended
1149,1149,4,Packaging could improve
1150,1150,1,Loved it
1151,1151,5,Very tasty
1152,1152,3,Very tasty
1153,1153,5,Will order again
1154,1154,3,Loved it
1155,1155,3,Loved it
1156,1156,4,Average experience
1157,1157,2,Excellent food
1158,1158,5,Food was cold
1159,1159,4,Highly recommended
1160,1160,5,Will order again
1161,1161,4,Packaging could improve
1162,1162,4,Average experience
1163,1163,1,Fast delivery
1164,1164,1,Will order again
1165,1165,4,Loved it
1166,1166,5,Late delivery
1167,1167,2,Excellent food
1168,1168,5,Average experience
1169,1169,2,Average experience
1170,1170,1,Loved it
1171,1171,3,Late delivery
1172,1172,5,Loved it
1173,1173,4,Will order again
1174,1174,1,Excellent food
1175,1175,5,Fast delivery
1176,1176,3,Will order again
1177,1177,1,Very tasty
1178,1178,4,Packaging could improve
1179,1179,3,Will order again
1180,1180,1,Food was cold
1181,1181,1,Late delivery
1182,1182,2,Food was cold
1183,1183,4,Packaging could improve
1184,1184,1,Will order again
1185,1185,3,Food was cold
1186,1186,4,Loved it
1187,1187,2,Average experience
1188,1188,2,Very tasty
1189,1189,2,Will order again
1190,1190,5,Very tasty
1191,1191,3,Food was cold
1192,1192,5,Will order again
1193,1193,1,Very tasty
1194,1194,5,Average experience
1195,1195,3,Will order again
1196,1196,5,Packaging could improve
1197,1197,3,Average experience
1198,1198,2,Late delivery
1199,1199,1,Fast delivery
1200,1200,1,Will order again
1201,1201,5,Very tasty
1202,1202,3,Highly recommended
1203,1203,5,Will order again
1204,1204,4,Will order again
1205,1205,3,Fast delivery
1206,1206,2,Food was cold
1207,1207,2,Fast delivery
1208,1208,2,Fast delivery
1209,1209,1,Loved it
1210,1210,3,Very tasty
1211,1211,2,Excellent food
1212,1212,4,Loved it
1213,1213,1,Very tasty
1214,1214,2,Fast delivery
1215,1215,1,Highly recommended
1216,1216,5,Very tasty
1217,1217,3,Average experience
1218,1218,2,Packaging could improve
1219,1219,4,Late delivery
1220,1220,5,Late delivery
1221,1221,1,Fast delivery
1222,1222,3,Late delivery
1223,1223,2,Very tasty
1224,1224,4,Loved it
1225,1225,1,Will order again
1226,1226,4,Average experience
1227,1227,2,Fast delivery
1228,1228,5,Packaging could improve
1229,1229,3,Average experience
1230,1230,2,Will order again
1231,1231,4,Will order again
1232,1232,1,Late delivery
1233,1233,2,Loved it
1234,1234,1,Food was cold
1235,1235,3,Will order again
1236,1236,1,Excellent food
1237,1237,2,Highly recommended
1238,1238,5,Very tasty
1239,1239,5,Packaging could improve
1240,1240,5,Very tasty
1241,1241,3,Very tasty
1242,1242,4,Will order again
1243,1243,5,Will order again
1244,1244,4,Will order again
1245,1245,2,Very tasty
1246,1246,2,Average experience
1247,1247,5,Loved it
1248,1248,1,Packaging could improve
1249,1249,4,Late delivery
1250,1250,4,Food was cold
1251,1251,3,Late delivery
1252,1252,5,Will order again
1253,1253,2,Excellent food
1254,1254,5,Average experience
1255,1255,3,Excellent food
1256,1256,2,Fast delivery
1257,1257,1,Average experience
1258,1258,2,Loved it
1259,1259,2,Very tasty
1260,1260,1,Loved it
1261,1261,1,Loved it
1262,1262,5,Excellent food
1263,1263,4,Loved it
1264,1264,4,Loved it
1265,1265,1,Very tasty
1266,1266,3,Loved it
1267,1267,1,Late delivery
1268,1268,5,Loved it
1269,1269,1,Average experience
1270,1270,5,Late delivery
1271,1271,1,Highly recommended
1272,1272,1,Late delivery
1273,1273,3,Late delivery
1274,1274,1,Loved it
1275,1275,5,Fast delivery
1276,1276,4,Food was cold
1277,1277,5,Very tasty
1278,1278,2,Late delivery
1279,1279,2,Packaging could improve
1280,1280,4,Late delivery
1281,1281,2,Excellent food
1282,1282,4,Very tasty
1283,1283,2,Will order again
1284,1284,2,Late delivery
1285,1285,3,Fast delivery
1286,1286,4,Excellent food
1287,1287,5,Will order again
1288,1288,1,Loved it
1289,1289,4,Packaging could improve
1290,1290,5,Highly recommended
1291,1291,3,Very tasty
1292,1292,5,Fast delivery
1293,1293,2,Fast delivery
1294,1294,5,Very tasty
1295,1295,5,Very tasty
1296,1296,3,Very tasty
1297,1297,1,Late delivery
1298,1298,5,Loved it
1299,1299,5,Average experience
1300,1300,5,Will order again
1301,1301,5,Very tasty
1302,1302,3,Very tasty
1303,1303,1,Very tasty
1304,1304,3,Excellent food
1305,1305,4,Late delivery
1306,1306,1,Food was cold
1307,1307,3,Fast delivery
1308,1308,4,Average experience
1309,1309,5,Food was cold
1310,1310,3,Highly recommended
1311,1311,4,Will order again
1312,1312,4,Packaging could improve
1313,1313,5,Packaging could improve
1314,1314,3,Excellent food
1315,1315,1,Food was cold
1316,1316,4,Food was cold
1317,1317,5,Loved it
1318,1318,2,Highly recommended
1319,1319,4,Very tasty
1320,1320,1,Food was cold
1321,1321,5,Loved it
1322,1322,3,Loved it
1323,1323,5,Food was cold
1324,1324,3,Highly recommended
1325,1325,4,Very tasty
1326,1326,4,Late delivery
1327,1327,4,Excellent food
1328,1328,2,Food was cold
1329,1329,2,Loved it
1330,1330,4,Average experience
1331,1331,3,Average experience
1332,1332,3,Fast delivery
1333,1333,2,Food was cold
1334,1334,5,Loved it
1335,1335,4,Packaging could improve
1336,1336,3,Will order again
1337,1337,3,Fast delivery
1338,1338,2,Packaging could improve
1339,1339,4,Very tasty
1340,1340,1,Loved it
1341,1341,5,Packaging could improve
1342,1342,2,Packaging could improve
1343,1343,5,Excellent food
1344,1344,5,Late delivery
1345,1345,2,Loved it
1346,1346,4,Will order again
1347,1347,4,Food was cold
1348,1348,4,Excellent food
1349,1349,4,Will order again
1350,1350,2,Highly recommended
1351,1351,3,Food was cold
1352,1352,3,Will order again
1353,1353,3,Late delivery
1354,1354,2,Highly recommended
1355,1355,2,Fast delivery
1356,1356,3,Excellent food
1357,1357,2,Late delivery
1358,1358,5,Highly recommended
1359,1359,5,Average experience
1360,1360,1,Very tasty
1361,1361,3,Food was cold
1362,1362,5,Average experience
1363,1363,2,Loved it
1364,1364,3,Excellent food
1365,1365,5,Loved it
1366,1366,1,Will order again
1367,1367,4,Very tasty
1368,1368,2,Average experience
1369,1369,3,Late delivery
1370,1370,1,Food was cold
1371,1371,3,Fast delivery
1372,1372,5,Excellent food
1373,1373,5,Food was cold
1374,1374,5,Very tasty
1375,1375,3,Fast delivery
1376,1376,4,Excellent food
1377,1377,3,Fast delivery
1378,1378,3,Loved it
1379,1379,5,Packaging could improve
1380,1380,2,Loved it
1381,1381,1,Average experience
1382,1382,3,Highly recommended
1383,1383,2,Packaging could improve
1384,1384,3,Fast delivery
1385,1385,3,Excellent food
1386,1386,5,Very tasty
1387,1387,1,Excellent food
1388,1388,5,Highly recommended
1389,1389,5,Average experience
1390,1390,4,Late delivery
1391,1391,1,Very tasty
1392,1392,2,Average experience
1393,1393,3,Food was cold
1394,1394,3,Late delivery
1395,1395,4,Average experience
1396,1396,1,Excellent food
1397,1397,1,Packaging could improve
1398,1398,5,Fast delivery
1399,1399,4,Will order again
1400,1400,4,Packaging could improve
1401,1401,3,Packaging could improve
1402,1402,1,Average experience
1403,1403,1,Loved it
1404,1404,2,Average experience
1405,1405,1,Food was cold
1406,1406,3,Average experience
1407,1407,4,Will order again
1408,1408,1,Late delivery
1409,1409,4,Food was cold
1410,1410,2,Food was cold
1411,1411,5,Very tasty
1412,1412,3,Loved it
1413,1413,5,Food was cold
1414,1414,2,Will order again
1415,1415,1,Very tasty
1416,1416,3,Highly recommended
1417,1417,3,Packaging could improve
1418,1418,2,Fast delivery
1419,1419,5,Very tasty
1420,1420,5,Food was cold
1421,1421,1,Will order again
1422,1422,1,Food was cold
1423,1423,3,Food was cold
1424,1424,1,Highly recommended
1425,1425,2,Will order again
1426,1426,5,Food was cold
1427,1427,1,Will order again
1428,1428,1,Fast delivery
1429,1429,1,Very tasty
1430,1430,4,Fast delivery
1431,1431,2,Food was cold
1432,1432,1,Will order again
1433,1433,5,Late delivery
1434,1434,5,Food was cold
1435,1435,1,Fast delivery
1436,1436,1,Excellent food
1437,1437,2,Excellent food
1438,1438,2,Food was cold
1439,1439,5,Food was cold
1440,1440,4,Highly recommended
1441,1441,2,Fast delivery
1442,1442,5,Average experience
1443,1443,3,Late delivery
1444,1444,5,Late delivery
1445,1445,1,Fast delivery
1446,1446,3,Very tasty
1447,1447,1,Packaging could improve
1448,1448,5,Will order again
1449,1449,5,Food was cold
1450,1450,5,Will order again
1451,1451,5,Food was cold
1452,1452,5,Late delivery
1453,1453,2,Very tasty
1454,1454,2,Will order again
1455,1455,4,Packaging could improve
1456,1456,2,Packaging could improve
1457,1457,5,Excellent food
1458,1458,5,Late delivery
1459,1459,2,Very tasty
1460,1460,3,Food was cold
1461,1461,5,Highly recommended
1462,1462,3,Loved it
1463,1463,1,Highly recommended
1464,1464,1,Will order again
1465,1465,4,Very tasty
1466,1466,2,Loved it
1467,1467,1,Will order again
1468,1468,5,Will order again
1469,1469,5,Average experience
1470,1470,5,Food was cold
1471,1471,2,Excellent food
1472,1472,2,Loved it
1473,1473,3,Excellent food
1474,1474,3,Late delivery
1475,1475,2,Average experience
1476,1476,1,Loved it
1477,1477,2,Fast delivery
1478,1478,4,Fast delivery
1479,1479,5,Will order again
1480,1480,4,Average experience
1481,1481,5,Food was cold
1482,1482,4,Highly recommended
1483,1483,5,Will order again
1484,1484,1,Will order again
1485,1485,3,Packaging could improve
1486,1486,4,Fast delivery
1487,1487,4,Average experience
1488,1488,2,Packaging could improve
1489,1489,3,Average experience
1490,1490,4,Will order again
1491,1491,1,Fast delivery
1492,1492,2,Very tasty
1493,1493,1,Average experience
1494,1494,5,Very tasty
1495,1495,4,Average experience
1496,1496,5,Packaging could improve
1497,1497,1,Excellent food
1498,1498,4,Highly recommended
1499,1499,5,Will order again
1500,1500,3,Late delivery
1501,1501,2,Loved it
1502,1502,2,Will order again
1503,1503,2,Fast delivery
1504,1504,2,Excellent food
1505,1505,2,Excellent food
1506,1506,1,Late delivery
1507,1507,4,Will order again
1508,1508,4,Packaging could improve
1509,1509,1,Late delivery
1510,1510,5,Packaging could improve
1511,1511,5,Fast delivery
1512,1512,5,Excellent food
1513,1513,4,Late delivery
1514,1514,4,Packaging could improve
1515,1515,3,Very tasty
1516,1516,1,Packaging could improve
1517,1517,2,Food was cold
1518,1518,5,Average experience
1519,1519,4,Average experience
1520,1520,4,Highly recommended
1521,1521,1,Will order again
1522,1522,3,Packaging could improve
1523,1523,5,Highly recommended
1524,1524,3,Fast delivery
1525,1525,2,Excellent food
1526,1526,4,Fast delivery
1527,1527,1,Packaging could improve
1528,1528,4,Loved it
1529,1529,2,Average experience
1530,1530,4,Very tasty
1531,1531,4,Will order again
1532,1532,4,Packaging could improve
1533,1533,1,Will order again
1534,1534,3,Will order again
1535,1535,1,Highly recommended
1536,1536,4,Loved it
1537,1537,1,Highly recommended
1538,1538,4,Highly recommended
1539,1539,4,Will order again
1540,1540,5,Highly recommended
1541,1541,3,Very tasty
1542,1542,1,Will order again
1543,1543,4,Packaging could improve
1544,1544,1,Average experience
1545,1545,1,Very tasty
1546,1546,5,Late delivery
1547,1547,4,Late delivery
1548,1548,3,Fast delivery
1549,1549,2,Late delivery
1550,1550,3,Fast delivery
1551,1551,3,Highly recommended
1552,1552,1,Late delivery
1553,1553,5,Loved it
1554,1554,2,Average experience
1555,1555,4,Average experience
1556,1556,3,Highly recommended
1557,1557,4,Late delivery
1558,1558,3,Will order again
1559,1559,3,Highly recommended
1560,1560,2,Excellent food
1561,1561,1,Food was cold
1562,1562,1,Late delivery
1563,1563,4,Late delivery
1564,1564,2,Very tasty
1565,1565,4,Loved it
1566,1566,5,Packaging could improve
1567,1567,4,Loved it
1568,1568,1,Loved it
1569,1569,4,Will order again
1570,1570,2,Average experience
1571,1571,4,Average experience
1572,1572,5,Packaging could improve
1573,1573,4,Highly recommended
1574,1574,1,Food was cold
1575,1575,2,Fast delivery
1576,1576,2,Very tasty
1577,1577,3,Loved it
1578,1578,3,Will order again
1579,1579,2,Will order again
1580,1580,4,Fast delivery
1581,1581,5,Food was cold
1582,1582,5,Late delivery
1583,1583,3,Will order again
1584,1584,2,Will order again
1585,1585,1,Very tasty
1586,1586,5,Loved it
1587,1587,2,Food was cold
1588,1588,2,Late delivery
1589,1589,3,Will order again
1590,1590,3,Very tasty
1591,1591,4,Very tasty
1592,1592,1,Will order again
1593,1593,4,Packaging could improve
1594,1594,2,Average experience
1595,1595,3,Packaging could improve
1596,1596,2,Excellent food
1597,1597,5,Average experience
1598,1598,3,Very tasty
1599,1599,4,Loved it
1600,1600,5,Highly recommended
1601,1601,4,Excellent food
1602,1602,5,Excellent food
1603,1603,1,Excellent food
1604,1604,3,Food was cold
1605,1605,4,Fast delivery
1606,1606,3,Food was cold
1607,1607,1,Excellent food
1608,1608,4,Packaging could improve
1609,1609,4,Very tasty
1610,1610,3,Excellent food
1611,1611,3,Packaging could improve
1612,1612,3,Very tasty
1613,1613,1,Loved it
1614,1614,5,Excellent food
1615,1615,2,Highly recommended
1616,1616,3,Fast delivery
1617,1617,1,Loved it
1618,1618,4,Very tasty
1619,1619,4,Highly recommended
1620,1620,3,Will order again
1621,1621,4,Average experience
1622,1622,1,Packaging could improve
1623,1623,5,Average experience
1624,1624,2,Average experience
1625,1625,3,Fast delivery
1626,1626,1,Very tasty
1627,1627,3,Fast delivery
1628,1628,2,Highly recommended
1629,1629,5,Packaging could improve
1630,1630,1,Fast delivery
1631,1631,2,Excellent food
1632,1632,3,Loved it
1633,1633,2,Packaging could improve
1634,1634,4,Excellent food
1635,1635,2,Average experience
1636,1636,4,Average experience
1637,1637,3,Packaging could improve
1638,1638,3,Late delivery
1639,1639,3,Fast delivery
1640,1640,5,Excellent food
1641,1641,1,Fast delivery
1642,1642,4,Very tasty
1643,1643,3,Average experience
1644,1644,4,Highly recommended
1645,1645,4,Highly recommended
1646,1646,5,Will order again
1647,1647,1,Very tasty
1648,1648,1,Late delivery
1649,1649,4,Very tasty
1650,1650,5,Fast delivery
1651,1651,3,Packaging could improve
1652,1652,2,Average experience
1653,1653,2,Will order again
1654,1654,1,Very tasty
1655,1655,4,Excellent food
1656,1656,4,Highly recommended
1657,1657,4,Loved it
1658,1658,1,Very tasty
1659,1659,1,Average experience
1660,1660,5,Loved it
1661,1661,1,Late delivery
1662,1662,4,Excellent food
1663,1663,4,Fast delivery
1664,1664,1,Food was cold
1665,1665,1,Loved it
1666,1666,4,Loved it
1667,1667,4,Will order again
1668,1668,1,Excellent food
1669,1669,3,Late delivery
1670,1670,1,Late delivery
1671,1671,3,Packaging could improve
1672,1672,5,Packaging could improve
1673,1673,3,Very tasty
1674,1674,4,Fast delivery
1675,1675,2,Will order again
1676,1676,5,Very tasty
1677,1677,4,Highly recommended
1678,1678,5,Average experience
1679,1679,1,Highly recommended
1680,1680,3,Late delivery
1681,1681,4,Loved it
1682,1682,1,Packaging could improve
1683,1683,3,Highly recommended
1684,1684,1,Food was cold
1685,1685,4,Packaging could improve
1686,1686,2,Late delivery
1687,1687,2,Average experience
1688,1688,5,Highly recommended
1689,1689,2,Packaging could improve
1690,1690,5,Will order again
1691,1691,4,Highly recommended
1692,1692,5,Highly recommended
1693,1693,2,Packaging could improve
1694,1694,1,Highly recommended
1695,1695,2,Packaging could improve
1696,1696,5,Very tasty
1697,1697,4,Excellent food
1698,1698,3,Very tasty
1699,1699,5,Will order again
1700,1700,3,Will order again
1701,1701,2,Will order again
1702,1702,2,Excellent food
1703,1703,4,Very tasty
1704,1704,4,Average experience
1705,1705,1,Highly recommended
1706,1706,2,Late delivery
1707,1707,3,Excellent food
1708,1708,5,Fast delivery
1709,1709,2,Very tasty
1710,1710,2,Packaging could improve
1711,1711,3,Fast delivery
1712,1712,5,Average experience
1713,1713,3,Packaging could improve
1714,1714,3,Packaging could improve
1715,1715,2,Excellent food
1716,1716,3,Average experience
1717,1717,4,Excellent food
1718,1718,4,Fast delivery
1719,1719,3,Average experience
1720,1720,3,Very tasty
1721,1721,3,Average experience
1722,1722,4,Late delivery
1723,1723,5,Will order again
1724,1724,3,Average experience
1725,1725,5,Average experience
1726,1726,4,Food was cold
1727,1727,1,Packaging could improve
1728,1728,5,Average experience
1729,1729,2,Highly recommended
1730,1730,4,Fast delivery
1731,1731,2,Excellent food
1732,1732,1,Packaging could improve
1733,1733,2,Late delivery
1734,1734,3,Very tasty
1735,1735,2,Excellent food
1736,1736,4,Fast delivery
1737,1737,4,Packaging could improve
1738,1738,5,Highly recommended
1739,1739,4,Will order again
1740,1740,2,Excellent food
1741,1741,2,Loved it
1742,1742,5,Very tasty
1743,1743,1,Late delivery
1744,1744,3,Fast delivery
1745,1745,4,Late delivery
1746,1746,1,Late delivery
1747,1747,4,Fast delivery
1748,1748,1,Will order again
1749,1749,2,Will order again
1750,1750,4,Excellent food
1751,1751,3,Packaging could improve
1752,1752,5,Loved it
1753,1753,2,Fast delivery
1754,1754,2,Loved it
1755,1755,4,Loved it
1756,1756,2,Average experience
1757,1757,2,Packaging could improve
1758,1758,5,Fast delivery
1759,1759,4,Loved it
1760,1760,4,Packaging could improve
1761,1761,1,Packaging could improve
1762,1762,5,Average experience
1763,1763,5,Highly recommended
1764,1764,5,Highly recommended
1765,1765,4,Very tasty
1766,1766,3,Average experience
1767,1767,2,Will order again
1768,1768,3,Will order again
1769,1769,2,Excellent food
1770,1770,5,Loved it
1771,1771,3,Loved it
1772,1772,5,Excellent food
1773,1773,4,Late delivery
1774,1774,1,Loved it
1775,1775,5,Food was cold
1776,1776,4,Will order again
1777,1777,2,Highly recommended
1778,1778,4,Late delivery
1779,1779,5,Fast delivery
1780,1780,3,Fast delivery
1781,1781,5,Very tasty
1782,1782,2,Will order again
1783,1783,4,Packaging could improve
1784,1784,1,Very tasty
1785,1785,4,Highly recommended
1786,1786,4,Excellent food
1787,1787,5,Food was cold
1788,1788,1,Highly recommended
1789,1789,1,Excellent food
1790,1790,3,Food was cold
1791,1791,1,Late delivery
1792,1792,1,Fast delivery
1793,1793,4,Loved it
1794,1794,4,Very tasty
1795,1795,2,Food was cold
1796,1796,4,Highly recommended
1797,1797,3,Late delivery
1798,1798,4,Fast delivery
1799,1799,1,Late delivery
1800,1800,4,Late delivery
1801,1801,3,Average experience
1802,1802,3,Packaging could improve
1803,1803,2,Fast delivery
1804,1804,3,Food was cold
1805,1805,1,Highly recommended
1806,1806,1,Food was cold
1807,1807,4,Excellent food
1808,1808,1,Fast delivery
1809,1809,4,Highly recommended
1810,1810,1,Fast delivery
1811,1811,1,Fast delivery
1812,1812,2,Excellent food
1813,1813,5,Excellent food
1814,1814,1,Food was cold
1815,1815,4,Food was cold
1816,1816,5,Will order again
1817,1817,1,Late delivery
1818,1818,4,Average experience
1819,1819,3,Fast delivery
1820,1820,2,Will order again
1821,1821,2,Loved it
1822,1822,5,Average experience
1823,1823,5,Fast delivery
1824,1824,4,Excellent food
1825,1825,2,Food was cold
1826,1826,4,Very tasty
1827,1827,1,Average experience
1828,1828,5,Loved it
1829,1829,2,Food was cold
1830,1830,4,Excellent food
1831,1831,2,Late delivery
1832,1832,2,Will order again
1833,1833,4,Packaging could improve
1834,1834,4,Fast delivery
1835,1835,1,Loved it
1836,1836,2,Loved it
1837,1837,1,Packaging could improve
1838,1838,1,Very tasty
1839,1839,4,Will order again
1840,1840,1,Very tasty
1841,1841,2,Will order again
1842,1842,1,Loved it
1843,1843,4,Loved it
1844,1844,1,Very tasty
1845,1845,4,Loved it
1846,1846,1,Excellent food
1847,1847,1,Loved it
1848,1848,1,Food was cold
1849,1849,3,Packaging could improve
1850,1850,2,Will order again
1851,1851,2,Will order again
1852,1852,3,Food was cold
1853,1853,3,Very tasty
1854,1854,2,Fast delivery
1855,1855,4,Excellent food
1856,1856,5,Highly recommended
1857,1857,4,Will order again
1858,1858,4,Late delivery
1859,1859,3,Average experience
1860,1860,3,Highly recommended
1861,1861,3,Packaging could improve
1862,1862,2,Packaging could improve
1863,1863,1,Highly recommended
1864,1864,1,Highly recommended
1865,1865,4,Food was cold
1866,1866,3,Late delivery
1867,1867,5,Food was cold
1868,1868,2,Will order again
1869,1869,4,Packaging could improve
1870,1870,4,Highly recommended
1871,1871,2,Packaging could improve
1872,1872,5,Loved it
1873,1873,1,Late delivery
1874,1874,5,Highly recommended
1875,1875,3,Fast delivery
1876,1876,2,Will order again
1877,1877,2,Fast delivery
1878,1878,1,Loved it
1879,1879,2,Very tasty
1880,1880,5,Late delivery
1881,1881,5,Average experience
1882,1882,1,Food was cold
1883,1883,5,Loved it
1884,1884,5,Late delivery
1885,1885,4,Will order again
1886,1886,2,Late delivery
1887,1887,3,Will order again
1888,1888,3,Excellent food
1889,1889,1,Excellent food
1890,1890,3,Will order again
1891,1891,2,Highly recommended
1892,1892,1,Highly recommended
1893,1893,3,Food was cold
1894,1894,2,Average experience
1895,1895,3,Highly recommended
1896,1896,4,Excellent food
1897,1897,2,Food was cold
1898,1898,1,Excellent food
1899,1899,5,Highly recommended
1900,1900,5,Fast delivery
1901,1901,1,Late delivery
1902,1902,1,Average experience
1903,1903,2,Excellent food
1904,1904,1,Fast delivery
1905,1905,3,Loved it
1906,1906,2,Fast delivery
1907,1907,5,Very tasty
1908,1908,2,Highly recommended
1909,1909,4,Fast delivery
1910,1910,5,Will order again
1911,1911,4,Excellent food
1912,1912,3,Will order again
1913,1913,4,Excellent food
1914,1914,2,Fast delivery
1915,1915,5,Very tasty
1916,1916,4,Excellent food
1917,1917,5,Packaging could improve
1918,1918,2,Food was cold
1919,1919,5,Very tasty
1920,1920,4,Food was cold
1921,1921,3,Packaging could improve
1922,1922,5,Food was cold
1923,1923,3,Very tasty
1924,1924,4,Packaging could improve
1925,1925,5,Food was cold
1926,1926,1,Late delivery
1927,1927,3,Loved it
1928,1928,2,Will order again
1929,1929,5,Packaging could improve
1930,1930,3,Excellent food
1931,1931,4,Very tasty
1932,1932,5,Very tasty
1933,1933,4,Will order again
1934,1934,5,Late delivery
1935,1935,4,Packaging could improve
1936,1936,5,Loved it
1937,1937,3,Highly recommended
1938,1938,1,Average experience
1939,1939,3,Average experience
1940,1940,3,Will order again
1941,1941,4,Highly recommended
1942,1942,4,Will order again
1943,1943,2,Packaging could improve
1944,1944,4,Highly recommended
1945,1945,3,Fast delivery
1946,1946,5,Loved it
1947,1947,1,Excellent food
1948,1948,3,Late delivery
1949,1949,3,Highly recommended
1950,1950,1,Excellent food
1951,1951,2,Excellent food
1952,1952,3,Highly recommended
1953,1953,5,Average experience
1954,1954,1,Highly recommended
1955,1955,1,Loved it
1956,1956,4,Excellent food
1957,1957,2,Will order again
1958,1958,5,Average experience
1959,1959,2,Packaging could improve
1960,1960,2,Highly recommended
1961,1961,1,Loved it
1962,1962,2,Food was cold
1963,1963,3,Average experience
1964,1964,4,Fast delivery
1965,1965,2,Very tasty
1966,1966,3,Average experience
1967,1967,1,Average experience
1968,1968,3,Highly recommended
1969,1969,3,Highly recommended
1970,1970,2,Food was cold
1971,1971,1,Average experience
1972,1972,3,Will order again
1973,1973,1,Highly recommended
1974,1974,5,Average experience
1975,1975,4,Highly recommended
1976,1976,3,Average experience
1977,1977,2,Will order again
1978,1978,5,Average experience
1979,1979,4,Will order again
1980,1980,2,Fast delivery
1981,1981,2,Will order again
1982,1982,3,Excellent food
1983,1983,5,Late delivery
1984,1984,3,Late delivery
1985,1985,4,Late delivery
1986,1986,3,Fast delivery
1987,1987,4,Loved it
1988,1988,2,Loved it
1989,1989,5,Average experience
1990,1990,3,Will order again
1991,1991,5,Highly recommended
1992,1992,3,Average experience
1993,1993,3,Will order again
1994,1994,4,Late delivery
1995,1995,1,Will order again
1996,1996,5,Food was cold
1997,1997,3,Very tasty
1998,1998,2,Loved it
1999,1999,2,Loved it
2000,2000,3,Will order again
2001,2001,4,Loved it
2002,2002,1,Highly recommended
2003,2003,4,Fast delivery
2004,2004,2,Late delivery
2005,2005,3,Loved it
2006,2006,3,Excellent food
2007,2007,5,Average experience
2008,2008,1,Fast delivery
2009,2009,1,Fast delivery
2010,2010,3,Average experience
2011,2011,3,Loved it
2012,2012,2,Average experience
2013,2013,4,Very tasty
2014,2014,2,Excellent food
2015,2015,4,Very tasty
2016,2016,3,Packaging could improve
2017,2017,1,Excellent food
2018,2018,3,Loved it
2019,2019,3,Fast delivery
2020,2020,5,Late delivery
2021,2021,1,Food was cold
2022,2022,5,Loved it
2023,2023,5,Packaging could improve
2024,2024,2,Will order again
2025,2025,2,Late delivery
2026,2026,2,Excellent food
2027,2027,1,Late delivery
2028,2028,3,Food was cold
2029,2029,4,Packaging could improve
2030,2030,3,Food was cold
2031,2031,2,Loved it
2032,2032,1,Late delivery
2033,2033,1,Loved it
2034,2034,4,Fast delivery
2035,2035,4,Very tasty
2036,2036,5,Packaging could improve
2037,2037,3,Fast delivery
2038,2038,2,Very tasty
2039,2039,1,Fast delivery
2040,2040,2,Average experience
2041,2041,4,Will order again
2042,2042,1,Food was cold
2043,2043,2,Loved it
2044,2044,1,Highly recommended
2045,2045,5,Excellent food
2046,2046,5,Packaging could improve
2047,2047,1,Highly recommended
2048,2048,4,Fast delivery
2049,2049,1,Will order again
2050,2050,5,Fast delivery
2051,2051,4,Excellent food
2052,2052,2,Fast delivery
2053,2053,4,Fast delivery
2054,2054,3,Will order again
2055,2055,4,Highly recommended
2056,2056,3,Late delivery
2057,2057,3,Food was cold
2058,2058,3,Food was cold
2059,2059,1,Late delivery
2060,2060,4,Average experience
2061,2061,5,Highly recommended
2062,2062,2,Very tasty
2063,2063,5,Excellent food
2064,2064,1,Highly recommended
2065,2065,4,Loved it
2066,2066,5,Fast delivery
2067,2067,4,Late delivery
2068,2068,1,Very tasty
2069,2069,2,Excellent food
2070,2070,1,Highly recommended
2071,2071,1,Highly recommended
2072,2072,2,Will order again
2073,2073,4,Loved it
2074,2074,3,Average experience
2075,2075,1,Excellent food
2076,2076,1,Food was cold
2077,2077,5,Excellent food
2078,2078,1,Average experience
2079,2079,3,Excellent food
2080,2080,4,Packaging could improve
2081,2081,4,Will order again
2082,2082,1,Loved it
2083,2083,3,Will order again
2084,2084,5,Fast delivery
2085,2085,5,Average experience
2086,2086,4,Will order again
2087,2087,2,Excellent food
2088,2088,1,Food was cold
2089,2089,5,Late delivery
2090,2090,5,Fast delivery
2091,2091,3,Average experience
2092,2092,4,Average experience
2093,2093,5,Highly recommended
2094,2094,5,Will order again
2095,2095,1,Highly recommended
2096,2096,5,Highly recommended
2097,2097,3,Average experience
2098,2098,3,Average experience
2099,2099,3,Food was cold
2100,2100,2,Food was cold
2101,2101,1,Food was cold
2102,2102,3,Loved it
2103,2103,3,Late delivery
2104,2104,5,Fast delivery
2105,2105,3,Fast delivery
2106,2106,2,Loved it
2107,2107,4,Loved it
2108,2108,5,Highly recommended
2109,2109,3,Packaging could improve
2110,2110,3,Food was cold
2111,2111,4,Average experience
2112,2112,5,Late delivery
2113,2113,5,Will order again
2114,2114,4,Packaging could improve
2115,2115,2,Highly recommended
2116,2116,2,Very tasty
2117,2117,5,Will order again
2118,2118,1,Excellent food
2119,2119,2,Packaging could improve
2120,2120,2,Will order again
2121,2121,2,Average experience
2122,2122,1,Late delivery
2123,2123,1,Food was cold
2124,2124,3,Packaging could improve
2125,2125,1,Packaging could improve
2126,2126,4,Very tasty
2127,2127,4,Late delivery
2128,2128,4,Late delivery
2129,2129,4,Loved it
2130,2130,2,Food was cold
2131,2131,4,Highly recommended
2132,2132,4,Excellent food
2133,2133,3,Excellent food
2134,2134,2,Excellent food
2135,2135,3,Excellent food
2136,2136,4,Fast delivery
2137,2137,4,Average experience
2138,2138,4,Excellent food
2139,2139,1,Very tasty
2140,2140,4,Will order again
2141,2141,5,Food was cold
2142,2142,4,Average experience
2143,2143,4,Highly recommended
2144,2144,1,Fast delivery
2145,2145,3,Excellent food
2146,2146,5,Late delivery
2147,2147,3,Fast delivery
2148,2148,2,Very tasty
2149,2149,2,Loved it
2150,2150,1,Packaging could improve
2151,2151,5,Highly recommended
2152,2152,2,Will order again
2153,2153,1,Loved it
2154,2154,2,Very tasty
2155,2155,2,Excellent food
2156,2156,3,Excellent food
2157,2157,5,Late delivery
2158,2158,2,Excellent food
2159,2159,2,Highly recommended
2160,2160,3,Will order again
2161,2161,4,Late delivery
2162,2162,3,Highly recommended
2163,2163,4,Late delivery
2164,2164,1,Loved it
2165,2165,3,Packaging could improve
2166,2166,1,Very tasty
2167,2167,4,Average experience
2168,2168,3,Will order again
2169,2169,1,Packaging could improve
2170,2170,5,Food was cold
2171,2171,4,Highly recommended
2172,2172,4,Will order again
2173,2173,5,Very tasty
2174,2174,1,Excellent food
2175,2175,5,Average experience
2176,2176,2,Fast delivery
2177,2177,4,Late delivery
2178,2178,2,Average experience
2179,2179,2,Packaging could improve
2180,2180,4,Late delivery
2181,2181,4,Very tasty
2182,2182,1,Packaging could improve
2183,2183,3,Very tasty
2184,2184,5,Fast delivery
2185,2185,5,Packaging could improve
2186,2186,5,Average experience
2187,2187,2,Very tasty
2188,2188,2,Loved it
2189,2189,5,Late delivery
2190,2190,4,Food was cold
2191,2191,1,Loved it
2192,2192,3,Highly recommended
2193,2193,4,Excellent food
2194,2194,5,Fast delivery
2195,2195,4,Average experience
2196,2196,2,Excellent food
2197,2197,4,Late delivery
2198,2198,2,Packaging could improve
2199,2199,4,Late delivery
2200,2200,3,Very tasty
2201,2201,3,Loved it
2202,2202,3,Very tasty
2203,2203,4,Loved it
2204,2204,4,Food was cold
2205,2205,2,Late delivery
2206,2206,2,Excellent food
2207,2207,4,Loved it
2208,2208,2,Loved it
2209,2209,1,Packaging could improve
2210,2210,1,Loved it
2211,2211,4,Fast delivery
2212,2212,3,Average experience
2213,2213,5,Packaging could improve
2214,2214,1,Will order again
2215,2215,3,Food was cold
2216,2216,3,Highly recommended
2217,2217,3,Very tasty
2218,2218,4,Loved it
2219,2219,3,Late delivery
2220,2220,1,Packaging could improve
2221,2221,3,Late delivery
2222,2222,5,Fast delivery
2223,2223,5,Highly recommended
2224,2224,3,Fast delivery
2225,2225,5,Average experience
2226,2226,3,Late delivery
2227,2227,5,Late delivery
2228,2228,5,Very tasty
2229,2229,5,Fast delivery
2230,2230,4,Food was cold
2231,2231,3,Packaging could improve
2232,2232,4,Highly recommended
2233,2233,4,Very tasty
2234,2234,4,Average experience
2235,2235,5,Late delivery
2236,2236,5,Will order again
2237,2237,5,Excellent food
2238,2238,3,Will order again
2239,2239,4,Will order again
2240,2240,1,Excellent food
2241,2241,2,Very tasty
2242,2242,5,Will order again
2243,2243,2,Average experience
2244,2244,2,Average experience
2245,2245,5,Excellent food
2246,2246,2,Will order again
2247,2247,1,Packaging could improve
2248,2248,5,Packaging could improve
2249,2249,3,Will order again
2250,2250,2,Late delivery
2251,2251,5,Highly recommended
2252,2252,4,Average experience
2253,2253,5,Late delivery
2254,2254,4,Packaging could improve
2255,2255,5,Highly recommended
2256,2256,5,Average experience
2257,2257,1,Late delivery
2258,2258,5,Food was cold
2259,2259,4,Packaging could improve
2260,2260,4,Average experience
2261,2261,5,Fast delivery
2262,2262,1,Food was cold
2263,2263,4,Late delivery
2264,2264,3,Loved it
2265,2265,3,Fast delivery
2266,2266,4,Fast delivery
2267,2267,1,Very tasty
2268,2268,1,Highly recommended
2269,2269,2,Average experience
2270,2270,1,Excellent food
2271,2271,1,Excellent food
2272,2272,2,Food was cold
2273,2273,3,Average experience
2274,2274,2,Will order again
2275,2275,4,Loved it
2276,2276,4,Very tasty
2277,2277,3,Packaging could improve
2278,2278,5,Very tasty
2279,2279,2,Will order again
2280,2280,4,Highly recommended
2281,2281,4,Loved it
2282,2282,2,Will order again
2283,2283,3,Late delivery
2284,2284,2,Very tasty
2285,2285,2,Loved it
2286,2286,4,Fast delivery
2287,2287,2,Average experience
2288,2288,2,Excellent food
2289,2289,2,Food was cold
2290,2290,2,Packaging could improve
2291,2291,1,Loved it
2292,2292,2,Loved it
2293,2293,2,Highly recommended
2294,2294,5,Late delivery
2295,2295,5,Highly recommended
2296,2296,2,Packaging could improve
2297,2297,1,Average experience
2298,2298,2,Packaging could improve
2299,2299,3,Very tasty
2300,2300,3,Will order again
2301,2301,1,Average experience
2302,2302,5,Fast delivery
2303,2303,3,Highly recommended
2304,2304,2,Packaging could improve
2305,2305,5,Average experience
2306,2306,2,Late delivery
2307,2307,3,Food was cold
2308,2308,2,Food was cold
2309,2309,1,Will order again
2310,2310,3,Late delivery
2311,2311,3,Loved it
2312,2312,1,Packaging could improve
2313,2313,1,Excellent food
2314,2314,5,Average experience
2315,2315,3,Loved it
2316,2316,3,Late delivery
2317,2317,3,Very tasty
2318,2318,4,Very tasty
2319,2319,2,Loved it
2320,2320,4,Late delivery
2321,2321,2,Highly recommended
2322,2322,1,Late delivery
2323,2323,3,Highly recommended
2324,2324,5,Average experience
2325,2325,3,Average experience
2326,2326,3,Average experience
2327,2327,4,Loved it
2328,2328,5,Late delivery
2329,2329,5,Loved it
2330,2330,4,Fast delivery
2331,2331,3,Excellent food
2332,2332,4,Excellent food
2333,2333,4,Very tasty
2334,2334,2,Loved it
2335,2335,5,Packaging could improve
2336,2336,2,Loved it
2337,2337,4,Fast delivery
2338,2338,5,Excellent food
2339,2339,5,Fast delivery
2340,2340,2,Loved it
2341,2341,2,Late delivery
2342,2342,3,Food was cold
2343,2343,5,Average experience
2344,2344,4,Loved it
2345,2345,3,Late delivery
2346,2346,3,Late delivery
2347,2347,4,Late delivery
2348,2348,5,Packaging could improve
2349,2349,2,Food was cold
2350,2350,1,Excellent food
2351,2351,4,Average experience
2352,2352,5,Food was cold
2353,2353,1,Excellent food
2354,2354,5,Fast delivery
2355,2355,4,Excellent food
2356,2356,1,Highly recommended
2357,2357,2,Packaging could improve
2358,2358,5,Excellent food
2359,2359,4,Excellent food
2360,2360,2,Excellent food
2361,2361,5,Packaging could improve
2362,2362,4,Fast delivery
2363,2363,2,Very tasty
2364,2364,1,Average experience
2365,2365,4,Fast delivery
2366,2366,4,Very tasty
2367,2367,4,Excellent food
2368,2368,5,Food was cold
2369,2369,1,Will order again
2370,2370,2,Very tasty
2371,2371,2,Food was cold
2372,2372,3,Average experience
2373,2373,1,Average experience
2374,2374,2,Fast delivery
2375,2375,1,Loved it
2376,2376,3,Excellent food
2377,2377,3,Excellent food
2378,2378,3,Excellent food
2379,2379,2,Will order again
2380,2380,3,Will order again
2381,2381,4,Loved it
2382,2382,3,Will order again
2383,2383,3,Average experience
2384,2384,1,Highly recommended
2385,2385,5,Food was cold
2386,2386,4,Late delivery
2387,2387,3,Excellent food
2388,2388,2,Will order again
2389,2389,5,Fast delivery
2390,2390,2,Excellent food
2391,2391,2,Will order again
2392,2392,5,Fast delivery
2393,2393,2,Loved it
2394,2394,2,Fast delivery
2395,2395,1,Late delivery
2396,2396,5,Loved it
2397,2397,3,Food was cold
2398,2398,2,Excellent food
2399,2399,4,Highly recommended
2400,2400,3,Food was cold
2401,2401,2,Very tasty
2402,2402,2,Highly recommended
2403,2403,1,Fast delivery
2404,2404,4,Loved it
2405,2405,3,Will order again
2406,2406,2,Very tasty
2407,2407,4,Will order again
2408,2408,3,Late delivery
2409,2409,5,Late delivery
2410,2410,4,Very tasty
2411,2411,4,Average experience
2412,2412,3,Loved it
2413,2413,1,Packaging could improve
2414,2414,1,Highly recommended
2415,2415,4,Loved it
2416,2416,1,Food was cold
2417,2417,4,Late delivery
2418,2418,3,Packaging could improve
2419,2419,1,Very tasty
2420,2420,1,Excellent food
2421,2421,3,Fast delivery
2422,2422,3,Late delivery
2423,2423,4,Loved it
2424,2424,3,Packaging could improve
2425,2425,4,Food was cold
2426,2426,5,Highly recommended
2427,2427,1,Average experience
2428,2428,2,Highly recommended
2429,2429,5,Late delivery
2430,2430,1,Very tasty
2431,2431,4,Packaging could improve
2432,2432,4,Excellent food
2433,2433,1,Fast delivery
2434,2434,4,Highly recommended
2435,2435,3,Fast delivery
2436,2436,2,Excellent food
2437,2437,5,Excellent food
2438,2438,1,Packaging could improve
2439,2439,4,Loved it
2440,2440,2,Loved it
2441,2441,4,Food was cold
2442,2442,5,Will order again
2443,2443,1,Highly recommended
2444,2444,3,Loved it
2445,2445,1,Average experience
2446,2446,1,Excellent food
2447,2447,4,Very tasty
2448,2448,3,Loved it
2449,2449,5,Highly recommended
2450,2450,4,Packaging could improve
2451,2451,4,Excellent food
2452,2452,4,Food was cold
2453,2453,1,Very tasty
2454,2454,4,Excellent food
2455,2455,3,Loved it
2456,2456,3,Food was cold
2457,2457,5,Very tasty
2458,2458,5,Excellent food
2459,2459,4,Average experience
2460,2460,2,Will order again
2461,2461,5,Excellent food
2462,2462,2,Highly recommended
2463,2463,1,Food was cold
2464,2464,4,Late delivery
2465,2465,5,Very tasty
2466,2466,4,Highly recommended
2467,2467,3,Highly recommended
2468,2468,2,Will order again
2469,2469,2,Loved it
2470,2470,2,Highly recommended
2471,2471,4,Average experience
2472,2472,2,Late delivery
2473,2473,5,Excellent food
2474,2474,3,Fast delivery
2475,2475,2,Fast delivery
2476,2476,5,Average experience
2477,2477,2,Excellent food
2478,2478,2,Loved it
2479,2479,5,Average experience
2480,2480,1,Highly recommended
2481,2481,1,Very tasty
2482,2482,3,Fast delivery
2483,2483,1,Loved it
2484,2484,3,Will order again
2485,2485,1,Average experience
2486,2486,4,Highly recommended
2487,2487,3,Fast delivery
2488,2488,3,Late delivery
2489,2489,1,Food was cold
2490,2490,2,Excellent food
2491,2491,3,Will order again
2492,2492,3,Excellent food
2493,2493,5,Highly recommended
2494,2494,1,Packaging could improve
2495,2495,1,Loved it
2496,2496,2,Highly recommended
2497,2497,5,Loved it
2498,2498,4,Packaging could improve
2499,2499,3,Food was cold
2500,2500,3,Will order again
2501,2501,3,Fast delivery
2502,2502,3,Food was cold
2503,2503,1,Packaging could improve
2504,2504,3,Highly recommended
2505,2505,5,Excellent food
2506,2506,5,Late delivery
2507,2507,5,Loved it
2508,2508,3,Will order again
2509,2509,3,Late delivery
2510,2510,1,Loved it
2511,2511,3,Excellent food
2512,2512,2,Highly recommended
2513,2513,5,Highly recommended
2514,2514,3,Very tasty
2515,2515,1,Fast delivery
2516,2516,5,Will order again
2517,2517,5,Will order again
2518,2518,2,Loved it
2519,2519,2,Loved it
2520,2520,3,Loved it
2521,2521,2,Fast delivery
2522,2522,3,Fast delivery
2523,2523,2,Packaging could improve
2524,2524,2,Food was cold
2525,2525,4,Will order again
2526,2526,1,Loved it
2527,2527,3,Highly recommended
2528,2528,1,Packaging could improve
2529,2529,4,Very tasty
2530,2530,2,Late delivery
2531,2531,1,Excellent food
2532,2532,2,Very tasty
2533,2533,5,Excellent food
2534,2534,1,Excellent food
2535,2535,4,Packaging could improve
2536,2536,5,Late delivery
2537,2537,2,Excellent food
2538,2538,4,Will order again
2539,2539,3,Highly recommended
2540,2540,1,Very tasty
2541,2541,1,Packaging could improve
2542,2542,2,Highly recommended
2543,2543,5,Will order again
2544,2544,1,Will order again
2545,2545,3,Packaging could improve
2546,2546,5,Late delivery
2547,2547,2,Late delivery
2548,2548,1,Very tasty
2549,2549,5,Highly recommended
2550,2550,2,Highly recommended
2551,2551,1,Will order again
2552,2552,2,Average experience
2553,2553,4,Fast delivery
2554,2554,3,Loved it
2555,2555,2,Late delivery
2556,2556,4,Packaging could improve
2557,2557,3,Will order again
2558,2558,2,Very tasty
2559,2559,5,Loved it
2560,2560,5,Average experience
2561,2561,3,Loved it
2562,2562,5,Late delivery
2563,2563,3,Packaging could improve
2564,2564,1,Food was cold
2565,2565,2,Will order again
2566,2566,2,Highly recommended
2567,2567,2,Fast delivery
2568,2568,2,Excellent food
2569,2569,1,Loved it
2570,2570,1,Fast delivery
2571,2571,2,Will order again
2572,2572,5,Food was cold
2573,2573,5,Will order again
2574,2574,1,Late delivery
2575,2575,5,Packaging could improve
2576,2576,4,Will order again
2577,2577,5,Will order again
2578,2578,3,Food was cold
2579,2579,3,Average experience
2580,2580,5,Excellent food
2581,2581,3,Loved it
2582,2582,5,Fast delivery
2583,2583,5,Very tasty
2584,2584,2,Highly recommended
2585,2585,2,Excellent food
2586,2586,1,Food was cold
2587,2587,1,Excellent food
2588,2588,5,Packaging could improve
2589,2589,3,Packaging could improve
2590,2590,2,Highly recommended
2591,2591,3,Very tasty
2592,2592,2,Will order again
2593,2593,5,Highly recommended
2594,2594,1,Loved it
2595,2595,4,Average experience
2596,2596,5,Packaging could improve
2597,2597,1,Very tasty
2598,2598,4,Excellent food
2599,2599,3,Excellent food
2600,2600,4,Very tasty
2601,2601,5,Food was cold
2602,2602,1,Packaging could improve
2603,2603,1,Will order again
2604,2604,3,Loved it
2605,2605,5,Average experience
2606,2606,1,Food was cold
2607,2607,5,Average experience
2608,2608,1,Packaging could improve
2609,2609,3,Late delivery
2610,2610,1,Very tasty
2611,2611,4,Loved it
2612,2612,4,Fast delivery
2613,2613,4,Food was cold
2614,2614,4,Late delivery
2615,2615,2,Fast delivery
2616,2616,5,Fast delivery
2617,2617,5,Food was cold
2618,2618,2,Excellent food
2619,2619,1,Fast delivery
2620,2620,2,Food was cold
2621,2621,4,Excellent food
2622,2622,3,Fast delivery
2623,2623,5,Loved it
2624,2624,3,Highly recommended
2625,2625,2,Food was cold
2626,2626,4,Very tasty
2627,2627,4,Very tasty
2628,2628,1,Late delivery
2629,2629,4,Packaging could improve
2630,2630,1,Excellent food
2631,2631,1,Will order again
2632,2632,1,Fast delivery
2633,2633,5,Food was cold
2634,2634,5,Food was cold
2635,2635,4,Fast delivery
2636,2636,3,Loved it
2637,2637,5,Excellent food
2638,2638,5,Food was cold
2639,2639,1,Very tasty
2640,2640,1,Average experience
2641,2641,2,Fast delivery
2642,2642,2,Will order again
2643,2643,1,Highly recommended
2644,2644,1,Very tasty
2645,2645,1,Late delivery
2646,2646,1,Late delivery
2647,2647,5,Late delivery
2648,2648,1,Late delivery
2649,2649,1,Will order again
2650,2650,3,Loved it
2651,2651,2,Fast delivery
2652,2652,1,Average experience
2653,2653,4,Packaging could improve
2654,2654,2,Very tasty
2655,2655,4,Packaging could improve
2656,2656,3,Will order again
2657,2657,2,Very tasty
2658,2658,2,Loved it
2659,2659,5,Will order again
2660,2660,3,Packaging could improve
2661,2661,1,Packaging could improve
2662,2662,1,Late delivery
2663,2663,4,Highly recommended
2664,2664,3,Highly recommended
2665,2665,2,Loved it
2666,2666,1,Excellent food
2667,2667,2,Loved it
2668,2668,2,Fast delivery
2669,2669,4,Highly recommended
2670,2670,3,Late delivery
2671,2671,4,Late delivery
2672,2672,3,Excellent food
2673,2673,2,Packaging could improve
2674,2674,5,Excellent food
2675,2675,3,Very tasty
2676,2676,5,Fast delivery
2677,2677,2,Fast delivery
2678,2678,1,Late delivery
2679,2679,1,Average experience
2680,2680,1,Late delivery
2681,2681,5,Average experience
2682,2682,2,Very tasty
2683,2683,1,Fast delivery
2684,2684,1,Food was cold
2685,2685,1,Excellent food
2686,2686,1,Very tasty
2687,2687,3,Very tasty
2688,2688,5,Excellent food
2689,2689,3,Late delivery
2690,2690,4,Fast delivery
2691,2691,1,Highly recommended
2692,2692,5,Average experience
2693,2693,4,Very tasty
2694,2694,5,Fast delivery
2695,2695,2,Excellent food
2696,2696,3,Late delivery
2697,2697,2,Excellent food
2698,2698,1,Highly recommended
2699,2699,2,Will order again
2700,2700,5,Food was cold
2701,2701,1,Will order again
2702,2702,4,Loved it
2703,2703,5,Packaging could improve
2704,2704,2,Loved it
2705,2705,2,Highly recommended
2706,2706,3,Average experience
2707,2707,1,Fast delivery
2708,2708,2,Late delivery
2709,2709,3,Late delivery
2710,2710,2,Will order again
2711,2711,2,Will order again
2712,2712,4,Packaging could improve
2713,2713,2,Very tasty
2714,2714,3,Late delivery
2715,2715,4,Loved it
2716,2716,3,Will order again
2717,2717,4,Highly recommended
2718,2718,5,Loved it
2719,2719,3,Will order again
2720,2720,3,Loved it
2721,2721,3,Average experience
2722,2722,2,Highly recommended
2723,2723,4,Food was cold
2724,2724,5,Food was cold
2725,2725,4,Average experience
2726,2726,1,Excellent food
2727,2727,5,Excellent food
2728,2728,3,Will order again
2729,2729,5,Loved it
2730,2730,5,Will order again
2731,2731,2,Excellent food
2732,2732,2,Packaging could improve
2733,2733,4,Will order again
2734,2734,2,Excellent food
2735,2735,5,Very tasty
2736,2736,1,Fast delivery
2737,2737,1,Will order again
2738,2738,1,Packaging could improve
2739,2739,2,Loved it
2740,2740,4,Fast delivery
2741,2741,5,Very tasty
2742,2742,4,Late delivery
2743,2743,2,Late delivery
2744,2744,1,Excellent food
2745,2745,1,Late delivery
2746,2746,1,Will order again
2747,2747,5,Food was cold
2748,2748,1,Loved it
2749,2749,5,Very tasty
2750,2750,2,Highly recommended
2751,2751,2,Will order again
2752,2752,4,Average experience
2753,2753,1,Will order again
2754,2754,3,Loved it
2755,2755,2,Fast delivery
2756,2756,2,Fast delivery
2757,2757,5,Late delivery
2758,2758,2,Late delivery
2759,2759,5,Fast delivery
2760,2760,4,Highly recommended
2761,2761,2,Average experience
2762,2762,2,Fast delivery
2763,2763,4,Late delivery
2764,2764,2,Will order again
2765,2765,4,Highly recommended
2766,2766,2,Late delivery
2767,2767,4,Average experience
2768,2768,4,Average experience
2769,2769,1,Packaging could improve
2770,2770,2,Excellent food
2771,2771,2,Average experience
2772,2772,4,Excellent food
2773,2773,5,Very tasty
2774,2774,3,Excellent food
2775,2775,4,Packaging could improve
2776,2776,1,Fast delivery
2777,2777,1,Average experience
2778,2778,3,Fast delivery
2779,2779,3,Loved it
2780,2780,5,Packaging could improve
2781,2781,1,Will order again
2782,2782,1,Excellent food
2783,2783,4,Fast delivery
2784,2784,1,Food was cold
2785,2785,4,Excellent food
2786,2786,3,Average experience
2787,2787,4,Will order again
2788,2788,5,Loved it
2789,2789,5,Fast delivery
2790,2790,3,Fast delivery
2791,2791,3,Very tasty
2792,2792,5,Highly recommended
2793,2793,2,Late delivery
2794,2794,4,Food was cold
2795,2795,5,Will order again
2796,2796,5,Fast delivery
2797,2797,2,Will order again
2798,2798,2,Will order again
2799,2799,2,Excellent food
2800,2800,2,Average experience
2801,2801,5,Highly recommended
2802,2802,2,Loved it
2803,2803,5,Very tasty
2804,2804,5,Excellent food
2805,2805,3,Average experience
2806,2806,3,Will order again
2807,2807,3,Late delivery
2808,2808,3,Will order again
2809,2809,5,Late delivery
2810,2810,1,Late delivery
2811,2811,3,Highly recommended
2812,2812,1,Food was cold
2813,2813,3,Loved it
2814,2814,3,Will order again
2815,2815,3,Highly recommended
2816,2816,5,Late delivery
2817,2817,2,Excellent food
2818,2818,1,Excellent food
2819,2819,2,Very tasty
2820,2820,4,Packaging could improve
2821,2821,3,Fast delivery
2822,2822,5,Fast delivery
2823,2823,5,Late delivery
2824,2824,1,Excellent food
2825,2825,3,Loved it
2826,2826,4,Food was cold
2827,2827,2,Average experience
2828,2828,2,Food was cold
2829,2829,2,Excellent food
2830,2830,5,Fast delivery
2831,2831,5,Packaging could improve
2832,2832,1,Very tasty
2833,2833,4,Highly recommended
2834,2834,4,Highly recommended
2835,2835,5,Will order again
2836,2836,5,Will order again
2837,2837,1,Highly recommended
2838,2838,3,Excellent food
2839,2839,5,Will order again
2840,2840,1,Very tasty
2841,2841,2,Will order again
2842,2842,2,Excellent food
2843,2843,2,Very tasty
2844,2844,4,Excellent food
2845,2845,3,Very tasty
2846,2846,4,Food was cold
2847,2847,5,Very tasty
2848,2848,4,Packaging could improve
2849,2849,1,Late delivery
2850,2850,3,Average experience
2851,2851,3,Late delivery
2852,2852,1,Very tasty
2853,2853,3,Packaging could improve
2854,2854,4,Loved it
2855,2855,4,Excellent food
2856,2856,5,Excellent food
2857,2857,2,Late delivery
2858,2858,3,Highly recommended
2859,2859,5,Packaging could improve
2860,2860,1,Food was cold
2861,2861,5,Very tasty
2862,2862,2,Packaging could improve
2863,2863,4,Very tasty
2864,2864,2,Fast delivery
2865,2865,2,Average experience
2866,2866,4,Fast delivery
2867,2867,5,Average experience
2868,2868,5,Highly recommended
2869,2869,1,Food was cold
2870,2870,3,Highly recommended
2871,2871,3,Loved it
2872,2872,1,Packaging could improve
2873,2873,1,Late delivery
2874,2874,1,Will order again
2875,2875,5,Will order again
2876,2876,5,Late delivery
2877,2877,3,Excellent food
2878,2878,1,Average experience
2879,2879,3,Will order again
2880,2880,2,Packaging could improve
2881,2881,4,Highly recommended
2882,2882,4,Average experience
2883,2883,5,Very tasty
2884,2884,1,Will order again
2885,2885,3,Loved it
2886,2886,1,Very tasty
2887,2887,4,Very tasty
2888,2888,4,Late delivery
2889,2889,4,Excellent food
2890,2890,2,Food was cold
2891,2891,5,Fast delivery
2892,2892,3,Packaging could improve
2893,2893,1,Packaging could improve
2894,2894,5,Excellent food
2895,2895,2,Excellent food
2896,2896,3,Late delivery
2897,2897,3,Very tasty
2898,2898,5,Average experience
2899,2899,1,Excellent food
2900,2900,3,Packaging could improve
2901,2901,5,Late delivery
2902,2902,5,Loved it
2903,2903,1,Very tasty
2904,2904,5,Late delivery
2905,2905,2,Fast delivery
2906,2906,4,Excellent food
2907,2907,5,Late delivery
2908,2908,2,Packaging could improve
2909,2909,2,Excellent food
2910,2910,4,Excellent food
2911,2911,1,Fast delivery
2912,2912,1,Food was cold
2913,2913,1,Fast delivery
2914,2914,1,Highly recommended
2915,2915,5,Late delivery
2916,2916,3,Fast delivery
2917,2917,5,Very tasty
2918,2918,3,Average experience
2919,2919,3,Very tasty
2920,2920,2,Fast delivery
2921,2921,1,Excellent food
2922,2922,4,Late delivery
2923,2923,1,Average experience
2924,2924,2,Loved it
2925,2925,3,Packaging could improve
2926,2926,2,Highly recommended
2927,2927,5,Food was cold
2928,2928,2,Very tasty
2929,2929,4,Excellent food
2930,2930,5,Packaging could improve
2931,2931,3,Very tasty
2932,2932,2,Highly recommended
2933,2933,1,Food was cold
2934,2934,5,Very tasty
2935,2935,3,Packaging could improve
2936,2936,3,Average experience
2937,2937,5,Late delivery
2938,2938,5,Highly recommended
2939,2939,2,Average experience
2940,2940,1,Average experience
2941,2941,2,Average experience
2942,2942,4,Fast delivery
2943,2943,2,Highly recommended
2944,2944,5,Excellent food
2945,2945,1,Very tasty
2946,2946,3,Fast delivery
2947,2947,1,Will order again
2948,2948,1,Fast delivery
2949,2949,3,Packaging could improve
2950,2950,3,Packaging could improve
2951,2951,5,Food was cold
2952,2952,4,Very tasty
2953,2953,3,Excellent food
2954,2954,3,Will order again
2955,2955,3,Very tasty
2956,2956,3,Late delivery
2957,2957,1,Excellent food
2958,2958,2,Late delivery
2959,2959,4,Average experience
2960,2960,5,Fast delivery
2961,2961,5,Packaging could improve
2962,2962,3,Food was cold
2963,2963,3,Excellent food
2964,2964,4,Food was cold
2965,2965,3,Will order again
2966,2966,5,Loved it
2967,2967,5,Food was cold
2968,2968,4,Fast delivery
2969,2969,2,Packaging could improve
2970,2970,2,Late delivery
2971,2971,5,Late delivery
2972,2972,5,Loved it
2973,2973,5,Excellent food
2974,2974,2,Late delivery
2975,2975,1,Excellent food
2976,2976,2,Food was cold
2977,2977,5,Highly recommended
2978,2978,1,Packaging could improve
2979,2979,1,Loved it
2980,2980,5,Will order again
2981,2981,5,Average experience
2982,2982,5,Very tasty
2983,2983,3,Very tasty
2984,2984,1,Will order again
2985,2985,5,Will order again
2986,2986,4,Will order again
2987,2987,4,Fast delivery
2988,2988,2,Food was cold
2989,2989,1,Packaging could improve
2990,2990,3,Fast delivery
2991,2991,4,Food was cold
2992,2992,4,Fast delivery
2993,2993,1,Will order again
2994,2994,2,Average experience
2995,2995,4,Late delivery
2996,2996,4,Very tasty
2997,2997,2,Will order again
2998,2998,3,Will order again
2999,2999,2,Highly recommended
3000,3000,4,Average experience
3001,3001,1,Excellent food
3002,3002,3,Will order again
3003,3003,5,Fast delivery
3004,3004,1,Late delivery
3005,3005,4,Packaging could improve
3006,3006,3,Very tasty
3007,3007,2,Food was cold
3008,3008,3,Packaging could improve
3009,3009,5,Will order again
3010,3010,4,Fast delivery
3011,3011,5,Will order again
3012,3012,5,Average experience
3013,3013,1,Very tasty
3014,3014,3,Very tasty
3015,3015,1,Highly recommended
3016,3016,1,Fast delivery
3017,3017,4,Very tasty
3018,3018,1,Packaging could improve
3019,3019,5,Packaging could improve
3020,3020,3,Very tasty
3021,3021,4,Very tasty
3022,3022,3,Packaging could improve
3023,3023,1,Excellent food
3024,3024,1,Highly recommended
3025,3025,2,Food was cold
3026,3026,1,Very tasty
3027,3027,4,Very tasty
3028,3028,2,Late delivery
3029,3029,1,Excellent food
3030,3030,1,Fast delivery
3031,3031,5,Food was cold
3032,3032,2,Food was cold
3033,3033,2,Average experience
3034,3034,2,Will order again
3035,3035,5,Excellent food
3036,3036,1,Loved it
3037,3037,2,Packaging could improve
3038,3038,5,Late delivery
3039,3039,5,Fast delivery
3040,3040,4,Late delivery
3041,3041,5,Late delivery
3042,3042,4,Average experience
3043,3043,3,Highly recommended
3044,3044,2,Fast delivery
3045,3045,3,Fast delivery
3046,3046,5,Highly recommended
3047,3047,2,Highly recommended
3048,3048,5,Excellent food
3049,3049,4,Food was cold
3050,3050,2,Average experience
3051,3051,3,Fast delivery
3052,3052,4,Loved it
3053,3053,4,Loved it
3054,3054,3,Late delivery
3055,3055,2,Excellent food
3056,3056,5,Fast delivery
3057,3057,2,Average experience
3058,3058,4,Food was cold
3059,3059,1,Packaging could improve
3060,3060,1,Food was cold
3061,3061,5,Fast delivery
3062,3062,4,Very tasty
3063,3063,5,Excellent food
3064,3064,3,Will order again
3065,3065,5,Fast delivery
3066,3066,4,Average experience
3067,3067,5,Late delivery
3068,3068,3,Will order again
3069,3069,5,Packaging could improve
3070,3070,5,Food was cold
3071,3071,1,Will order again
3072,3072,3,Fast delivery
3073,3073,2,Packaging could improve
3074,3074,2,Excellent food
3075,3075,2,Average experience
3076,3076,5,Packaging could improve
3077,3077,4,Highly recommended
3078,3078,3,Fast delivery
3079,3079,1,Average experience
3080,3080,4,Excellent food
3081,3081,5,Will order again
3082,3082,3,Highly recommended
3083,3083,5,Excellent food
3084,3084,1,Fast delivery
3085,3085,5,Food was cold
3086,3086,2,Very tasty
3087,3087,2,Food was cold
3088,3088,3,Will order again
3089,3089,2,Packaging could improve
3090,3090,5,Packaging could improve
3091,3091,3,Food was cold
3092,3092,2,Highly recommended
3093,3093,3,Average experience
3094,3094,5,Will order again
3095,3095,4,Fast delivery
3096,3096,2,Average experience
3097,3097,5,Average experience
3098,3098,2,Average experience
3099,3099,1,Will order again
3100,3100,4,Average experience
3101,3101,3,Fast delivery
3102,3102,1,Excellent food
3103,3103,2,Excellent food
3104,3104,3,Packaging could improve
3105,3105,1,Loved it
3106,3106,4,Packaging could improve
3107,3107,1,Excellent food
3108,3108,3,Loved it
3109,3109,2,Fast delivery
3110,3110,5,Highly recommended
3111,3111,1,Late delivery
3112,3112,5,Will order again
3113,3113,5,Loved it
3114,3114,3,Average experience
3115,3115,3,Late delivery
3116,3116,1,Very tasty
3117,3117,5,Fast delivery
3118,3118,5,Late delivery
3119,3119,5,Loved it
3120,3120,2,Late delivery
3121,3121,5,Excellent food
3122,3122,4,Will order again
3123,3123,2,Excellent food
3124,3124,1,Will order again
3125,3125,1,Food was cold
3126,3126,4,Packaging could improve
3127,3127,2,Packaging could improve
3128,3128,3,Late delivery
3129,3129,4,Highly recommended
3130,3130,5,Fast delivery
3131,3131,5,Late delivery
3132,3132,5,Packaging could improve
3133,3133,1,Average experience
3134,3134,1,Fast delivery
3135,3135,5,Late delivery
3136,3136,5,Average experience
3137,3137,1,Excellent food
3138,3138,5,Average experience
3139,3139,2,Food was cold
3140,3140,4,Highly recommended
3141,3141,5,Average experience
3142,3142,4,Excellent food
3143,3143,5,Average experience
3144,3144,4,Will order again
3145,3145,5,Packaging could improve
3146,3146,5,Excellent food
3147,3147,3,Food was cold
3148,3148,3,Excellent food
3149,3149,4,Will order again
3150,3150,3,Food was cold
3151,3151,1,Fast delivery
3152,3152,5,Food was cold
3153,3153,1,Highly recommended
3154,3154,2,Will order again
3155,3155,4,Will order again
3156,3156,1,Loved it
3157,3157,5,Fast delivery
3158,3158,1,Late delivery
3159,3159,1,Packaging could improve
3160,3160,3,Loved it
3161,3161,2,Very tasty
3162,3162,3,Food was cold
3163,3163,1,Fast delivery
3164,3164,3,Loved it
3165,3165,5,Fast delivery
3166,3166,4,Highly recommended
3167,3167,3,Average experience
3168,3168,3,Average experience
3169,3169,4,Food was cold
3170,3170,1,Highly recommended
3171,3171,3,Highly recommended
3172,3172,5,Will order again
3173,3173,3,Excellent food
3174,3174,4,Highly recommended
3175,3175,1,Excellent food
3176,3176,1,Late delivery
3177,3177,4,Highly recommended
3178,3178,3,Loved it
3179,3179,5,Late delivery
3180,3180,4,Highly recommended
3181,3181,2,Very tasty
3182,3182,1,Loved it
3183,3183,1,Highly recommended
3184,3184,1,Fast delivery
3185,3185,3,Fast delivery
3186,3186,1,Will order again
3187,3187,4,Highly recommended
3188,3188,1,Excellent food
3189,3189,2,Loved it
3190,3190,2,Average experience
3191,3191,4,Very tasty
3192,3192,5,Fast delivery
3193,3193,2,Fast delivery
3194,3194,5,Late delivery
3195,3195,1,Excellent food
3196,3196,5,Loved it
3197,3197,2,Excellent food
3198,3198,1,Very tasty
3199,3199,5,Late delivery
3200,3200,1,Highly recommended
3201,3201,3,Very tasty
3202,3202,2,Excellent food
3203,3203,4,Highly recommended
3204,3204,2,Fast delivery
3205,3205,5,Will order again
3206,3206,3,Average experience
3207,3207,5,Will order again
3208,3208,5,Food was cold
3209,3209,2,Packaging could improve
3210,3210,2,Excellent food
3211,3211,5,Will order again
3212,3212,5,Packaging could improve
3213,3213,2,Excellent food
3214,3214,3,Packaging could improve
3215,3215,4,Food was cold
3216,3216,3,Late delivery
3217,3217,4,Food was cold
3218,3218,4,Highly recommended
3219,3219,2,Food was cold
3220,3220,1,Packaging could improve
3221,3221,3,Food was cold
3222,3222,3,Very tasty
3223,3223,1,Loved it
3224,3224,3,Fast delivery
3225,3225,3,Loved it
3226,3226,1,Highly recommended
3227,3227,4,Loved it
3228,3228,1,Food was cold
3229,3229,1,Packaging could improve
3230,3230,4,Highly recommended
3231,3231,1,Fast delivery
3232,3232,1,Late delivery
3233,3233,5,Loved it
3234,3234,2,Highly recommended
3235,3235,2,Will order again
3236,3236,4,Highly recommended
3237,3237,2,Highly recommended
3238,3238,3,Very tasty
3239,3239,5,Will order again
3240,3240,4,Very tasty
3241,3241,4,Very tasty
3242,3242,4,Average experience
3243,3243,2,Will order again
3244,3244,2,Highly recommended
3245,3245,2,Excellent food
3246,3246,4,Loved it
3247,3247,1,Late delivery
3248,3248,5,Average experience
3249,3249,3,Highly recommended
3250,3250,3,Will order again
3251,3251,5,Loved it
3252,3252,3,Packaging could improve
3253,3253,5,Very tasty
3254,3254,4,Highly recommended
3255,3255,3,Late delivery
3256,3256,2,Will order again
3257,3257,1,Food was cold
3258,3258,4,Will order again
3259,3259,3,Excellent food
3260,3260,2,Loved it
3261,3261,2,Will order again
3262,3262,4,Late delivery
3263,3263,5,Very tasty
3264,3264,3,Food was cold
3265,3265,1,Very tasty
3266,3266,2,Highly recommended
3267,3267,3,Very tasty
3268,3268,4,Food was cold
3269,3269,5,Packaging could improve
3270,3270,5,Loved it
3271,3271,3,Food was cold
3272,3272,2,Highly recommended
3273,3273,4,Highly recommended
3274,3274,4,Excellent food
3275,3275,3,Will order again
3276,3276,2,Excellent food
3277,3277,2,Very tasty
3278,3278,5,Food was cold
3279,3279,3,Very tasty
3280,3280,2,Loved it
3281,3281,5,Fast delivery
3282,3282,2,Loved it
3283,3283,3,Excellent food
3284,3284,3,Will order again
3285,3285,3,Packaging could improve
3286,3286,1,Very tasty
3287,3287,3,Late delivery
3288,3288,1,Late delivery
3289,3289,3,Packaging could improve
3290,3290,2,Loved it
3291,3291,4,Packaging could improve
3292,3292,3,Excellent food
3293,3293,4,Very tasty
3294,3294,3,Very tasty
3295,3295,3,Food was cold
3296,3296,2,Fast delivery
3297,3297,3,Will order again
3298,3298,4,Fast delivery
3299,3299,4,Average experience
3300,3300,3,Highly recommended
3301,3301,4,Food was cold
3302,3302,3,Will order again
3303,3303,1,Packaging could improve
3304,3304,2,Packaging could improve
3305,3305,5,Fast delivery
3306,3306,5,Food was cold
3307,3307,3,Fast delivery
3308,3308,1,Excellent food
3309,3309,2,Will order again
3310,3310,1,Loved it
3311,3311,5,Excellent food
3312,3312,3,Food was cold
3313,3313,1,Very tasty
3314,3314,3,Will order again
3315,3315,2,Loved it
3316,3316,5,Highly recommended
3317,3317,3,Food was cold
3318,3318,5,Fast delivery
3319,3319,4,Packaging could improve
3320,3320,3,Fast delivery
3321,3321,2,Highly recommended
3322,3322,4,Excellent food
3323,3323,3,Fast delivery
3324,3324,3,Very tasty
3325,3325,1,Average experience
3326,3326,1,Excellent food
3327,3327,3,Very tasty
3328,3328,2,Highly recommended
3329,3329,1,Will order again
3330,3330,3,Average experience
3331,3331,1,Late delivery
3332,3332,5,Late delivery
3333,3333,5,Packaging could improve
3334,3334,4,Highly recommended
3335,3335,5,Packaging could improve
3336,3336,2,Very tasty
3337,3337,1,Excellent food
3338,3338,2,Excellent food
3339,3339,2,Highly recommended
3340,3340,3,Excellent food
3341,3341,2,Fast delivery
3342,3342,5,Average experience
3343,3343,5,Packaging could improve
3344,3344,3,Loved it
3345,3345,1,Highly recommended
3346,3346,5,Excellent food
3347,3347,2,Highly recommended
3348,3348,5,Loved it
3349,3349,1,Loved it
3350,3350,2,Food was cold
3351,3351,1,Excellent food
3352,3352,5,Loved it
3353,3353,5,Will order again
3354,3354,3,Will order again
3355,3355,2,Highly recommended
3356,3356,1,Highly recommended
3357,3357,1,Food was cold
3358,3358,1,Highly recommended
3359,3359,1,Packaging could improve
3360,3360,5,Highly recommended
3361,3361,5,Very tasty
3362,3362,2,Excellent food
3363,3363,5,Average experience
3364,3364,2,Food was cold
3365,3365,2,Late delivery
3366,3366,3,Food was cold
3367,3367,4,Packaging could improve
3368,3368,5,Very tasty
3369,3369,2,Highly recommended
3370,3370,4,Fast delivery
3371,3371,5,Packaging could improve
3372,3372,5,Average experience
3373,3373,2,Average experience
3374,3374,1,Excellent food
3375,3375,1,Excellent food
3376,3376,3,Loved it
3377,3377,4,Late delivery
3378,3378,2,Loved it
3379,3379,4,Packaging could improve
3380,3380,2,Highly recommended
3381,3381,4,Average experience
3382,3382,2,Packaging could improve
3383,3383,2,Very tasty
3384,3384,4,Fast delivery
3385,3385,4,Fast delivery
3386,3386,5,Excellent food
3387,3387,5,Loved it
3388,3388,5,Food was cold
3389,3389,4,Food was cold
3390,3390,4,Late delivery
3391,3391,5,Very tasty
3392,3392,5,Packaging could improve
3393,3393,5,Average experience
3394,3394,1,Average experience
3395,3395,3,Very tasty
3396,3396,2,Packaging could improve
3397,3397,3,Loved it
3398,3398,3,Highly recommended
3399,3399,5,Food was cold
3400,3400,5,Highly recommended
3401,3401,2,Excellent food
3402,3402,1,Will order again
3403,3403,3,Food was cold
3404,3404,1,Fast delivery
3405,3405,1,Food was cold
3406,3406,2,Food was cold
3407,3407,3,Very tasty
3408,3408,3,Food was cold
3409,3409,2,Loved it
3410,3410,3,Highly recommended
3411,3411,1,Packaging could improve
3412,3412,1,Average experience
3413,3413,4,Late delivery
3414,3414,1,Late delivery
3415,3415,2,Food was cold
3416,3416,1,Very tasty
3417,3417,2,Highly recommended
3418,3418,5,Excellent food
3419,3419,4,Excellent food
3420,3420,1,Will order again
3421,3421,4,Excellent food
3422,3422,5,Late delivery
3423,3423,1,Will order again
3424,3424,2,Will order again
3425,3425,4,Will order again
3426,3426,1,Fast delivery
3427,3427,3,Food was cold
3428,3428,5,Will order again
3429,3429,2,Fast delivery
3430,3430,4,Fast delivery
3431,3431,2,Loved it
3432,3432,2,Average experience
3433,3433,5,Very tasty
3434,3434,3,Food was cold
3435,3435,5,Food was cold
3436,3436,3,Average experience
3437,3437,4,Excellent food
3438,3438,2,Packaging could improve
3439,3439,5,Fast delivery
3440,3440,2,Packaging could improve
3441,3441,4,Very tasty
3442,3442,5,Packaging could improve
3443,3443,1,Very tasty
3444,3444,5,Food was cold
3445,3445,4,Late delivery
3446,3446,1,Fast delivery
3447,3447,5,Will order again
3448,3448,1,Highly recommended
3449,3449,5,Late delivery
3450,3450,3,Average experience
3451,3451,3,Loved it
3452,3452,4,Will order again
3453,3453,2,Excellent food
3454,3454,5,Packaging could improve
3455,3455,4,Loved it
3456,3456,4,Highly recommended
3457,3457,1,Highly recommended
3458,3458,1,Will order again
3459,3459,3,Will order again
3460,3460,3,Highly recommended
3461,3461,2,Fast delivery
3462,3462,2,Average experience
3463,3463,1,Highly recommended
3464,3464,1,Packaging could improve
3465,3465,1,Food was cold
3466,3466,4,Food was cold
3467,3467,2,Will order again
3468,3468,2,Food was cold
3469,3469,2,Loved it
3470,3470,2,Late delivery
3471,3471,3,Highly recommended
3472,3472,5,Highly recommended
3473,3473,4,Loved it
3474,3474,5,Fast delivery
3475,3475,5,Highly recommended
3476,3476,2,Fast delivery
3477,3477,2,Late delivery
3478,3478,4,Loved it
3479,3479,1,Excellent food
3480,3480,4,Fast delivery
3481,3481,5,Loved it
3482,3482,5,Highly recommended
3483,3483,3,Excellent food
3484,3484,4,Loved it
3485,3485,2,Fast delivery
3486,3486,1,Loved it
3487,3487,4,Will order again
3488,3488,5,Late delivery
3489,3489,5,Average experience
3490,3490,4,Loved it
3491,3491,3,Food was cold
3492,3492,4,Will order again
3493,3493,3,Fast delivery
3494,3494,3,Excellent food
3495,3495,1,Food was cold
3496,3496,3,Packaging could improve
3497,3497,1,Packaging could improve
3498,3498,5,Very tasty
3499,3499,5,Excellent food
3500,3500,3,Food was cold
3501,3501,1,Average experience
3502,3502,5,Loved it
3503,3503,5,Excellent food
3504,3504,3,Will order again
3505,3505,2,Packaging could improve
3506,3506,4,Food was cold
3507,3507,2,Food was cold
3508,3508,5,Excellent food
3509,3509,3,Late delivery
3510,3510,4,Excellent food
3511,3511,3,Highly recommended
3512,3512,3,Very tasty
3513,3513,1,Packaging could improve
3514,3514,3,Food was cold
3515,3515,5,Food was cold
3516,3516,5,Will order again
3517,3517,4,Fast delivery
3518,3518,5,Excellent food
3519,3519,2,Highly recommended
3520,3520,1,Fast delivery
3521,3521,5,Average experience
3522,3522,1,Very tasty
3523,3523,2,Fast delivery
3524,3524,3,Average experience
3525,3525,4,Average experience
3526,3526,5,Excellent food
3527,3527,4,Food was cold
3528,3528,2,Packaging could improve
3529,3529,4,Food was cold
3530,3530,5,Will order again
3531,3531,3,Will order again
3532,3532,3,Excellent food
3533,3533,4,Packaging could improve
3534,3534,1,Fast delivery
3535,3535,1,Late delivery
3536,3536,4,Packaging could improve
3537,3537,2,Food was cold
3538,3538,3,Highly recommended
3539,3539,1,Excellent food
3540,3540,4,Very tasty
3541,3541,3,Loved it
3542,3542,5,Average experience
3543,3543,4,Very tasty
3544,3544,2,Will order again
3545,3545,1,Average experience
3546,3546,1,Excellent food
3547,3547,3,Average experience
3548,3548,1,Very tasty
3549,3549,5,Loved it
3550,3550,5,Very tasty
3551,3551,2,Packaging could improve
3552,3552,5,Very tasty
3553,3553,3,Very tasty
3554,3554,4,Average experience
3555,3555,3,Packaging could improve
3556,3556,4,Fast delivery
3557,3557,2,Loved it
3558,3558,1,Average experience
3559,3559,5,Food was cold
3560,3560,2,Fast delivery
3561,3561,5,Late delivery
3562,3562,1,Average experience
3563,3563,5,Fast delivery
3564,3564,2,Excellent food
3565,3565,1,Packaging could improve
3566,3566,5,Packaging could improve
3567,3567,2,Packaging could improve
3568,3568,1,Late delivery
3569,3569,5,Highly recommended
3570,3570,1,Loved it
3571,3571,3,Very tasty
3572,3572,3,Loved it
3573,3573,4,Excellent food
3574,3574,4,Loved it
3575,3575,1,Will order again
3576,3576,1,Late delivery
3577,3577,5,Excellent food
3578,3578,4,Loved it
3579,3579,2,Will order again
3580,3580,5,Fast delivery
3581,3581,4,Loved it
3582,3582,1,Packaging could improve
3583,3583,1,Loved it
3584,3584,4,Average experience
3585,3585,4,Will order again
3586,3586,4,Fast delivery
3587,3587,2,Will order again
3588,3588,5,Late delivery
3589,3589,3,Fast delivery
3590,3590,2,Highly recommended
3591,3591,5,Very tasty
3592,3592,1,Excellent food
3593,3593,4,Loved it
3594,3594,5,Packaging could improve
3595,3595,5,Food was cold
3596,3596,2,Packaging could improve
3597,3597,1,Late delivery
3598,3598,2,Average experience
3599,3599,4,Will order again
3600,3600,2,Excellent food
3601,3601,3,Excellent food
3602,3602,3,Fast delivery
3603,3603,5,Will order again
3604,3604,2,Average experience
3605,3605,1,Average experience
3606,3606,4,Highly recommended
3607,3607,5,Excellent food
3608,3608,2,Fast delivery
3609,3609,5,Will order again
3610,3610,4,Will order again
3611,3611,2,Late delivery
3612,3612,2,Packaging could improve
3613,3613,4,Average experience
3614,3614,1,Food was cold
3615,3615,4,Highly recommended
3616,3616,4,Late delivery
3617,3617,2,Late delivery
3618,3618,4,Loved it
3619,3619,4,Food was cold
3620,3620,5,Very tasty
3621,3621,4,Excellent food
3622,3622,1,Food was cold
3623,3623,1,Average experience
3624,3624,3,Packaging could improve
3625,3625,1,Food was cold
3626,3626,2,Will order again
3627,3627,2,Excellent food
3628,3628,4,Average experience
3629,3629,3,Excellent food
3630,3630,3,Late delivery
3631,3631,4,Food was cold
3632,3632,4,Food was cold
3633,3633,5,Highly recommended
3634,3634,2,Very tasty
3635,3635,2,Packaging could improve
3636,3636,4,Food was cold
3637,3637,5,Will order again
3638,3638,4,Loved it
3639,3639,3,Food was cold
3640,3640,4,Will order again
3641,3641,1,Packaging could improve
3642,3642,2,Will order again
3643,3643,1,Packaging could improve
3644,3644,1,Very tasty
3645,3645,3,Loved it
3646,3646,5,Packaging could improve
3647,3647,3,Food was cold
3648,3648,5,Packaging could improve
3649,3649,3,Excellent food
3650,3650,4,Average experience
3651,3651,4,Packaging could improve
3652,3652,3,Will order again
3653,3653,3,Very tasty
3654,3654,3,Excellent food
3655,3655,3,Highly recommended
3656,3656,1,Very tasty
3657,3657,2,Late delivery
3658,3658,5,Food was cold
3659,3659,4,Food was cold
3660,3660,1,Packaging could improve
3661,3661,5,Packaging could improve
3662,3662,3,Loved it
3663,3663,5,Very tasty
3664,3664,4,Average experience
3665,3665,4,Excellent food
3666,3666,3,Excellent food
3667,3667,2,Highly recommended
3668,3668,2,Late delivery
3669,3669,3,Packaging could improve
3670,3670,2,Excellent food
3671,3671,5,Will order again
3672,3672,2,Average experience
3673,3673,3,Very tasty
3674,3674,3,Food was cold
3675,3675,2,Will order again
3676,3676,2,Highly recommended
3677,3677,3,Will order again
3678,3678,2,Average experience
3679,3679,2,Average experience
3680,3680,1,Loved it
3681,3681,1,Late delivery
3682,3682,4,Late delivery
3683,3683,2,Average experience
3684,3684,1,Late delivery
3685,3685,1,Food was cold
3686,3686,4,Very tasty
3687,3687,4,Fast delivery
3688,3688,1,Fast delivery
3689,3689,5,Late delivery
3690,3690,1,Food was cold
3691,3691,1,Average experience
3692,3692,2,Loved it
3693,3693,5,Food was cold
3694,3694,4,Average experience
3695,3695,1,Loved it
3696,3696,2,Very tasty
3697,3697,3,Excellent food
3698,3698,1,Very tasty
3699,3699,5,Packaging could improve
3700,3700,2,Very tasty
3701,3701,1,Loved it
3702,3702,4,Packaging could improve
3703,3703,5,Will order again
3704,3704,5,Late delivery
3705,3705,4,Fast delivery
3706,3706,3,Fast delivery
3707,3707,3,Late delivery
3708,3708,5,Highly recommended
3709,3709,4,Fast delivery
3710,3710,5,Excellent food
3711,3711,2,Excellent food
3712,3712,5,Fast delivery
3713,3713,3,Late delivery
3714,3714,5,Fast delivery
3715,3715,1,Fast delivery
3716,3716,2,Will order again
3717,3717,3,Will order again
3718,3718,1,Average experience
3719,3719,1,Fast delivery
3720,3720,2,Very tasty
3721,3721,3,Food was cold
3722,3722,3,Late delivery
3723,3723,1,Food was cold
3724,3724,1,Food was cold
3725,3725,3,Food was cold
3726,3726,4,Will order again
3727,3727,2,Highly recommended
3728,3728,4,Food was cold
3729,3729,1,Fast delivery
3730,3730,5,Fast delivery
3731,3731,2,Highly recommended
3732,3732,5,Highly recommended
3733,3733,2,Food was cold
3734,3734,2,Very tasty
3735,3735,2,Highly recommended
3736,3736,4,Loved it
3737,3737,1,Loved it
3738,3738,2,Very tasty
3739,3739,5,Loved it
3740,3740,1,Packaging could improve
3741,3741,5,Highly recommended
3742,3742,3,Excellent food
3743,3743,3,Very tasty
3744,3744,1,Food was cold
3745,3745,3,Packaging could improve
3746,3746,2,Packaging could improve
3747,3747,4,Fast delivery
3748,3748,2,Late delivery
3749,3749,4,Food was cold
3750,3750,3,Food was cold
3751,3751,3,Will order again
3752,3752,1,Loved it
3753,3753,1,Fast delivery
3754,3754,2,Excellent food
3755,3755,4,Excellent food
3756,3756,3,Excellent food
3757,3757,4,Food was cold
3758,3758,4,Will order again
3759,3759,3,Excellent food
3760,3760,1,Fast delivery
3761,3761,4,Excellent food
3762,3762,4,Average experience
3763,3763,2,Loved it
3764,3764,2,Average experience
3765,3765,1,Average experience
3766,3766,5,Loved it
3767,3767,4,Packaging could improve
3768,3768,5,Packaging could improve
3769,3769,5,Fast delivery
3770,3770,2,Will order again
3771,3771,4,Packaging could improve
3772,3772,4,Food was cold
3773,3773,1,Highly recommended
3774,3774,4,Fast delivery
3775,3775,5,Excellent food
3776,3776,2,Average experience
3777,3777,4,Food was cold
3778,3778,5,Average experience
3779,3779,3,Fast delivery
3780,3780,4,Average experience
3781,3781,2,Packaging could improve
3782,3782,4,Late delivery
3783,3783,3,Very tasty
3784,3784,3,Average experience
3785,3785,2,Packaging could improve
3786,3786,4,Packaging could improve
3787,3787,4,Late delivery
3788,3788,3,Loved it
3789,3789,3,Excellent food
3790,3790,1,Loved it
3791,3791,2,Fast delivery
3792,3792,5,Loved it
3793,3793,3,Packaging could improve
3794,3794,2,Packaging could improve
3795,3795,1,Food was cold
3796,3796,4,Excellent food
3797,3797,3,Will order again
3798,3798,1,Fast delivery
3799,3799,2,Fast delivery
3800,3800,1,Very tasty
3801,3801,2,Late delivery
3802,3802,2,Will order again
3803,3803,5,Highly recommended
3804,3804,5,Excellent food
3805,3805,3,Average experience
3806,3806,3,Late delivery
3807,3807,2,Excellent food
3808,3808,2,Late delivery
3809,3809,1,Will order again
3810,3810,5,Food was cold
3811,3811,4,Average experience
3812,3812,4,Loved it
3813,3813,2,Fast delivery
3814,3814,5,Fast delivery
3815,3815,3,Average experience
3816,3816,5,Will order again
3817,3817,2,Food was cold
3818,3818,5,Late delivery
3819,3819,3,Food was cold
3820,3820,1,Excellent food
3821,3821,5,Loved it
3822,3822,2,Very tasty
3823,3823,1,Late delivery
3824,3824,5,Will order again
3825,3825,3,Very tasty
3826,3826,3,Packaging could improve
3827,3827,5,Loved it
3828,3828,1,Will order again
3829,3829,5,Food was cold
3830,3830,5,Highly recommended
3831,3831,1,Very tasty
3832,3832,1,Food was cold
3833,3833,5,Very tasty
3834,3834,2,Fast delivery
3835,3835,4,Average experience
3836,3836,4,Average experience
3837,3837,1,Average experience
3838,3838,1,Very tasty
3839,3839,5,Late delivery
3840,3840,3,Fast delivery
3841,3841,4,Highly recommended
3842,3842,4,Food was cold
3843,3843,5,Excellent food
3844,3844,5,Will order again
3845,3845,5,Excellent food
3846,3846,2,Fast delivery
3847,3847,3,Excellent food
3848,3848,3,Loved it
3849,3849,4,Fast delivery
3850,3850,1,Highly recommended
3851,3851,4,Loved it
3852,3852,5,Excellent food
3853,3853,2,Excellent food
3854,3854,3,Excellent food
3855,3855,2,Fast delivery
3856,3856,3,Food was cold
3857,3857,2,Packaging could improve
3858,3858,3,Average experience
3859,3859,2,Highly recommended
3860,3860,1,Late delivery
3861,3861,5,Excellent food
3862,3862,5,Highly recommended
3863,3863,1,Very tasty
3864,3864,4,Loved it
3865,3865,2,Late delivery
3866,3866,2,Very tasty
3867,3867,2,Fast delivery
3868,3868,5,Food was cold
3869,3869,3,Food was cold
3870,3870,3,Late delivery
3871,3871,4,Late delivery
3872,3872,5,Highly recommended
3873,3873,5,Packaging could improve
3874,3874,2,Packaging could improve
3875,3875,1,Will order again
3876,3876,2,Will order again
3877,3877,1,Packaging could improve
3878,3878,2,Will order again
3879,3879,3,Loved it
3880,3880,3,Excellent food
3881,3881,5,Average experience
3882,3882,1,Very tasty
3883,3883,5,Average experience
3884,3884,4,Late delivery
3885,3885,1,Will order again
3886,3886,2,Average experience
3887,3887,3,Loved it
3888,3888,3,Average experience
3889,3889,2,Very tasty
3890,3890,5,Will order again
3891,3891,2,Will order again
3892,3892,4,Very tasty
3893,3893,5,Food was cold
3894,3894,3,Excellent food
3895,3895,5,Very tasty
3896,3896,1,Average experience
3897,3897,1,Highly recommended
3898,3898,4,Very tasty
3899,3899,2,Packaging could improve
3900,3900,2,Fast delivery
3901,3901,3,Will order again
3902,3902,5,Excellent food
3903,3903,2,Fast delivery
3904,3904,2,Fast delivery
3905,3905,3,Excellent food
3906,3906,4,Highly recommended
3907,3907,2,Fast delivery
3908,3908,1,Very tasty
3909,3909,5,Food was cold
3910,3910,2,Will order again
3911,3911,1,Very tasty
3912,3912,1,Highly recommended
3913,3913,4,Loved it
3914,3914,4,Average experience
3915,3915,5,Late delivery
3916,3916,1,Food was cold
3917,3917,5,Fast delivery
3918,3918,3,Loved it
3919,3919,5,Food was cold
3920,3920,4,Fast delivery
3921,3921,4,Fast delivery
3922,3922,4,Fast delivery
3923,3923,2,Fast delivery
3924,3924,1,Food was cold
3925,3925,3,Late delivery
3926,3926,5,Excellent food
3927,3927,5,Food was cold
3928,3928,2,Excellent food
3929,3929,3,Late delivery
3930,3930,2,Will order again
3931,3931,2,Packaging could improve
3932,3932,4,Average experience
3933,3933,5,Will order again
3934,3934,5,Loved it
3935,3935,3,Very tasty
3936,3936,2,Food was cold
3937,3937,4,Packaging could improve
3938,3938,2,Food was cold
3939,3939,4,Loved it
3940,3940,1,Loved it
3941,3941,1,Excellent food
3942,3942,2,Very tasty
3943,3943,1,Food was cold
3944,3944,3,Excellent food
3945,3945,3,Very tasty
3946,3946,3,Excellent food
3947,3947,2,Will order again
3948,3948,1,Fast delivery
3949,3949,3,Very tasty
3950,3950,1,Average experience
3951,3951,3,Excellent food
3952,3952,3,Will order again
3953,3953,5,Average experience
3954,3954,1,Will order again
3955,3955,5,Late delivery
3956,3956,3,Food was cold
3957,3957,5,Very tasty
3958,3958,5,Packaging could improve
3959,3959,3,Late delivery
3960,3960,3,Fast delivery
3961,3961,2,Average experience
3962,3962,1,Highly recommended
3963,3963,4,Late delivery
3964,3964,4,Very tasty
3965,3965,1,Will order again
3966,3966,1,Food was cold
3967,3967,1,Excellent food
3968,3968,3,Loved it
3969,3969,4,Late delivery
3970,3970,3,Will order again
3971,3971,5,Packaging could improve
3972,3972,2,Average experience
3973,3973,1,Will order again
3974,3974,4,Loved it
3975,3975,3,Fast delivery
3976,3976,3,Average experience
3977,3977,4,Packaging could improve
3978,3978,4,Loved it
3979,3979,3,Excellent food
3980,3980,5,Packaging could improve
3981,3981,5,Average experience
3982,3982,3,Will order again
3983,3983,4,Packaging could improve
3984,3984,4,Highly recommended
3985,3985,5,Excellent food
3986,3986,1,Fast delivery
3987,3987,4,Highly recommended
3988,3988,5,Average experience
3989,3989,5,Packaging could improve
3990,3990,5,Excellent food
3991,3991,1,Excellent food
3992,3992,1,Highly recommended
3993,3993,3,Will order again
3994,3994,2,Late delivery
3995,3995,5,Highly recommended
3996,3996,1,Average experience
3997,3997,2,Will order again
3998,3998,3,Fast delivery
3999,3999,4,Very tasty
4000,4000,5,Late delivery
4001,4001,4,Excellent food
4002,4002,3,Average experience
4003,4003,4,Very tasty
4004,4004,5,Highly recommended
4005,4005,1,Excellent food
4006,4006,5,Very tasty
4007,4007,1,Highly recommended
4008,4008,3,Fast delivery
4009,4009,5,Highly recommended
4010,4010,2,Food was cold
4011,4011,1,Average experience
4012,4012,3,Average experience
4013,4013,3,Food was cold
4014,4014,1,Highly recommended
4015,4015,4,Loved it
4016,4016,1,Average experience
4017,4017,5,Highly recommended
4018,4018,1,Packaging could improve
4019,4019,1,Packaging could improve
4020,4020,5,Fast delivery
4021,4021,5,Loved it
4022,4022,4,Very tasty
4023,4023,1,Packaging could improve
4024,4024,4,Packaging could improve
4025,4025,1,Average experience
4026,4026,2,Food was cold
4027,4027,3,Fast delivery
4028,4028,5,Packaging could improve
4029,4029,1,Highly recommended
4030,4030,3,Packaging could improve
4031,4031,3,Loved it
4032,4032,2,Excellent food
4033,4033,5,Will order again
4034,4034,1,Excellent food
4035,4035,2,Late delivery
4036,4036,5,Loved it
4037,4037,3,Fast delivery
4038,4038,4,Highly recommended
4039,4039,2,Late delivery
4040,4040,1,Average experience
4041,4041,3,Packaging could improve
4042,4042,2,Packaging could improve
4043,4043,1,Very tasty
4044,4044,1,Very tasty
4045,4045,5,Average experience
4046,4046,5,Late delivery
4047,4047,5,Loved it
4048,4048,4,Very tasty
4049,4049,2,Packaging could improve
4050,4050,2,Loved it
4051,4051,2,Food was cold
4052,4052,4,Average experience
4053,4053,4,Late delivery
4054,4054,3,Food was cold
4055,4055,1,Average experience
4056,4056,4,Loved it
4057,4057,5,Food was cold
4058,4058,5,Late delivery
4059,4059,1,Loved it
4060,4060,1,Late delivery
4061,4061,3,Packaging could improve
4062,4062,3,Excellent food
4063,4063,5,Very tasty
4064,4064,5,Food was cold
4065,4065,4,Highly recommended
4066,4066,3,Highly recommended
4067,4067,2,Packaging could improve
4068,4068,4,Packaging could improve
4069,4069,3,Loved it
4070,4070,2,Fast delivery
4071,4071,2,Will order again
4072,4072,2,Loved it
4073,4073,2,Fast delivery
4074,4074,2,Food was cold
4075,4075,3,Will order again
4076,4076,5,Highly recommended
4077,4077,2,Very tasty
4078,4078,5,Fast delivery
4079,4079,4,Late delivery
4080,4080,4,Loved it
4081,4081,3,Loved it
4082,4082,2,Food was cold
4083,4083,5,Very tasty
4084,4084,1,Late delivery
4085,4085,2,Food was cold
4086,4086,3,Will order again
4087,4087,2,Fast delivery
4088,4088,3,Packaging could improve
4089,4089,5,Packaging could improve
4090,4090,2,Excellent food
4091,4091,1,Fast delivery
4092,4092,3,Average experience
4093,4093,1,Excellent food
4094,4094,1,Very tasty
4095,4095,4,Fast delivery
4096,4096,1,Very tasty
4097,4097,4,Will order again
4098,4098,4,Loved it
4099,4099,5,Loved it
4100,4100,2,Fast delivery
4101,4101,4,Average experience
4102,4102,3,Will order again
4103,4103,3,Fast delivery
4104,4104,1,Will order again
4105,4105,1,Will order again
4106,4106,2,Fast delivery
4107,4107,3,Will order again
4108,4108,5,Will order again
4109,4109,4,Will order again
4110,4110,2,Average experience
4111,4111,2,Packaging could improve
4112,4112,5,Packaging could improve
4113,4113,5,Average experience
4114,4114,4,Average experience
4115,4115,1,Will order again
4116,4116,5,Food was cold
4117,4117,2,Excellent food
4118,4118,1,Average experience
4119,4119,2,Average experience
4120,4120,4,Will order again
4121,4121,4,Highly recommended
4122,4122,2,Loved it
4123,4123,3,Packaging could improve
4124,4124,2,Loved it
4125,4125,5,Excellent food
4126,4126,4,Late delivery
4127,4127,3,Will order again
4128,4128,5,Food was cold
4129,4129,5,Late delivery
4130,4130,4,Very tasty
4131,4131,2,Highly recommended
4132,4132,4,Food was cold
4133,4133,4,Packaging could improve
4134,4134,4,Average experience
4135,4135,2,Will order again
4136,4136,2,Will order again
4137,4137,5,Packaging could improve
4138,4138,5,Late delivery
4139,4139,3,Packaging could improve
4140,4140,4,Loved it
4141,4141,1,Very tasty
4142,4142,3,Average experience
4143,4143,3,Excellent food
4144,4144,4,Food was cold
4145,4145,3,Excellent food
4146,4146,5,Average experience
4147,4147,4,Will order again
4148,4148,1,Very tasty
4149,4149,1,Fast delivery
4150,4150,5,Excellent food
4151,4151,5,Fast delivery
4152,4152,1,Very tasty
4153,4153,5,Excellent food
4154,4154,2,Will order again
4155,4155,3,Loved it
4156,4156,2,Will order again
4157,4157,2,Fast delivery
4158,4158,5,Packaging could improve
4159,4159,3,Late delivery
4160,4160,3,Late delivery
4161,4161,5,Will order again
4162,4162,4,Excellent food
4163,4163,3,Average experience
4164,4164,4,Loved it
4165,4165,3,Excellent food
4166,4166,4,Food was cold
4167,4167,5,Fast delivery
4168,4168,2,Loved it
4169,4169,4,Highly recommended
4170,4170,5,Food was cold
4171,4171,5,Late delivery
4172,4172,1,Average experience
4173,4173,1,Will order again
4174,4174,5,Very tasty
4175,4175,4,Very tasty
4176,4176,3,Food was cold
4177,4177,5,Highly recommended
4178,4178,1,Food was cold
4179,4179,3,Food was cold
4180,4180,5,Will order again
4181,4181,5,Loved it
4182,4182,2,Will order again
4183,4183,5,Packaging could improve
4184,4184,3,Fast delivery
4185,4185,5,Highly recommended
4186,4186,3,Excellent food
4187,4187,3,Highly recommended
4188,4188,2,Will order again
4189,4189,5,Highly recommended
4190,4190,5,Excellent food
4191,4191,5,Packaging could improve
4192,4192,3,Packaging could improve
4193,4193,4,Loved it
4194,4194,5,Highly recommended
4195,4195,5,Excellent food
4196,4196,1,Will order again
4197,4197,2,Will order again
4198,4198,4,Average experience
4199,4199,4,Packaging could improve
4200,4200,3,Food was cold
4201,4201,5,Very tasty
4202,4202,1,Will order again
4203,4203,4,Loved it
4204,4204,4,Very tasty
4205,4205,2,Will order again
4206,4206,4,Late delivery
4207,4207,1,Highly recommended
4208,4208,4,Very tasty
4209,4209,4,Packaging could improve
4210,4210,1,Will order again
4211,4211,1,Food was cold
4212,4212,1,Late delivery
4213,4213,4,Excellent food
4214,4214,1,Very tasty
4215,4215,3,Excellent food
4216,4216,3,Food was cold
4217,4217,1,Fast delivery
4218,4218,3,Packaging could improve
4219,4219,2,Highly recommended
4220,4220,5,Fast delivery
4221,4221,2,Excellent food
4222,4222,2,Packaging could improve
4223,4223,4,Excellent food
4224,4224,1,Late delivery
4225,4225,4,Excellent food
4226,4226,1,Highly recommended
4227,4227,3,Highly recommended
4228,4228,1,Highly recommended
4229,4229,2,Loved it
4230,4230,4,Late delivery
4231,4231,4,Late delivery
4232,4232,4,Food was cold
4233,4233,2,Late delivery
4234,4234,1,Late delivery
4235,4235,5,Average experience
4236,4236,3,Food was cold
4237,4237,3,Highly recommended
4238,4238,2,Late delivery
4239,4239,1,Food was cold
4240,4240,5,Food was cold
4241,4241,3,Food was cold
4242,4242,4,Excellent food
4243,4243,1,Packaging could improve
4244,4244,5,Average experience
4245,4245,4,Late delivery
4246,4246,4,Highly recommended
4247,4247,1,Very tasty
4248,4248,4,Food was cold
4249,4249,3,Late delivery
4250,4250,4,Food was cold
4251,4251,1,Highly recommended
4252,4252,1,Loved it
4253,4253,1,Loved it
4254,4254,3,Food was cold
4255,4255,1,Average experience
4256,4256,3,Loved it
4257,4257,5,Very tasty
4258,4258,3,Late delivery
4259,4259,2,Excellent food
4260,4260,1,Late delivery
4261,4261,1,Late delivery
4262,4262,4,Very tasty
4263,4263,3,Highly recommended
4264,4264,5,Fast delivery
4265,4265,5,Fast delivery
4266,4266,5,Fast delivery
4267,4267,5,Fast delivery
4268,4268,5,Will order again
4269,4269,2,Fast delivery
4270,4270,3,Loved it
4271,4271,5,Loved it
4272,4272,1,Excellent food
4273,4273,2,Very tasty
4274,4274,2,Food was cold
4275,4275,1,Fast delivery
4276,4276,3,Very tasty
4277,4277,3,Highly recommended
4278,4278,4,Packaging could improve
4279,4279,1,Very tasty
4280,4280,5,Packaging could improve
4281,4281,4,Highly recommended
4282,4282,4,Will order again
4283,4283,3,Loved it
4284,4284,3,Food was cold
4285,4285,5,Excellent food
4286,4286,3,Loved it
4287,4287,1,Will order again
4288,4288,3,Food was cold
4289,4289,1,Late delivery
4290,4290,5,Packaging could improve
4291,4291,1,Highly recommended
4292,4292,1,Loved it
4293,4293,1,Very tasty
4294,4294,1,Will order again
4295,4295,4,Packaging could improve
4296,4296,1,Excellent food
4297,4297,4,Packaging could improve
4298,4298,3,Food was cold
4299,4299,1,Food was cold
4300,4300,5,Average experience
4301,4301,2,Late delivery
4302,4302,3,Excellent food
4303,4303,2,Food was cold
4304,4304,3,Loved it
4305,4305,3,Will order again
4306,4306,2,Excellent food
4307,4307,5,Loved it
4308,4308,3,Average experience
4309,4309,4,Loved it
4310,4310,3,Excellent food
4311,4311,4,Average experience
4312,4312,4,Average experience
4313,4313,4,Late delivery
4314,4314,4,Food was cold
4315,4315,4,Excellent food
4316,4316,2,Fast delivery
4317,4317,3,Highly recommended
4318,4318,5,Very tasty
4319,4319,1,Excellent food
4320,4320,2,Highly recommended
4321,4321,5,Average experience
4322,4322,1,Highly recommended
4323,4323,1,Very tasty
4324,4324,3,Late delivery
4325,4325,3,Late delivery
4326,4326,3,Fast delivery
4327,4327,5,Highly recommended
4328,4328,1,Very tasty
4329,4329,4,Very tasty
4330,4330,1,Very tasty
4331,4331,4,Will order again
4332,4332,1,Average experience
4333,4333,1,Very tasty
4334,4334,5,Very tasty
4335,4335,3,Average experience
4336,4336,4,Average experience
4337,4337,4,Very tasty
4338,4338,3,Will order again
4339,4339,3,Fast delivery
4340,4340,2,Very tasty
4341,4341,2,Fast delivery
4342,4342,2,Very tasty
4343,4343,2,Average experience
4344,4344,1,Excellent food
4345,4345,5,Late delivery
4346,4346,2,Highly recommended
4347,4347,3,Highly recommended
4348,4348,4,Loved it
4349,4349,2,Packaging could improve
4350,4350,4,Average experience
4351,4351,5,Late delivery
4352,4352,1,Late delivery
4353,4353,3,Highly recommended
4354,4354,1,Food was cold
4355,4355,4,Food was cold
4356,4356,4,Very tasty
4357,4357,1,Late delivery
4358,4358,3,Excellent food
4359,4359,1,Average experience
4360,4360,2,Will order again
4361,4361,5,Packaging could improve
4362,4362,5,Highly recommended
4363,4363,4,Loved it
4364,4364,5,Excellent food
4365,4365,4,Loved it
4366,4366,5,Very tasty
4367,4367,5,Late delivery
4368,4368,2,Loved it
4369,4369,1,Late delivery
4370,4370,5,Average experience
4371,4371,5,Fast delivery
4372,4372,2,Fast delivery
4373,4373,1,Will order again
4374,4374,2,Excellent food
4375,4375,4,Very tasty
4376,4376,4,Will order again
4377,4377,3,Loved it
4378,4378,1,Excellent food
4379,4379,1,Food was cold
4380,4380,1,Fast delivery
4381,4381,3,Will order again
4382,4382,2,Excellent food
4383,4383,1,Packaging could improve
4384,4384,5,Late delivery
4385,4385,1,Loved it
4386,4386,1,Loved it
4387,4387,4,Excellent food
4388,4388,2,Packaging could improve
4389,4389,5,Loved it
4390,4390,4,Late delivery
4391,4391,2,Highly recommended
4392,4392,3,Very tasty
4393,4393,3,Loved it
4394,4394,2,Excellent food
4395,4395,2,Fast delivery
4396,4396,2,Average experience
4397,4397,2,Highly recommended
4398,4398,3,Fast delivery
4399,4399,5,Loved it
4400,4400,1,Will order again
4401,4401,4,Packaging could improve
4402,4402,4,Fast delivery
4403,4403,2,Will order again
4404,4404,1,Highly recommended
4405,4405,1,Excellent food
4406,4406,5,Average experience
4407,4407,3,Late delivery
4408,4408,4,Food was cold
4409,4409,3,Packaging could improve
4410,4410,4,Highly recommended
4411,4411,2,Late delivery
4412,4412,5,Will order again
4413,4413,1,Loved it
4414,4414,1,Late delivery
4415,4415,1,Excellent food
4416,4416,1,Food was cold
4417,4417,4,Highly recommended
4418,4418,3,Will order again
4419,4419,4,Late delivery
4420,4420,4,Excellent food
4421,4421,3,Packaging could improve
4422,4422,3,Will order again
4423,4423,2,Will order again
4424,4424,3,Packaging could improve
4425,4425,2,Will order again
4426,4426,5,Average experience
4427,4427,4,Late delivery
4428,4428,3,Late delivery
4429,4429,4,Food was cold
4430,4430,1,Average experience
4431,4431,5,Very tasty
4432,4432,3,Fast delivery
4433,4433,2,Highly recommended
4434,4434,1,Average experience
4435,4435,1,Food was cold
4436,4436,2,Highly recommended
4437,4437,3,Fast delivery
4438,4438,5,Food was cold
4439,4439,2,Excellent food
4440,4440,1,Loved it
4441,4441,2,Very tasty
4442,4442,4,Food was cold
4443,4443,5,Average experience
4444,4444,2,Loved it
4445,4445,4,Loved it
4446,4446,2,Excellent food
4447,4447,5,Late delivery
4448,4448,1,Fast delivery
4449,4449,3,Packaging could improve
4450,4450,2,Highly recommended
4451,4451,1,Average experience
4452,4452,5,Loved it
4453,4453,3,Food was cold
4454,4454,4,Will order again
4455,4455,1,Loved it
4456,4456,2,Highly recommended
4457,4457,5,Excellent food
4458,4458,3,Highly recommended
4459,4459,3,Late delivery
4460,4460,3,Packaging could improve
4461,4461,3,Packaging could improve
4462,4462,1,Fast delivery
4463,4463,2,Food was cold
4464,4464,1,Average experience
4465,4465,1,Packaging could improve
4466,4466,2,Highly recommended
4467,4467,2,Excellent food
4468,4468,5,Will order again
4469,4469,1,Food was cold
4470,4470,2,Packaging could improve
4471,4471,4,Late delivery
4472,4472,1,Average experience
4473,4473,5,Food was cold
4474,4474,5,Average experience
4475,4475,1,Loved it
4476,4476,1,Average experience
4477,4477,1,Packaging could improve
4478,4478,4,Packaging could improve
4479,4479,2,Will order again
4480,4480,3,Will order again
4481,4481,3,Very tasty
4482,4482,2,Loved it
4483,4483,4,Loved it
4484,4484,4,Food was cold
4485,4485,5,Packaging could improve
4486,4486,5,Loved it
4487,4487,5,Excellent food
4488,4488,3,Packaging could improve
4489,4489,3,Loved it
4490,4490,4,Excellent food
4491,4491,1,Average experience
4492,4492,4,Average experience
4493,4493,3,Food was cold
4494,4494,5,Packaging could improve
4495,4495,1,Food was cold
4496,4496,5,Very tasty
4497,4497,1,Packaging could improve
4498,4498,5,Late delivery
4499,4499,5,Loved it
4500,4500,3,Excellent food
4501,4501,4,Will order again
4502,4502,3,Packaging could improve
4503,4503,5,Will order again
4504,4504,4,Will order again
4505,4505,1,Average experience
4506,4506,1,Excellent food
4507,4507,4,Will order again
4508,4508,1,Loved it
4509,4509,2,Excellent food
4510,4510,1,Food was cold
4511,4511,2,Late delivery
4512,4512,5,Late delivery
4513,4513,5,Loved it
4514,4514,2,Excellent food
4515,4515,4,Will order again
4516,4516,1,Food was cold
4517,4517,3,Will order again
4518,4518,1,Late delivery
4519,4519,1,Late delivery
4520,4520,4,Very tasty
4521,4521,4,Packaging could improve
4522,4522,3,Highly recommended
4523,4523,1,Fast delivery
4524,4524,3,Food was cold
4525,4525,4,Late delivery
4526,4526,3,Highly recommended
4527,4527,4,Very tasty
4528,4528,2,Food was cold
4529,4529,3,Food was cold
4530,4530,2,Very tasty
4531,4531,1,Late delivery
4532,4532,2,Highly recommended
4533,4533,1,Will order again
4534,4534,5,Average experience
4535,4535,5,Excellent food
4536,4536,1,Very tasty
4537,4537,5,Food was cold
4538,4538,3,Will order again
4539,4539,3,Fast delivery
4540,4540,4,Fast delivery
4541,4541,5,Packaging could improve
4542,4542,2,Loved it
4543,4543,1,Late delivery
4544,4544,2,Highly recommended
4545,4545,3,Packaging could improve
4546,4546,2,Very tasty
4547,4547,1,Fast delivery
4548,4548,1,Late delivery
4549,4549,2,Fast delivery
4550,4550,2,Loved it
4551,4551,3,Very tasty
4552,4552,5,Packaging could improve
4553,4553,2,Loved it
4554,4554,5,Late delivery
4555,4555,1,Will order again
4556,4556,4,Food was cold
4557,4557,5,Packaging could improve
4558,4558,1,Highly recommended
4559,4559,5,Will order again
4560,4560,2,Food was cold
4561,4561,5,Excellent food
4562,4562,2,Average experience
4563,4563,4,Fast delivery
4564,4564,3,Average experience
4565,4565,2,Loved it
4566,4566,2,Food was cold
4567,4567,3,Excellent food
4568,4568,1,Late delivery
4569,4569,3,Packaging could improve
4570,4570,4,Late delivery
4571,4571,5,Packaging could improve
4572,4572,2,Late delivery
4573,4573,3,Packaging could improve
4574,4574,2,Late delivery
4575,4575,1,Late delivery
4576,4576,2,Loved it
4577,4577,3,Late delivery
4578,4578,1,Will order again
4579,4579,4,Average experience
4580,4580,4,Food was cold
4581,4581,5,Highly recommended
4582,4582,1,Excellent food
4583,4583,4,Loved it
4584,4584,3,Highly recommended
4585,4585,3,Highly recommended
4586,4586,1,Very tasty
4587,4587,3,Very tasty
4588,4588,3,Fast delivery
4589,4589,2,Late delivery
4590,4590,4,Excellent food
4591,4591,2,Very tasty
4592,4592,2,Will order again
4593,4593,1,Packaging could improve
4594,4594,5,Late delivery
4595,4595,5,Late delivery
4596,4596,5,Excellent food
4597,4597,5,Average experience
4598,4598,2,Packaging could improve
4599,4599,2,Excellent food
4600,4600,5,Will order again
4601,4601,5,Packaging could improve
4602,4602,1,Loved it
4603,4603,3,Food was cold
4604,4604,1,Average experience
4605,4605,5,Food was cold
4606,4606,2,Will order again
4607,4607,1,Loved it
4608,4608,1,Very tasty
4609,4609,5,Food was cold
4610,4610,3,Loved it
4611,4611,2,Very tasty
4612,4612,5,Loved it
4613,4613,5,Late delivery
4614,4614,1,Food was cold
4615,4615,4,Highly recommended
4616,4616,1,Highly recommended
4617,4617,4,Packaging could improve
4618,4618,3,Packaging could improve
4619,4619,5,Fast delivery
4620,4620,1,Packaging could improve
4621,4621,3,Very tasty
4622,4622,3,Will order again
4623,4623,5,Will order again
4624,4624,2,Excellent food
4625,4625,4,Very tasty
4626,4626,5,Highly recommended
4627,4627,5,Will order again
4628,4628,5,Highly recommended
4629,4629,1,Packaging could improve
4630,4630,2,Loved it
4631,4631,3,Average experience
4632,4632,1,Food was cold
4633,4633,2,Late delivery
4634,4634,2,Late delivery
4635,4635,4,Fast delivery
4636,4636,4,Late delivery
4637,4637,2,Will order again
4638,4638,5,Very tasty
4639,4639,2,Average experience
4640,4640,1,Highly recommended
4641,4641,1,Fast delivery
4642,4642,1,Fast delivery
4643,4643,2,Food was cold
4644,4644,4,Packaging could improve
4645,4645,5,Will order again
4646,4646,2,Very tasty
4647,4647,5,Will order again
4648,4648,5,Late delivery
4649,4649,4,Loved it
4650,4650,3,Average experience
4651,4651,5,Late delivery
4652,4652,3,Excellent food
4653,4653,1,Average experience
4654,4654,4,Loved it
4655,4655,1,Excellent food
4656,4656,4,Average experience
4657,4657,5,Excellent food
4658,4658,1,Loved it
4659,4659,5,Loved it
4660,4660,3,Loved it
4661,4661,4,Packaging could improve
4662,4662,4,Highly recommended
4663,4663,5,Fast delivery
4664,4664,2,Excellent food
4665,4665,3,Very tasty
4666,4666,3,Excellent food
4667,4667,3,Loved it
4668,4668,1,Average experience
4669,4669,1,Food was cold
4670,4670,3,Late delivery
4671,4671,3,Packaging could improve
4672,4672,1,Fast delivery
4673,4673,1,Late delivery
4674,4674,1,Excellent food
4675,4675,2,Fast delivery
4676,4676,1,Highly recommended
4677,4677,5,Excellent food
4678,4678,2,Very tasty
4679,4679,1,Average experience
4680,4680,1,Excellent food
4681,4681,1,Excellent food
4682,4682,4,Fast delivery
4683,4683,4,Packaging could improve
4684,4684,3,Will order again
4685,4685,1,Fast delivery
4686,4686,5,Loved it
4687,4687,1,Very tasty
4688,4688,3,Excellent food
4689,4689,4,Very tasty
4690,4690,1,Excellent food
4691,4691,3,Average experience
4692,4692,4,Average experience
4693,4693,1,Late delivery
4694,4694,4,Fast delivery
4695,4695,2,Loved it
4696,4696,1,Average experience
4697,4697,4,Loved it
4698,4698,2,Will order again
4699,4699,2,Very tasty
4700,4700,3,Food was cold
4701,4701,1,Will order again
4702,4702,1,Food was cold
4703,4703,1,Very tasty
4704,4704,2,Excellent food
4705,4705,1,Average experience
4706,4706,4,Very tasty
4707,4707,1,Late delivery
4708,4708,3,Excellent food
4709,4709,5,Loved it
4710,4710,3,Fast delivery
4711,4711,3,Food was cold
4712,4712,4,Average experience
4713,4713,5,Food was cold
4714,4714,4,Will order again
4715,4715,2,Very tasty
4716,4716,2,Highly recommended
4717,4717,2,Fast delivery
4718,4718,1,Highly recommended
4719,4719,2,Average experience
4720,4720,5,Excellent food
4721,4721,1,Will order again
4722,4722,2,Fast delivery
4723,4723,5,Very tasty
4724,4724,5,Highly recommended
4725,4725,5,Packaging could improve
4726,4726,1,Fast delivery
4727,4727,4,Highly recommended
4728,4728,3,Highly recommended
4729,4729,5,Late delivery
4730,4730,4,Average experience
4731,4731,4,Highly recommended
4732,4732,3,Excellent food
4733,4733,4,Food was cold
4734,4734,5,Loved it
4735,4735,3,Very tasty
4736,4736,1,Very tasty
4737,4737,2,Average experience
4738,4738,4,Average experience
4739,4739,1,Packaging could improve
4740,4740,5,Food was cold
4741,4741,4,Food was cold
4742,4742,1,Will order again
4743,4743,1,Highly recommended
4744,4744,2,Late delivery
4745,4745,2,Fast delivery
4746,4746,5,Food was cold
4747,4747,3,Average experience
4748,4748,3,Packaging could improve
4749,4749,3,Loved it
4750,4750,4,Highly recommended
4751,4751,4,Late delivery
4752,4752,2,Average experience
4753,4753,3,Very tasty
4754,4754,3,Food was cold
4755,4755,4,Excellent food
4756,4756,1,Average experience
4757,4757,5,Late delivery
4758,4758,5,Loved it
4759,4759,5,Highly recommended
4760,4760,4,Very tasty
4761,4761,2,Food was cold
4762,4762,1,Highly recommended
4763,4763,1,Average experience
4764,4764,2,Late delivery
4765,4765,3,Food was cold
4766,4766,5,Very tasty
4767,4767,2,Will order again
4768,4768,2,Average experience
4769,4769,5,Loved it
4770,4770,4,Very tasty
4771,4771,1,Will order again
4772,4772,5,Excellent food
4773,4773,1,Loved it
4774,4774,1,Fast delivery
4775,4775,2,Fast delivery
4776,4776,2,Highly recommended
4777,4777,5,Late delivery
4778,4778,3,Average experience
4779,4779,2,Excellent food
4780,4780,3,Fast delivery
4781,4781,1,Excellent food
4782,4782,2,Food was cold
4783,4783,5,Very tasty
4784,4784,4,Highly recommended
4785,4785,3,Food was cold
4786,4786,5,Will order again
4787,4787,1,Loved it
4788,4788,4,Will order again
4789,4789,4,Highly recommended
4790,4790,2,Food was cold
4791,4791,2,Highly recommended
4792,4792,3,Fast delivery
4793,4793,2,Packaging could improve
4794,4794,1,Late delivery
4795,4795,4,Loved it
4796,4796,2,Will order again
4797,4797,4,Food was cold
4798,4798,3,Fast delivery
4799,4799,3,Average experience
4800,4800,3,Average experience
4801,4801,1,Food was cold
4802,4802,1,Food was cold
4803,4803,3,Will order again
4804,4804,2,Loved it
4805,4805,2,Very tasty
4806,4806,3,Loved it
4807,4807,1,Food was cold
4808,4808,1,Very tasty
4809,4809,2,Will order again
4810,4810,1,Loved it
4811,4811,4,Fast delivery
4812,4812,4,Average experience
4813,4813,5,Loved it
4814,4814,2,Late delivery
4815,4815,2,Late delivery
4816,4816,4,Late delivery
4817,4817,5,Fast delivery
4818,4818,1,Late delivery
4819,4819,5,Packaging could improve
4820,4820,4,Loved it
4821,4821,2,Food was cold
4822,4822,4,Excellent food
4823,4823,4,Fast delivery
4824,4824,3,Packaging could improve
4825,4825,2,Will order again
4826,4826,1,Highly recommended
4827,4827,1,Food was cold
4828,4828,4,Packaging could improve
4829,4829,1,Loved it
4830,4830,4,Excellent food
4831,4831,1,Late delivery
4832,4832,5,Highly recommended
4833,4833,2,Fast delivery
4834,4834,3,Fast delivery
4835,4835,4,Packaging could improve
4836,4836,1,Will order again
4837,4837,3,Fast delivery
4838,4838,4,Very tasty
4839,4839,5,Average experience
4840,4840,2,Late delivery
4841,4841,2,Average experience
4842,4842,4,Average experience
4843,4843,5,Highly recommended
4844,4844,3,Average experience
4845,4845,1,Very tasty
4846,4846,3,Loved it
4847,4847,4,Will order again
4848,4848,4,Fast delivery
4849,4849,3,Highly recommended
4850,4850,2,Late delivery
4851,4851,4,Loved it
4852,4852,1,Food was cold
4853,4853,2,Will order again
4854,4854,1,Fast delivery
4855,4855,5,Average experience
4856,4856,5,Highly recommended
4857,4857,4,Highly recommended
4858,4858,5,Will order again
4859,4859,5,Average experience
4860,4860,4,Highly recommended
4861,4861,3,Loved it
4862,4862,1,Very tasty
4863,4863,4,Excellent food
4864,4864,2,Average experience
4865,4865,4,Late delivery
4866,4866,1,Excellent food
4867,4867,5,Excellent food
4868,4868,5,Food was cold
4869,4869,3,Loved it
4870,4870,5,Loved it
4871,4871,2,Fast delivery
4872,4872,2,Late delivery
4873,4873,3,Packaging could improve
4874,4874,4,Very tasty
4875,4875,2,Packaging could improve
4876,4876,2,Very tasty
4877,4877,2,Will order again
4878,4878,1,Excellent food
4879,4879,3,Excellent food
4880,4880,3,Fast delivery
4881,4881,4,Will order again
4882,4882,2,Loved it
4883,4883,4,Fast delivery
4884,4884,3,Average experience
4885,4885,4,Fast delivery
4886,4886,3,Food was cold
4887,4887,2,Food was cold
4888,4888,2,Will order again
4889,4889,3,Highly recommended
4890,4890,1,Highly recommended
4891,4891,1,Loved it
4892,4892,3,Average experience
4893,4893,1,Fast delivery
4894,4894,1,Packaging could improve
4895,4895,4,Average experience
4896,4896,5,Average experience
4897,4897,4,Packaging could improve
4898,4898,5,Highly recommended
4899,4899,5,Food was cold
4900,4900,1,Very tasty
4901,4901,2,Loved it
4902,4902,4,Average experience
4903,4903,5,Average experience
4904,4904,3,Excellent food
4905,4905,3,Food was cold
4906,4906,5,Late delivery
4907,4907,2,Will order again
4908,4908,5,Fast delivery
4909,4909,4,Fast delivery
4910,4910,3,Average experience
4911,4911,1,Very tasty
4912,4912,2,Late delivery
4913,4913,3,Excellent food
4914,4914,1,Food was cold
4915,4915,5,Very tasty
4916,4916,3,Excellent food
4917,4917,2,Will order again
4918,4918,2,Average experience
4919,4919,4,Fast delivery
4920,4920,1,Will order again
4921,4921,1,Packaging could improve
4922,4922,3,Late delivery
4923,4923,3,Will order again
4924,4924,2,Highly recommended
4925,4925,4,Packaging could improve
4926,4926,5,Food was cold
4927,4927,4,Very tasty
4928,4928,1,Late delivery
4929,4929,3,Late delivery
4930,4930,1,Average experience
4931,4931,1,Will order again
4932,4932,3,Fast delivery
4933,4933,5,Fast delivery
4934,4934,2,Food was cold
4935,4935,5,Will order again
4936,4936,3,Fast delivery
4937,4937,5,Very tasty
4938,4938,1,Average experience
4939,4939,4,Loved it
4940,4940,5,Fast delivery
4941,4941,4,Very tasty
4942,4942,5,Highly recommended
4943,4943,5,Very tasty
4944,4944,3,Very tasty
4945,4945,2,Food was cold
4946,4946,4,Will order again
4947,4947,1,Will order again
4948,4948,2,Packaging could improve
4949,4949,2,Packaging could improve
4950,4950,3,Very tasty
4951,4951,1,Very tasty
4952,4952,1,Highly recommended
4953,4953,3,Packaging could improve
4954,4954,5,Late delivery
4955,4955,2,Fast delivery
4956,4956,1,Fast delivery
4957,4957,1,Packaging could improve
4958,4958,4,Loved it
4959,4959,1,Loved it
4960,4960,1,Excellent food
4961,4961,4,Loved it
4962,4962,5,Excellent food
4963,4963,2,Food was cold
4964,4964,5,Highly recommended
4965,4965,2,Loved it
4966,4966,4,Food was cold
4967,4967,5,Late delivery
4968,4968,2,Very tasty
4969,4969,2,Loved it
4970,4970,1,Average experience
4971,4971,1,Late delivery
4972,4972,4,Fast delivery
4973,4973,1,Will order again
4974,4974,5,Packaging could improve
4975,4975,4,Food was cold
4976,4976,5,Excellent food
4977,4977,3,Fast delivery
4978,4978,5,Fast delivery
4979,4979,2,Food was cold
4980,4980,3,Packaging could improve
4981,4981,5,Highly recommended
4982,4982,4,Late delivery
4983,4983,2,Highly recommended
4984,4984,4,Fast delivery
4985,4985,2,Food was cold
4986,4986,2,Fast delivery
4987,4987,3,Highly recommended
4988,4988,2,Average experience
4989,4989,4,Late delivery
4990,4990,5,Loved it
4991,4991,2,Fast delivery
4992,4992,1,Very tasty
4993,4993,4,Packaging could improve
4994,4994,1,Food was cold
4995,4995,5,Late delivery
4996,4996,1,Loved it
4997,4997,3,Will order again
4998,4998,2,Late delivery
4999,4999,1,Will order again
5000,5000,3,Packaging could improve
5001,5001,3,Average experience
5002,5002,3,Average experience
5003,5003,1,Highly recommended
5004,5004,5,Excellent food
5005,5005,5,Highly recommended
5006,5006,2,Fast delivery
5007,5007,3,Late delivery
5008,5008,5,Loved it
5009,5009,1,Average experience
5010,5010,2,Excellent food
5011,5011,5,Late delivery
5012,5012,5,Excellent food
5013,5013,5,Food was cold
5014,5014,3,Loved it
5015,5015,3,Average experience
5016,5016,4,Excellent food
5017,5017,2,Fast delivery
5018,5018,4,Excellent food
5019,5019,2,Food was cold
5020,5020,3,Highly recommended
5021,5021,5,Average experience
5022,5022,3,Late delivery
5023,5023,4,Packaging could improve
5024,5024,4,Excellent food
5025,5025,4,Will order again
5026,5026,5,Late delivery
5027,5027,3,Packaging could improve
5028,5028,2,Highly recommended
5029,5029,5,Very tasty
5030,5030,2,Excellent food
5031,5031,5,Fast delivery
5032,5032,1,Late delivery
5033,5033,2,Food was cold
5034,5034,1,Late delivery
5035,5035,4,Average experience
5036,5036,1,Will order again
5037,5037,4,Excellent food
5038,5038,5,Will order again
5039,5039,3,Excellent food
5040,5040,1,Food was cold
5041,5041,4,Will order again
5042,5042,4,Packaging could improve
5043,5043,2,Packaging could improve
5044,5044,5,Excellent food
5045,5045,5,Food was cold
5046,5046,1,Will order again
5047,5047,2,Very tasty
5048,5048,1,Highly recommended
5049,5049,1,Excellent food
5050,5050,1,Highly recommended
5051,5051,1,Very tasty
5052,5052,1,Average experience
5053,5053,1,Excellent food
5054,5054,1,Will order again
5055,5055,1,Food was cold
5056,5056,4,Average experience
5057,5057,4,Excellent food
5058,5058,3,Food was cold
5059,5059,1,Food was cold
5060,5060,1,Late delivery
5061,5061,2,Very tasty
5062,5062,3,Packaging could improve
5063,5063,3,Packaging could improve
5064,5064,2,Late delivery
5065,5065,3,Highly recommended
5066,5066,4,Late delivery
5067,5067,1,Fast delivery
5068,5068,2,Very tasty
5069,5069,3,Fast delivery
5070,5070,2,Fast delivery
5071,5071,3,Very tasty
5072,5072,3,Excellent food
5073,5073,5,Will order again
5074,5074,1,Will order again
5075,5075,1,Fast delivery
5076,5076,5,Loved it
5077,5077,5,Highly recommended
5078,5078,4,Packaging could improve
5079,5079,2,Very tasty
5080,5080,3,Food was cold
5081,5081,2,Excellent food
5082,5082,1,Loved it
5083,5083,3,Average experience
5084,5084,3,Loved it
5085,5085,4,Packaging could improve
5086,5086,2,Highly recommended
5087,5087,3,Excellent food
5088,5088,4,Very tasty
5089,5089,4,Highly recommended
5090,5090,1,Very tasty
5091,5091,1,Highly recommended
5092,5092,5,Average experience
5093,5093,4,Excellent food
5094,5094,3,Will order again
5095,5095,1,Food was cold
5096,5096,3,Very tasty
5097,5097,5,Highly recommended
5098,5098,4,Very tasty
5099,5099,4,Excellent food
5100,5100,1,Will order again
5101,5101,4,Average experience
5102,5102,3,Excellent food
5103,5103,4,Loved it
5104,5104,2,Average experience
5105,5105,5,Excellent food
5106,5106,1,Packaging could improve
5107,5107,3,Late delivery
5108,5108,3,Food was cold
5109,5109,1,Average experience
5110,5110,3,Late delivery
5111,5111,2,Very tasty
5112,5112,1,Food was cold
5113,5113,5,Average experience
5114,5114,2,Excellent food
5115,5115,5,Highly recommended
5116,5116,4,Fast delivery
5117,5117,5,Fast delivery
5118,5118,3,Fast delivery
5119,5119,2,Average experience
5120,5120,5,Will order again
5121,5121,2,Average experience
5122,5122,1,Highly recommended
5123,5123,2,Late delivery
5124,5124,2,Packaging could improve
5125,5125,2,Excellent food
5126,5126,1,Fast delivery
5127,5127,1,Very tasty
5128,5128,2,Will order again
5129,5129,3,Highly recommended
5130,5130,1,Will order again
5131,5131,1,Loved it
5132,5132,4,Fast delivery
5133,5133,5,Highly recommended
5134,5134,5,Fast delivery
5135,5135,1,Food was cold
5136,5136,2,Highly recommended
5137,5137,2,Loved it
5138,5138,3,Fast delivery
5139,5139,3,Highly recommended
5140,5140,2,Late delivery
5141,5141,4,Fast delivery
5142,5142,5,Excellent food
5143,5143,1,Very tasty
5144,5144,3,Packaging could improve
5145,5145,4,Loved it
5146,5146,4,Packaging could improve
5147,5147,2,Late delivery
5148,5148,4,Loved it
5149,5149,3,Average experience
5150,5150,1,Packaging could improve
5151,5151,5,Fast delivery
5152,5152,2,Excellent food
5153,5153,1,Will order again
5154,5154,2,Food was cold
5155,5155,1,Excellent food
5156,5156,3,Average experience
5157,5157,5,Fast delivery
5158,5158,5,Excellent food
5159,5159,5,Very tasty
5160,5160,4,Excellent food
5161,5161,4,Late delivery
5162,5162,5,Loved it
5163,5163,3,Will order again
5164,5164,1,Loved it
5165,5165,4,Fast delivery
5166,5166,1,Food was cold
5167,5167,2,Will order again
5168,5168,5,Fast delivery
5169,5169,3,Excellent food
5170,5170,2,Excellent food
5171,5171,4,Late delivery
5172,5172,2,Will order again
5173,5173,5,Loved it
5174,5174,2,Very tasty
5175,5175,4,Loved it
5176,5176,4,Average experience
5177,5177,2,Very tasty
5178,5178,1,Highly recommended
5179,5179,5,Very tasty
5180,5180,4,Will order again
5181,5181,4,Excellent food
5182,5182,4,Excellent food
5183,5183,4,Fast delivery
5184,5184,1,Average experience
5185,5185,2,Highly recommended
5186,5186,2,Excellent food
5187,5187,4,Will order again
5188,5188,3,Will order again
5189,5189,4,Loved it
5190,5190,5,Average experience
5191,5191,2,Packaging could improve
5192,5192,1,Very tasty
5193,5193,5,Will order again
5194,5194,3,Food was cold
5195,5195,2,Very tasty
5196,5196,2,Loved it
5197,5197,3,Late delivery
5198,5198,2,Late delivery
5199,5199,2,Food was cold
5200,5200,5,Highly recommended
5201,5201,3,Late delivery
5202,5202,4,Average experience
5203,5203,1,Very tasty
5204,5204,1,Packaging could improve
5205,5205,1,Food was cold
5206,5206,4,Very tasty
5207,5207,2,Loved it
5208,5208,1,Excellent food
5209,5209,5,Late delivery
5210,5210,1,Fast delivery
5211,5211,4,Highly recommended
5212,5212,3,Will order again
5213,5213,2,Packaging could improve
5214,5214,1,Packaging could improve
5215,5215,1,Will order again
5216,5216,5,Excellent food
5217,5217,5,Average experience
5218,5218,2,Loved it
5219,5219,4,Excellent food
5220,5220,5,Packaging could improve
5221,5221,5,Late delivery
5222,5222,2,Excellent food
5223,5223,4,Very tasty
5224,5224,3,Late delivery
5225,5225,1,Very tasty
5226,5226,2,Packaging could improve
5227,5227,4,Packaging could improve
5228,5228,3,Late delivery
5229,5229,3,Late delivery
5230,5230,1,Fast delivery
5231,5231,4,Very tasty
5232,5232,3,Fast delivery
5233,5233,1,Will order again
5234,5234,3,Very tasty
5235,5235,3,Packaging could improve
5236,5236,3,Very tasty
5237,5237,5,Very tasty
5238,5238,3,Loved it
5239,5239,5,Loved it
5240,5240,2,Highly recommended
5241,5241,2,Excellent food
5242,5242,3,Fast delivery
5243,5243,2,Will order again
5244,5244,2,Packaging could improve
5245,5245,3,Will order again
5246,5246,4,Fast delivery
5247,5247,3,Excellent food
5248,5248,2,Food was cold
5249,5249,3,Average experience
5250,5250,2,Packaging could improve
5251,5251,4,Average experience
5252,5252,1,Excellent food
5253,5253,5,Excellent food
5254,5254,4,Average experience
5255,5255,1,Highly recommended
5256,5256,4,Excellent food
5257,5257,2,Will order again
5258,5258,2,Packaging could improve
5259,5259,1,Packaging could improve
5260,5260,3,Excellent food
5261,5261,3,Late delivery
5262,5262,4,Excellent food
5263,5263,2,Excellent food
5264,5264,2,Excellent food
5265,5265,4,Packaging could improve
5266,5266,3,Food was cold
5267,5267,4,Will order again
5268,5268,1,Excellent food
5269,5269,2,Loved it
5270,5270,4,Average experience
5271,5271,3,Late delivery
5272,5272,1,Loved it
5273,5273,1,Highly recommended
5274,5274,1,Highly recommended
5275,5275,2,Food was cold
5276,5276,2,Will order again
5277,5277,3,Excellent food
5278,5278,3,Packaging could improve
5279,5279,4,Fast delivery
5280,5280,4,Excellent food
5281,5281,5,Loved it
5282,5282,1,Excellent food
5283,5283,5,Loved it
5284,5284,5,Packaging could improve
5285,5285,1,Packaging could improve
5286,5286,4,Loved it
5287,5287,1,Average experience
5288,5288,2,Average experience
5289,5289,1,Highly recommended
5290,5290,5,Very tasty
5291,5291,1,Fast delivery
5292,5292,2,Fast delivery
5293,5293,2,Late delivery
5294,5294,4,Packaging could improve
5295,5295,3,Highly recommended
5296,5296,3,Food was cold
5297,5297,4,Loved it
5298,5298,5,Fast delivery
5299,5299,2,Excellent food
5300,5300,1,Fast delivery
5301,5301,2,Highly recommended
5302,5302,2,Food was cold
5303,5303,3,Fast delivery
5304,5304,3,Food was cold
5305,5305,2,Very tasty
5306,5306,3,Food was cold
5307,5307,3,Very tasty
5308,5308,3,Will order again
5309,5309,2,Loved it
5310,5310,3,Excellent food
5311,5311,4,Packaging could improve
5312,5312,1,Excellent food
5313,5313,5,Will order again
5314,5314,4,Packaging could improve
5315,5315,2,Excellent food
5316,5316,3,Food was cold
5317,5317,4,Loved it
5318,5318,2,Food was cold
5319,5319,5,Food was cold
5320,5320,3,Fast delivery
5321,5321,2,Excellent food
5322,5322,1,Fast delivery
5323,5323,2,Highly recommended
5324,5324,3,Food was cold
5325,5325,1,Food was cold
5326,5326,3,Average experience
5327,5327,2,Loved it
5328,5328,5,Packaging could improve
5329,5329,3,Packaging could improve
5330,5330,3,Average experience
5331,5331,5,Highly recommended
5332,5332,1,Loved it
5333,5333,3,Packaging could improve
5334,5334,5,Highly recommended
5335,5335,5,Average experience
5336,5336,4,Average experience
5337,5337,4,Packaging could improve
5338,5338,2,Late delivery
5339,5339,3,Late delivery
5340,5340,2,Will order again
5341,5341,5,Loved it
5342,5342,4,Excellent food
5343,5343,5,Will order again
5344,5344,1,Fast delivery
5345,5345,5,Loved it
5346,5346,4,Highly recommended
5347,5347,2,Very tasty
5348,5348,4,Highly recommended
5349,5349,2,Average experience
5350,5350,4,Average experience
5351,5351,5,Highly recommended
5352,5352,5,Highly recommended
5353,5353,5,Fast delivery
5354,5354,4,Highly recommended
5355,5355,5,Loved it
5356,5356,2,Very tasty
5357,5357,5,Very tasty
5358,5358,4,Fast delivery
5359,5359,1,Average experience
5360,5360,1,Fast delivery
5361,5361,4,Average experience
5362,5362,4,Packaging could improve
5363,5363,1,Excellent food
5364,5364,1,Highly recommended
5365,5365,5,Highly recommended
5366,5366,2,Average experience
5367,5367,5,Late delivery
5368,5368,5,Food was cold
5369,5369,3,Excellent food
5370,5370,4,Very tasty
5371,5371,1,Excellent food
5372,5372,5,Food was cold
5373,5373,5,Late delivery
5374,5374,4,Food was cold
5375,5375,3,Late delivery
5376,5376,2,Loved it
5377,5377,5,Loved it
5378,5378,3,Average experience
5379,5379,2,Packaging could improve
5380,5380,4,Food was cold
5381,5381,3,Highly recommended
5382,5382,5,Will order again
5383,5383,2,Excellent food
5384,5384,5,Packaging could improve
5385,5385,2,Packaging could improve
5386,5386,1,Loved it
5387,5387,3,Very tasty
5388,5388,5,Excellent food
5389,5389,5,Food was cold
5390,5390,2,Average experience
5391,5391,2,Loved it
5392,5392,4,Very tasty
5393,5393,2,Late delivery
5394,5394,2,Will order again
5395,5395,1,Food was cold
5396,5396,5,Excellent food
5397,5397,1,Loved it
5398,5398,4,Will order again
5399,5399,3,Very tasty
5400,5400,3,Average experience
5401,5401,1,Excellent food
5402,5402,5,Loved it
5403,5403,4,Loved it
5404,5404,1,Food was cold
5405,5405,2,Excellent food
5406,5406,3,Food was cold
5407,5407,4,Excellent food
5408,5408,5,Fast delivery
5409,5409,3,Packaging could improve
5410,5410,1,Very tasty
5411,5411,1,Fast delivery
5412,5412,5,Fast delivery
5413,5413,5,Fast delivery
5414,5414,5,Highly recommended
5415,5415,3,Fast delivery
5416,5416,3,Late delivery
5417,5417,2,Will order again
5418,5418,2,Highly recommended
5419,5419,4,Loved it
5420,5420,3,Average experience
5421,5421,5,Packaging could improve
5422,5422,3,Fast delivery
5423,5423,1,Excellent food
5424,5424,5,Excellent food
5425,5425,3,Packaging could improve
5426,5426,2,Loved it
5427,5427,4,Excellent food
5428,5428,3,Highly recommended
5429,5429,5,Average experience
5430,5430,4,Highly recommended
5431,5431,1,Average experience
5432,5432,1,Excellent food
5433,5433,3,Highly recommended
5434,5434,5,Highly recommended
5435,5435,2,Loved it
5436,5436,1,Excellent food
5437,5437,3,Excellent food
5438,5438,1,Fast delivery
5439,5439,4,Highly recommended
5440,5440,5,Packaging could improve
5441,5441,5,Fast delivery
5442,5442,4,Loved it
5443,5443,4,Average experience
5444,5444,2,Average experience
5445,5445,5,Average experience
5446,5446,5,Fast delivery
5447,5447,4,Food was cold
5448,5448,5,Loved it
5449,5449,4,Average experience
5450,5450,5,Late delivery
5451,5451,3,Highly recommended
5452,5452,3,Highly recommended
5453,5453,4,Food was cold
5454,5454,2,Highly recommended
5455,5455,5,Highly recommended
5456,5456,2,Excellent food
5457,5457,2,Highly recommended
5458,5458,3,Food was cold
5459,5459,2,Packaging could improve
5460,5460,5,Food was cold
5461,5461,1,Late delivery
5462,5462,3,Excellent food
5463,5463,1,Loved it
5464,5464,3,Packaging could improve
5465,5465,1,Excellent food
5466,5466,1,Average experience
5467,5467,4,Fast delivery
5468,5468,5,Average experience
5469,5469,3,Packaging could improve
5470,5470,4,Food was cold
5471,5471,1,Food was cold
5472,5472,3,Average experience
5473,5473,3,Food was cold
5474,5474,2,Very tasty
5475,5475,5,Excellent food
5476,5476,3,Packaging could improve
5477,5477,5,Packaging could improve
5478,5478,1,Highly recommended
5479,5479,3,Excellent food
5480,5480,1,Very tasty
5481,5481,1,Late delivery
5482,5482,3,Late delivery
5483,5483,5,Late delivery
5484,5484,1,Packaging could improve
5485,5485,1,Highly recommended
5486,5486,5,Will order again
5487,5487,1,Excellent food
5488,5488,3,Very tasty
5489,5489,2,Packaging could improve
5490,5490,3,Loved it
5491,5491,3,Average experience
5492,5492,5,Late delivery
5493,5493,2,Fast delivery
5494,5494,5,Will order again
5495,5495,5,Loved it
5496,5496,4,Average experience
5497,5497,3,Packaging could improve
5498,5498,2,Loved it
5499,5499,5,Highly recommended
5500,5500,3,Very tasty
5501,5501,2,Late delivery
5502,5502,3,Fast delivery
5503,5503,2,Will order again
5504,5504,3,Late delivery
5505,5505,1,Very tasty
5506,5506,3,Very tasty
5507,5507,1,Excellent food
5508,5508,4,Late delivery
5509,5509,5,Fast delivery
5510,5510,5,Very tasty
5511,5511,5,Very tasty
5512,5512,5,Late delivery
5513,5513,4,Late delivery
5514,5514,3,Will order again
5515,5515,4,Very tasty
5516,5516,2,Average experience
5517,5517,4,Will order again
5518,5518,1,Average experience
5519,5519,4,Will order again
5520,5520,1,Packaging could improve
5521,5521,3,Average experience
5522,5522,2,Packaging could improve
5523,5523,1,Loved it
5524,5524,1,Packaging could improve
5525,5525,1,Excellent food
5526,5526,1,Packaging could improve
5527,5527,5,Loved it
5528,5528,3,Will order again
5529,5529,5,Very tasty
5530,5530,4,Food was cold
5531,5531,4,Average experience
5532,5532,1,Highly recommended
5533,5533,2,Highly recommended
5534,5534,2,Food was cold
5535,5535,1,Food was cold
5536,5536,1,Will order again
5537,5537,4,Very tasty
5538,5538,4,Average experience
5539,5539,5,Late delivery
5540,5540,2,Packaging could improve
5541,5541,5,Will order again
5542,5542,5,Packaging could improve
5543,5543,2,Average experience
5544,5544,5,Will order again
5545,5545,4,Highly recommended
5546,5546,4,Late delivery
5547,5547,4,Food was cold
5548,5548,4,Average experience
5549,5549,3,Food was cold
5550,5550,2,Food was cold
5551,5551,5,Food was cold
5552,5552,4,Food was cold
5553,5553,4,Will order again
5554,5554,5,Fast delivery
5555,5555,1,Packaging could improve
5556,5556,2,Food was cold
5557,5557,1,Excellent food
5558,5558,2,Will order again
5559,5559,5,Excellent food
5560,5560,1,Highly recommended
5561,5561,3,Packaging could improve
5562,5562,4,Fast delivery
5563,5563,1,Late delivery
5564,5564,4,Packaging could improve
5565,5565,5,Loved it
5566,5566,3,Fast delivery
5567,5567,2,Fast delivery
5568,5568,2,Will order again
5569,5569,5,Fast delivery
5570,5570,5,Food was cold
5571,5571,1,Highly recommended
5572,5572,5,Fast delivery
5573,5573,5,Packaging could improve
5574,5574,2,Will order again
5575,5575,2,Food was cold
5576,5576,1,Late delivery
5577,5577,2,Packaging could improve
5578,5578,4,Average experience
5579,5579,2,Late delivery
5580,5580,5,Loved it
5581,5581,2,Food was cold
5582,5582,1,Excellent food
5583,5583,3,Excellent food
5584,5584,1,Late delivery
5585,5585,5,Fast delivery
5586,5586,4,Loved it
5587,5587,4,Late delivery
5588,5588,1,Late delivery
5589,5589,2,Loved it
5590,5590,3,Food was cold
5591,5591,3,Average experience
5592,5592,5,Will order again
5593,5593,4,Food was cold
5594,5594,4,Fast delivery
5595,5595,1,Excellent food
5596,5596,4,Excellent food
5597,5597,3,Very tasty
5598,5598,4,Fast delivery
5599,5599,4,Will order again
5600,5600,1,Packaging could improve
5601,5601,2,Food was cold
5602,5602,2,Late delivery
5603,5603,3,Very tasty
5604,5604,3,Packaging could improve
5605,5605,2,Packaging could improve
5606,5606,2,Will order again
5607,5607,2,Loved it
5608,5608,1,Loved it
5609,5609,4,Excellent food
5610,5610,3,Will order again
5611,5611,2,Average experience
5612,5612,2,Late delivery
5613,5613,1,Food was cold
5614,5614,4,Late delivery
5615,5615,5,Loved it
5616,5616,5,Highly recommended
5617,5617,3,Late delivery
5618,5618,2,Average experience
5619,5619,5,Excellent food
5620,5620,2,Packaging could improve
5621,5621,3,Food was cold
5622,5622,1,Very tasty
5623,5623,3,Excellent food
5624,5624,2,Late delivery
5625,5625,3,Highly recommended
5626,5626,3,Loved it
5627,5627,5,Very tasty
5628,5628,5,Will order again
5629,5629,2,Highly recommended
5630,5630,4,Fast delivery
5631,5631,3,Packaging could improve
5632,5632,1,Fast delivery
5633,5633,3,Packaging could improve
5634,5634,5,Will order again
5635,5635,2,Packaging could improve
5636,5636,5,Average experience
5637,5637,5,Very tasty
5638,5638,2,Loved it
5639,5639,5,Excellent food
5640,5640,4,Highly recommended
5641,5641,3,Food was cold
5642,5642,5,Food was cold
5643,5643,4,Very tasty
5644,5644,4,Late delivery
5645,5645,1,Will order again
5646,5646,2,Very tasty
5647,5647,3,Excellent food
5648,5648,2,Very tasty
5649,5649,3,Excellent food
5650,5650,5,Food was cold
5651,5651,3,Fast delivery
5652,5652,3,Will order again
5653,5653,5,Packaging could improve
5654,5654,3,Fast delivery
5655,5655,2,Average experience
5656,5656,4,Loved it
5657,5657,4,Food was cold
5658,5658,4,Average experience
5659,5659,1,Food was cold
5660,5660,3,Will order again
5661,5661,5,Will order again
5662,5662,3,Highly recommended
5663,5663,1,Fast delivery
5664,5664,4,Will order again
5665,5665,4,Excellent food
5666,5666,4,Average experience
5667,5667,2,Excellent food
5668,5668,1,Fast delivery
5669,5669,3,Food was cold
5670,5670,3,Will order again
5671,5671,1,Excellent food
5672,5672,4,Very tasty
5673,5673,2,Will order again
5674,5674,2,Average experience
5675,5675,1,Very tasty
5676,5676,2,Average experience
5677,5677,3,Fast delivery
5678,5678,1,Fast delivery
5679,5679,1,Food was cold
5680,5680,4,Average experience
5681,5681,1,Food was cold
5682,5682,1,Highly recommended
5683,5683,5,Highly recommended
5684,5684,2,Very tasty
5685,5685,2,Loved it
5686,5686,4,Highly recommended
5687,5687,4,Loved it
5688,5688,5,Packaging could improve
5689,5689,3,Late delivery
5690,5690,1,Will order again
5691,5691,1,Late delivery
5692,5692,1,Food was cold
5693,5693,5,Fast delivery
5694,5694,1,Fast delivery
5695,5695,1,Fast delivery
5696,5696,5,Highly recommended
5697,5697,2,Food was cold
5698,5698,3,Fast delivery
5699,5699,5,Excellent food
5700,5700,4,Packaging could improve
5701,5701,2,Will order again
5702,5702,5,Highly recommended
5703,5703,4,Packaging could improve
5704,5704,3,Food was cold
5705,5705,3,Average experience
5706,5706,4,Late delivery
5707,5707,1,Very tasty
5708,5708,1,Highly recommended
5709,5709,4,Very tasty
5710,5710,1,Loved it
5711,5711,5,Highly recommended
5712,5712,2,Food was cold
5713,5713,4,Average experience
5714,5714,3,Late delivery
5715,5715,4,Food was cold
5716,5716,1,Very tasty
5717,5717,5,Will order again
5718,5718,5,Average experience
5719,5719,2,Average experience
5720,5720,1,Fast delivery
5721,5721,5,Will order again
5722,5722,1,Average experience
5723,5723,2,Food was cold
5724,5724,4,Loved it
5725,5725,2,Very tasty
5726,5726,1,Food was cold
5727,5727,2,Will order again
5728,5728,5,Highly recommended
5729,5729,2,Loved it
5730,5730,4,Packaging could improve
5731,5731,4,Packaging could improve
5732,5732,5,Packaging could improve
5733,5733,5,Average experience
5734,5734,3,Late delivery
5735,5735,1,Very tasty
5736,5736,2,Highly recommended
5737,5737,1,Very tasty
5738,5738,1,Loved it
5739,5739,3,Loved it
5740,5740,2,Late delivery
5741,5741,4,Late delivery
5742,5742,5,Very tasty
5743,5743,2,Loved it
5744,5744,3,Loved it
5745,5745,5,Food was cold
5746,5746,3,Average experience
5747,5747,5,Late delivery
5748,5748,1,Late delivery
5749,5749,2,Excellent food
5750,5750,2,Average experience
5751,5751,2,Highly recommended
5752,5752,2,Late delivery
5753,5753,4,Will order again
5754,5754,5,Fast delivery
5755,5755,1,Excellent food
5756,5756,2,Late delivery
5757,5757,5,Loved it
5758,5758,2,Food was cold
5759,5759,5,Food was cold
5760,5760,1,Will order again
5761,5761,5,Excellent food
5762,5762,4,Food was cold
5763,5763,3,Will order again
5764,5764,5,Very tasty
5765,5765,2,Very tasty
5766,5766,4,Loved it
5767,5767,3,Excellent food
5768,5768,2,Will order again
5769,5769,2,Fast delivery
5770,5770,4,Packaging could improve
5771,5771,4,Loved it
5772,5772,1,Packaging could improve
5773,5773,1,Will order again
5774,5774,2,Packaging could improve
5775,5775,5,Excellent food
5776,5776,1,Average experience
5777,5777,4,Average experience
5778,5778,5,Average experience
5779,5779,4,Fast delivery
5780,5780,4,Loved it
5781,5781,2,Excellent food
5782,5782,4,Packaging could improve
5783,5783,2,Average experience
5784,5784,1,Fast delivery
5785,5785,2,Late delivery
5786,5786,5,Packaging could improve
5787,5787,1,Packaging could improve
5788,5788,4,Food was cold
5789,5789,1,Very tasty
5790,5790,2,Fast delivery
5791,5791,4,Loved it
5792,5792,2,Excellent food
5793,5793,1,Will order again
5794,5794,4,Will order again
5795,5795,2,Loved it
5796,5796,3,Packaging could improve
5797,5797,4,Late delivery
5798,5798,5,Late delivery
5799,5799,1,Late delivery
5800,5800,5,Excellent food
5801,5801,1,Average experience
5802,5802,1,Very tasty
5803,5803,1,Highly recommended
5804,5804,5,Very tasty
5805,5805,5,Loved it
5806,5806,2,Excellent food
5807,5807,4,Fast delivery
5808,5808,4,Fast delivery
5809,5809,1,Late delivery
5810,5810,1,Packaging could improve
5811,5811,3,Fast delivery
5812,5812,2,Very tasty
5813,5813,3,Highly recommended
5814,5814,1,Excellent food
5815,5815,2,Excellent food
5816,5816,1,Fast delivery
5817,5817,4,Food was cold
5818,5818,5,Food was cold
5819,5819,4,Highly recommended
5820,5820,1,Highly recommended
5821,5821,2,Fast delivery
5822,5822,3,Packaging could improve
5823,5823,4,Excellent food
5824,5824,1,Very tasty
5825,5825,3,Will order again
5826,5826,5,Will order again
5827,5827,1,Average experience
5828,5828,2,Food was cold
5829,5829,4,Very tasty
5830,5830,3,Average experience
5831,5831,4,Food was cold
5832,5832,5,Fast delivery
5833,5833,2,Very tasty
5834,5834,5,Packaging could improve
5835,5835,3,Food was cold
5836,5836,4,Average experience
5837,5837,2,Fast delivery
5838,5838,2,Will order again
5839,5839,1,Very tasty
5840,5840,1,Fast delivery
5841,5841,1,Highly recommended
5842,5842,5,Fast delivery
5843,5843,3,Late delivery
5844,5844,4,Excellent food
5845,5845,4,Fast delivery
5846,5846,1,Average experience
5847,5847,4,Late delivery
5848,5848,4,Very tasty
5849,5849,4,Loved it
5850,5850,5,Late delivery
5851,5851,3,Very tasty
5852,5852,1,Will order again
5853,5853,5,Food was cold
5854,5854,3,Will order again
5855,5855,2,Loved it
5856,5856,1,Very tasty
5857,5857,2,Will order again
5858,5858,3,Average experience
5859,5859,4,Highly recommended
5860,5860,1,Will order again
5861,5861,3,Fast delivery
5862,5862,3,Average experience
5863,5863,4,Very tasty
5864,5864,2,Food was cold
5865,5865,4,Highly recommended
5866,5866,2,Packaging could improve
5867,5867,3,Excellent food
5868,5868,3,Food was cold
5869,5869,1,Loved it
5870,5870,4,Food was cold
5871,5871,3,Loved it
5872,5872,3,Late delivery
5873,5873,3,Very tasty
5874,5874,1,Fast delivery
5875,5875,4,Highly recommended
5876,5876,3,Average experience
5877,5877,1,Late delivery
5878,5878,1,Late delivery
5879,5879,3,Loved it
5880,5880,4,Food was cold
5881,5881,2,Packaging could improve
5882,5882,5,Highly recommended
5883,5883,4,Packaging could improve
5884,5884,2,Highly recommended
5885,5885,4,Will order again
5886,5886,2,Very tasty
5887,5887,1,Very tasty
5888,5888,4,Will order again
5889,5889,2,Packaging could improve
5890,5890,1,Will order again
5891,5891,1,Late delivery
5892,5892,5,Will order again
5893,5893,4,Food was cold
5894,5894,4,Packaging could improve
5895,5895,3,Excellent food
5896,5896,1,Loved it
5897,5897,5,Highly recommended
5898,5898,4,Will order again
5899,5899,1,Very tasty
5900,5900,2,Food was cold
5901,5901,4,Fast delivery
5902,5902,1,Loved it
5903,5903,4,Fast delivery
5904,5904,1,Will order again
5905,5905,5,Fast delivery
5906,5906,3,Average experience
5907,5907,4,Packaging could improve
5908,5908,5,Average experience
5909,5909,2,Fast delivery
5910,5910,5,Food was cold
5911,5911,3,Food was cold
5912,5912,5,Fast delivery
5913,5913,4,Will order again
5914,5914,1,Food was cold
5915,5915,5,Highly recommended
5916,5916,3,Will order again
5917,5917,5,Average experience
5918,5918,1,Packaging could improve
5919,5919,3,Food was cold
5920,5920,2,Food was cold
5921,5921,4,Highly recommended
5922,5922,2,Very tasty
5923,5923,3,Highly recommended
5924,5924,3,Average experience
5925,5925,1,Food was cold
5926,5926,2,Loved it
5927,5927,5,Late delivery
5928,5928,1,Very tasty
5929,5929,1,Average experience
5930,5930,1,Excellent food
5931,5931,5,Packaging could improve
5932,5932,4,Very tasty
5933,5933,3,Packaging could improve
5934,5934,2,Late delivery
5935,5935,4,Highly recommended
5936,5936,5,Food was cold
5937,5937,1,Will order again
5938,5938,4,Loved it
5939,5939,4,Fast delivery
5940,5940,3,Late delivery
5941,5941,3,Average experience
5942,5942,3,Fast delivery
5943,5943,4,Highly recommended
5944,5944,3,Excellent food
5945,5945,4,Highly recommended
5946,5946,1,Average experience
5947,5947,5,Highly recommended
5948,5948,2,Food was cold
5949,5949,4,Will order again
5950,5950,2,Loved it
5951,5951,3,Food was cold
5952,5952,3,Excellent food
5953,5953,3,Highly recommended
5954,5954,1,Fast delivery
5955,5955,3,Excellent food
5956,5956,5,Fast delivery
5957,5957,4,Loved it
5958,5958,4,Will order again
5959,5959,4,Food was cold
5960,5960,1,Excellent food
5961,5961,1,Excellent food
5962,5962,2,Food was cold
5963,5963,4,Fast delivery
5964,5964,3,Excellent food
5965,5965,5,Loved it
5966,5966,2,Average experience
5967,5967,3,Food was cold
5968,5968,4,Very tasty
5969,5969,1,Will order again
5970,5970,4,Late delivery
5971,5971,1,Packaging could improve
5972,5972,2,Excellent food
5973,5973,3,Fast delivery
5974,5974,3,Food was cold
5975,5975,5,Food was cold
5976,5976,3,Food was cold
5977,5977,4,Excellent food
5978,5978,1,Will order again
5979,5979,1,Excellent food
5980,5980,1,Will order again
5981,5981,2,Very tasty
5982,5982,5,Food was cold
5983,5983,2,Highly recommended
5984,5984,1,Loved it
5985,5985,5,Late delivery
5986,5986,4,Average experience
5987,5987,4,Food was cold
5988,5988,4,Average experience
5989,5989,2,Fast delivery
5990,5990,2,Food was cold
5991,5991,2,Food was cold
5992,5992,4,Very tasty
5993,5993,3,Excellent food
5994,5994,2,Food was cold
5995,5995,2,Fast delivery
5996,5996,4,Highly recommended
5997,5997,4,Late delivery
5998,5998,4,Packaging could improve
5999,5999,4,Food was cold
6000,6000,1,Fast delivery
6001,6001,1,Average experience
6002,6002,4,Food was cold
6003,6003,3,Packaging could improve
6004,6004,1,Very tasty
6005,6005,4,Packaging could improve
6006,6006,3,Food was cold
6007,6007,5,Fast delivery
6008,6008,3,Excellent food
6009,6009,1,Fast delivery
6010,6010,3,Late delivery
6011,6011,5,Food was cold
6012,6012,4,Excellent food
6013,6013,2,Very tasty
6014,6014,2,Food was cold
6015,6015,5,Will order again
6016,6016,1,Food was cold
6017,6017,2,Packaging could improve
6018,6018,4,Highly recommended
6019,6019,5,Late delivery
6020,6020,5,Packaging could improve
6021,6021,4,Very tasty
6022,6022,3,Highly recommended
6023,6023,4,Packaging could improve
6024,6024,2,Fast delivery
6025,6025,2,Will order again
6026,6026,3,Average experience
6027,6027,2,Excellent food
6028,6028,5,Will order again
6029,6029,1,Will order again
6030,6030,4,Highly recommended
6031,6031,1,Will order again
6032,6032,5,Will order again
6033,6033,4,Loved it
6034,6034,3,Excellent food
6035,6035,5,Will order again
6036,6036,2,Food was cold
6037,6037,2,Fast delivery
6038,6038,4,Packaging could improve
6039,6039,3,Packaging could improve
6040,6040,2,Loved it
6041,6041,4,Excellent food
6042,6042,2,Will order again
6043,6043,2,Fast delivery
6044,6044,5,Excellent food
6045,6045,3,Highly recommended
6046,6046,5,Average experience
6047,6047,1,Excellent food
6048,6048,1,Food was cold
6049,6049,2,Late delivery
6050,6050,4,Loved it
6051,6051,2,Loved it
6052,6052,2,Will order again
6053,6053,1,Fast delivery
6054,6054,1,Excellent food
6055,6055,5,Average experience
6056,6056,3,Packaging could improve
6057,6057,3,Fast delivery
6058,6058,3,Packaging could improve
6059,6059,3,Highly recommended
6060,6060,3,Late delivery
6061,6061,4,Late delivery
6062,6062,1,Late delivery
6063,6063,5,Highly recommended
6064,6064,5,Excellent food
6065,6065,1,Very tasty
6066,6066,2,Late delivery
6067,6067,3,Excellent food
6068,6068,1,Food was cold
6069,6069,5,Average experience
6070,6070,2,Average experience
6071,6071,3,Very tasty
6072,6072,2,Will order again
6073,6073,4,Food was cold
6074,6074,2,Loved it
6075,6075,4,Packaging could improve
6076,6076,2,Packaging could improve
6077,6077,5,Will order again
6078,6078,1,Food was cold
6079,6079,3,Food was cold
6080,6080,4,Average experience
6081,6081,3,Food was cold
6082,6082,1,Excellent food
6083,6083,1,Food was cold
6084,6084,2,Very tasty
6085,6085,2,Food was cold
6086,6086,1,Food was cold
6087,6087,3,Very tasty
6088,6088,2,Highly recommended
6089,6089,2,Will order again
6090,6090,4,Fast delivery
6091,6091,1,Fast delivery
6092,6092,1,Fast delivery
6093,6093,2,Food was cold
6094,6094,1,Loved it
6095,6095,1,Will order again
6096,6096,3,Average experience
6097,6097,1,Late delivery
6098,6098,3,Late delivery
6099,6099,1,Loved it
6100,6100,2,Late delivery
6101,6101,5,Highly recommended
6102,6102,4,Excellent food
6103,6103,1,Average experience
6104,6104,3,Packaging could improve
6105,6105,1,Loved it
6106,6106,2,Highly recommended
6107,6107,2,Will order again
6108,6108,5,Fast delivery
6109,6109,5,Average experience
6110,6110,1,Fast delivery
6111,6111,3,Late delivery
6112,6112,3,Loved it
6113,6113,4,Will order again
6114,6114,1,Packaging could improve
6115,6115,4,Excellent food
6116,6116,2,Excellent food
6117,6117,5,Late delivery
6118,6118,5,Packaging could improve
6119,6119,4,Will order again
6120,6120,5,Fast delivery
6121,6121,4,Late delivery
6122,6122,4,Loved it
6123,6123,3,Very tasty
6124,6124,1,Loved it
6125,6125,4,Late delivery
6126,6126,1,Excellent food
6127,6127,1,Will order again
6128,6128,3,Packaging could improve
6129,6129,1,Loved it
6130,6130,4,Will order again
6131,6131,4,Food was cold
6132,6132,1,Food was cold
6133,6133,5,Packaging could improve
6134,6134,3,Food was cold
6135,6135,3,Highly recommended
6136,6136,5,Loved it
6137,6137,3,Fast delivery
6138,6138,5,Loved it
6139,6139,4,Very tasty
6140,6140,3,Excellent food
6141,6141,1,Loved it
6142,6142,2,Loved it
6143,6143,1,Loved it
6144,6144,2,Excellent food
6145,6145,1,Average experience
6146,6146,2,Will order again
6147,6147,5,Late delivery
6148,6148,5,Highly recommended
6149,6149,1,Packaging could improve
6150,6150,5,Late delivery
6151,6151,5,Food was cold
6152,6152,5,Loved it
6153,6153,3,Late delivery
6154,6154,4,Fast delivery
6155,6155,2,Very tasty
6156,6156,4,Late delivery
6157,6157,4,Loved it
6158,6158,1,Packaging could improve
6159,6159,4,Excellent food
6160,6160,1,Packaging could improve
6161,6161,3,Packaging could improve
6162,6162,2,Loved it
6163,6163,4,Loved it
6164,6164,1,Food was cold
6165,6165,1,Will order again
6166,6166,1,Excellent food
6167,6167,4,Fast delivery
6168,6168,2,Food was cold
6169,6169,3,Packaging could improve
6170,6170,3,Late delivery
6171,6171,5,Loved it
6172,6172,4,Late delivery
6173,6173,1,Highly recommended
6174,6174,3,Will order again
6175,6175,2,Excellent food
6176,6176,4,Average experience
6177,6177,5,Packaging could improve
6178,6178,3,Average experience
6179,6179,4,Late delivery
6180,6180,5,Loved it
6181,6181,1,Very tasty
6182,6182,4,Very tasty
6183,6183,2,Excellent food
6184,6184,2,Average experience
6185,6185,3,Will order again
6186,6186,4,Average experience
6187,6187,2,Packaging could improve
6188,6188,4,Loved it
6189,6189,4,Fast delivery
6190,6190,4,Excellent food
6191,6191,3,Highly recommended
6192,6192,5,Very tasty
6193,6193,4,Late delivery
6194,6194,3,Fast delivery
6195,6195,5,Excellent food
6196,6196,3,Late delivery
6197,6197,3,Highly recommended
6198,6198,3,Packaging could improve
6199,6199,2,Average experience
6200,6200,1,Fast delivery
6201,6201,1,Excellent food
6202,6202,4,Very tasty
6203,6203,2,Fast delivery
6204,6204,1,Very tasty
6205,6205,3,Highly recommended
6206,6206,3,Excellent food
6207,6207,4,Loved it
6208,6208,3,Highly recommended
6209,6209,2,Loved it
6210,6210,1,Average experience
6211,6211,5,Very tasty
6212,6212,3,Loved it
6213,6213,1,Fast delivery
6214,6214,4,Packaging could improve
6215,6215,3,Very tasty
6216,6216,4,Very tasty
6217,6217,4,Average experience
6218,6218,3,Will order again
6219,6219,2,Average experience
6220,6220,5,Highly recommended
6221,6221,3,Highly recommended
6222,6222,1,Food was cold
6223,6223,3,Fast delivery
6224,6224,3,Very tasty
6225,6225,2,Very tasty
6226,6226,2,Excellent food
6227,6227,1,Will order again
6228,6228,5,Loved it
6229,6229,3,Late delivery
6230,6230,3,Very tasty
6231,6231,1,Late delivery
6232,6232,2,Highly recommended
6233,6233,1,Excellent food
6234,6234,5,Average experience
6235,6235,5,Late delivery
6236,6236,1,Highly recommended
6237,6237,5,Loved it
6238,6238,2,Excellent food
6239,6239,4,Food was cold
6240,6240,3,Late delivery
6241,6241,1,Late delivery
6242,6242,2,Loved it
6243,6243,2,Will order again
6244,6244,5,Excellent food
6245,6245,4,Average experience
6246,6246,3,Fast delivery
6247,6247,3,Fast delivery
6248,6248,2,Excellent food
6249,6249,5,Packaging could improve
6250,6250,5,Loved it
6251,6251,3,Late delivery
6252,6252,2,Late delivery
6253,6253,4,Highly recommended
6254,6254,1,Highly recommended
6255,6255,4,Packaging could improve
6256,6256,4,Highly recommended
6257,6257,4,Loved it
6258,6258,2,Loved it
6259,6259,1,Average experience
6260,6260,5,Very tasty
6261,6261,1,Highly recommended
6262,6262,4,Late delivery
6263,6263,2,Fast delivery
6264,6264,1,Very tasty
6265,6265,4,Food was cold
6266,6266,3,Will order again
6267,6267,2,Very tasty
6268,6268,2,Will order again
6269,6269,4,Will order again
6270,6270,4,Packaging could improve
6271,6271,1,Packaging could improve
6272,6272,4,Food was cold
6273,6273,3,Loved it
6274,6274,2,Highly recommended
6275,6275,3,Loved it
6276,6276,1,Highly recommended
6277,6277,5,Fast delivery
6278,6278,1,Food was cold
6279,6279,2,Late delivery
6280,6280,2,Fast delivery
6281,6281,3,Very tasty
6282,6282,4,Fast delivery
6283,6283,1,Late delivery
6284,6284,4,Average experience
6285,6285,2,Will order again
6286,6286,5,Very tasty
6287,6287,1,Very tasty
6288,6288,1,Late delivery
6289,6289,3,Will order again
6290,6290,2,Loved it
6291,6291,1,Late delivery
6292,6292,4,Will order again
6293,6293,5,Very tasty
6294,6294,3,Loved it
6295,6295,1,Food was cold
6296,6296,5,Average experience
6297,6297,2,Very tasty
6298,6298,2,Loved it
6299,6299,4,Excellent food
6300,6300,5,Highly recommended
6301,6301,2,Average experience
6302,6302,4,Packaging could improve
6303,6303,5,Highly recommended
6304,6304,5,Late delivery
6305,6305,5,Will order again
6306,6306,4,Late delivery
6307,6307,4,Very tasty
6308,6308,1,Excellent food
6309,6309,3,Excellent food
6310,6310,3,Very tasty
6311,6311,3,Will order again
6312,6312,2,Average experience
6313,6313,4,Will order again
6314,6314,4,Loved it
6315,6315,1,Excellent food
6316,6316,1,Loved it
6317,6317,4,Average experience
6318,6318,1,Food was cold
6319,6319,1,Late delivery
6320,6320,2,Packaging could improve
6321,6321,1,Highly recommended
6322,6322,1,Packaging could improve
6323,6323,5,Excellent food
6324,6324,4,Very tasty
6325,6325,2,Food was cold
6326,6326,3,Loved it
6327,6327,1,Average experience
6328,6328,2,Excellent food
6329,6329,1,Food was cold
6330,6330,4,Excellent food
6331,6331,1,Very tasty
6332,6332,5,Fast delivery
6333,6333,1,Highly recommended
6334,6334,4,Will order again
6335,6335,3,Loved it
6336,6336,2,Loved it
6337,6337,5,Late delivery
6338,6338,2,Will order again
6339,6339,4,Fast delivery
6340,6340,3,Fast delivery
6341,6341,5,Very tasty
6342,6342,1,Fast delivery
6343,6343,1,Very tasty
6344,6344,5,Fast delivery
6345,6345,2,Packaging could improve
6346,6346,4,Loved it
6347,6347,4,Average experience
6348,6348,5,Average experience
6349,6349,5,Highly recommended
6350,6350,4,Loved it
6351,6351,5,Will order again
6352,6352,3,Will order again
6353,6353,2,Very tasty
6354,6354,3,Very tasty
6355,6355,2,Late delivery
6356,6356,4,Packaging could improve
6357,6357,3,Will order again
6358,6358,5,Food was cold
6359,6359,3,Will order again
6360,6360,3,Food was cold
6361,6361,3,Excellent food
6362,6362,4,Average experience
6363,6363,2,Excellent food
6364,6364,5,Excellent food
6365,6365,1,Excellent food
6366,6366,1,Late delivery
6367,6367,4,Late delivery
6368,6368,5,Food was cold
6369,6369,1,Very tasty
6370,6370,4,Highly recommended
6371,6371,4,Will order again
6372,6372,5,Very tasty
6373,6373,2,Will order again
6374,6374,5,Will order again
6375,6375,1,Food was cold
6376,6376,1,Highly recommended
6377,6377,1,Will order again
6378,6378,1,Late delivery
6379,6379,2,Excellent food
6380,6380,2,Highly recommended
6381,6381,4,Loved it
6382,6382,4,Loved it
6383,6383,3,Late delivery
6384,6384,2,Average experience
6385,6385,1,Food was cold
6386,6386,4,Very tasty
6387,6387,1,Loved it
6388,6388,1,Highly recommended
6389,6389,2,Highly recommended
6390,6390,5,Will order again
6391,6391,1,Packaging could improve
6392,6392,2,Packaging could improve
6393,6393,4,Highly recommended
6394,6394,5,Very tasty
6395,6395,2,Will order again
6396,6396,1,Very tasty
6397,6397,2,Late delivery
6398,6398,4,Highly recommended
6399,6399,1,Food was cold
6400,6400,5,Very tasty
6401,6401,4,Very tasty
6402,6402,2,Food was cold
6403,6403,5,Loved it
6404,6404,4,Excellent food
6405,6405,1,Food was cold
6406,6406,3,Late delivery
6407,6407,1,Loved it
6408,6408,1,Packaging could improve
6409,6409,2,Packaging could improve
6410,6410,5,Late delivery
6411,6411,1,Loved it
6412,6412,5,Very tasty
6413,6413,3,Excellent food
6414,6414,5,Highly recommended
6415,6415,4,Highly recommended
6416,6416,5,Late delivery
6417,6417,1,Excellent food
6418,6418,5,Highly recommended
6419,6419,3,Food was cold
6420,6420,2,Loved it
6421,6421,3,Food was cold
6422,6422,2,Average experience
6423,6423,5,Packaging could improve
6424,6424,2,Loved it
6425,6425,5,Loved it
6426,6426,3,Average experience
6427,6427,4,Average experience
6428,6428,4,Average experience
6429,6429,4,Loved it
6430,6430,1,Very tasty
6431,6431,3,Packaging could improve
6432,6432,1,Loved it
6433,6433,5,Highly recommended
6434,6434,2,Very tasty
6435,6435,4,Will order again
6436,6436,2,Will order again
6437,6437,1,Excellent food
6438,6438,2,Food was cold
6439,6439,5,Average experience
6440,6440,3,Highly recommended
6441,6441,3,Excellent food
6442,6442,4,Packaging could improve
6443,6443,1,Highly recommended
6444,6444,2,Loved it
6445,6445,2,Late delivery
6446,6446,3,Late delivery
6447,6447,2,Food was cold
6448,6448,2,Food was cold
6449,6449,1,Will order again
6450,6450,3,Late delivery
6451,6451,3,Very tasty
6452,6452,2,Very tasty
6453,6453,1,Late delivery
6454,6454,5,Will order again
6455,6455,4,Very tasty
6456,6456,4,Packaging could improve
6457,6457,1,Food was cold
6458,6458,2,Will order again
6459,6459,2,Food was cold
6460,6460,3,Late delivery
6461,6461,1,Average experience
6462,6462,1,Highly recommended
6463,6463,4,Average experience
6464,6464,1,Very tasty
6465,6465,3,Average experience
6466,6466,3,Excellent food
6467,6467,5,Will order again
6468,6468,3,Food was cold
6469,6469,3,Highly recommended
6470,6470,5,Excellent food
6471,6471,4,Excellent food
6472,6472,2,Average experience
6473,6473,5,Packaging could improve
6474,6474,5,Fast delivery
6475,6475,3,Highly recommended
6476,6476,1,Late delivery
6477,6477,3,Highly recommended
6478,6478,2,Will order again
6479,6479,3,Excellent food
6480,6480,5,Excellent food
6481,6481,2,Loved it
6482,6482,5,Late delivery
6483,6483,1,Very tasty
6484,6484,5,Food was cold
6485,6485,4,Food was cold
6486,6486,5,Excellent food
6487,6487,5,Loved it
6488,6488,4,Packaging could improve
6489,6489,5,Will order again
6490,6490,3,Average experience
6491,6491,2,Food was cold
6492,6492,4,Highly recommended
6493,6493,5,Packaging could improve
6494,6494,5,Will order again
6495,6495,2,Very tasty
6496,6496,3,Excellent food
6497,6497,5,Will order again
6498,6498,5,Food was cold
6499,6499,1,Late delivery
6500,6500,2,Packaging could improve
6501,6501,5,Average experience
6502,6502,4,Food was cold
6503,6503,2,Will order again
6504,6504,2,Highly recommended
6505,6505,4,Average experience
6506,6506,4,Will order again
6507,6507,1,Excellent food
6508,6508,4,Will order again
6509,6509,3,Loved it
6510,6510,3,Loved it
6511,6511,3,Highly recommended
6512,6512,1,Average experience
6513,6513,5,Will order again
6514,6514,5,Very tasty
6515,6515,1,Highly recommended
6516,6516,3,Highly recommended
6517,6517,3,Fast delivery
6518,6518,5,Will order again
6519,6519,3,Food was cold
6520,6520,2,Excellent food
6521,6521,3,Highly recommended
6522,6522,4,Excellent food
6523,6523,3,Will order again
6524,6524,1,Fast delivery
6525,6525,1,Very tasty
6526,6526,2,Loved it
6527,6527,3,Loved it
6528,6528,5,Packaging could improve
6529,6529,1,Late delivery
6530,6530,4,Late delivery
6531,6531,1,Packaging could improve
6532,6532,3,Excellent food
6533,6533,1,Very tasty
6534,6534,4,Fast delivery
6535,6535,2,Very tasty
6536,6536,2,Average experience
6537,6537,1,Very tasty
6538,6538,3,Loved it
6539,6539,1,Will order again
6540,6540,3,Packaging could improve
6541,6541,4,Very tasty
6542,6542,1,Will order again
6543,6543,4,Very tasty
6544,6544,5,Highly recommended
6545,6545,3,Food was cold
6546,6546,3,Excellent food
6547,6547,5,Food was cold
6548,6548,3,Food was cold
6549,6549,5,Loved it
6550,6550,4,Excellent food
6551,6551,4,Late delivery
6552,6552,5,Fast delivery
6553,6553,4,Late delivery
6554,6554,3,Excellent food
6555,6555,1,Average experience
6556,6556,5,Will order again
6557,6557,3,Average experience
6558,6558,3,Loved it
6559,6559,5,Late delivery
6560,6560,4,Average experience
6561,6561,5,Will order again
6562,6562,2,Very tasty
6563,6563,4,Late delivery
6564,6564,1,Food was cold
6565,6565,5,Fast delivery
6566,6566,3,Fast delivery
6567,6567,1,Highly recommended
6568,6568,3,Highly recommended
6569,6569,3,Will order again
6570,6570,5,Average experience
6571,6571,4,Food was cold
6572,6572,5,Food was cold
6573,6573,1,Very tasty
6574,6574,4,Highly recommended
6575,6575,2,Loved it
6576,6576,3,Packaging could improve
6577,6577,2,Fast delivery
6578,6578,4,Late delivery
6579,6579,4,Late delivery
6580,6580,5,Fast delivery
6581,6581,5,Loved it
6582,6582,1,Excellent food
6583,6583,2,Food was cold
6584,6584,4,Fast delivery
6585,6585,2,Food was cold
6586,6586,1,Late delivery
6587,6587,1,Highly recommended
6588,6588,2,Excellent food
6589,6589,5,Food was cold
6590,6590,3,Late delivery
6591,6591,5,Average experience
6592,6592,5,Fast delivery
6593,6593,1,Fast delivery
6594,6594,2,Food was cold
6595,6595,2,Excellent food
6596,6596,2,Highly recommended
6597,6597,1,Will order again
6598,6598,3,Late delivery
6599,6599,5,Very tasty
6600,6600,4,Late delivery
6601,6601,5,Excellent food
6602,6602,5,Fast delivery
6603,6603,2,Very tasty
6604,6604,1,Fast delivery
6605,6605,2,Fast delivery
6606,6606,2,Excellent food
6607,6607,1,Food was cold
6608,6608,5,Very tasty
6609,6609,3,Very tasty
6610,6610,4,Food was cold
6611,6611,5,Loved it
6612,6612,5,Very tasty
6613,6613,5,Packaging could improve
6614,6614,3,Highly recommended
6615,6615,4,Loved it
6616,6616,2,Will order again
6617,6617,5,Average experience
6618,6618,4,Late delivery
6619,6619,1,Will order again
6620,6620,4,Average experience
6621,6621,5,Fast delivery
6622,6622,2,Loved it
6623,6623,5,Will order again
6624,6624,1,Average experience
6625,6625,4,Average experience
6626,6626,2,Will order again
6627,6627,4,Very tasty
6628,6628,1,Fast delivery
6629,6629,2,Food was cold
6630,6630,2,Very tasty
6631,6631,5,Fast delivery
6632,6632,4,Food was cold
6633,6633,3,Highly recommended
6634,6634,3,Very tasty
6635,6635,3,Average experience
6636,6636,5,Will order again
6637,6637,1,Excellent food
6638,6638,1,Loved it
6639,6639,3,Loved it
6640,6640,4,Will order again
6641,6641,1,Food was cold
6642,6642,4,Fast delivery
6643,6643,4,Highly recommended
6644,6644,4,Highly recommended
6645,6645,2,Loved it
6646,6646,5,Excellent food
6647,6647,2,Fast delivery
6648,6648,5,Very tasty
6649,6649,5,Food was cold
6650,6650,1,Average experience
6651,6651,5,Will order again
6652,6652,1,Loved it
6653,6653,1,Very tasty
6654,6654,2,Will order again
6655,6655,3,Average experience
6656,6656,1,Very tasty
6657,6657,3,Will order again
6658,6658,4,Food was cold
6659,6659,4,Average experience
6660,6660,3,Fast delivery
6661,6661,5,Excellent food
6662,6662,5,Highly recommended
6663,6663,5,Excellent food
6664,6664,2,Late delivery
6665,6665,1,Highly recommended
6666,6666,4,Late delivery
6667,6667,1,Average experience
6668,6668,3,Loved it
6669,6669,3,Packaging could improve
6670,6670,2,Late delivery
6671,6671,3,Packaging could improve
6672,6672,4,Excellent food
6673,6673,3,Late delivery
6674,6674,3,Loved it
6675,6675,3,Excellent food
6676,6676,5,Will order again
6677,6677,2,Will order again
6678,6678,4,Fast delivery
6679,6679,3,Food was cold
6680,6680,4,Packaging could improve
6681,6681,2,Very tasty
6682,6682,2,Excellent food
6683,6683,4,Food was cold
6684,6684,3,Fast delivery
6685,6685,5,Very tasty
6686,6686,5,Highly recommended
6687,6687,1,Late delivery
6688,6688,4,Food was cold
6689,6689,3,Will order again
6690,6690,4,Will order again
6691,6691,4,Loved it
6692,6692,1,Highly recommended
6693,6693,4,Highly recommended
6694,6694,5,Food was cold
6695,6695,2,Will order again
6696,6696,1,Food was cold
6697,6697,3,Packaging could improve
6698,6698,4,Excellent food
6699,6699,3,Late delivery
6700,6700,5,Average experience
6701,6701,5,Fast delivery
6702,6702,2,Food was cold
6703,6703,5,Highly recommended
6704,6704,2,Average experience
6705,6705,5,Late delivery
6706,6706,2,Fast delivery
6707,6707,5,Excellent food
6708,6708,2,Excellent food
6709,6709,3,Very tasty
6710,6710,2,Late delivery
6711,6711,5,Very tasty
6712,6712,3,Late delivery
6713,6713,1,Loved it
6714,6714,3,Packaging could improve
6715,6715,3,Very tasty
6716,6716,4,Highly recommended
6717,6717,3,Loved it
6718,6718,1,Very tasty
6719,6719,3,Packaging could improve
6720,6720,1,Fast delivery
6721,6721,2,Very tasty
6722,6722,3,Average experience
6723,6723,3,Packaging could improve
6724,6724,3,Loved it
6725,6725,4,Fast delivery
6726,6726,4,Very tasty
6727,6727,5,Excellent food
6728,6728,3,Highly recommended
6729,6729,2,Fast delivery
6730,6730,5,Excellent food
6731,6731,4,Excellent food
6732,6732,2,Loved it
6733,6733,3,Food was cold
6734,6734,2,Will order again
6735,6735,2,Food was cold
6736,6736,4,Food was cold
6737,6737,2,Excellent food
6738,6738,2,Loved it
6739,6739,4,Late delivery
6740,6740,4,Excellent food
6741,6741,3,Will order again
6742,6742,2,Average experience
6743,6743,5,Fast delivery
6744,6744,1,Packaging could improve
6745,6745,1,Excellent food
6746,6746,2,Average experience
6747,6747,3,Excellent food
6748,6748,1,Average experience
6749,6749,1,Excellent food
6750,6750,4,Packaging could improve
6751,6751,2,Very tasty
6752,6752,5,Late delivery
6753,6753,2,Fast delivery
6754,6754,2,Very tasty
6755,6755,1,Packaging could improve
6756,6756,1,Loved it
6757,6757,3,Packaging could improve
6758,6758,4,Fast delivery
6759,6759,2,Packaging could improve
6760,6760,1,Will order again
6761,6761,4,Loved it
6762,6762,3,Very tasty
6763,6763,4,Fast delivery
6764,6764,4,Average experience
6765,6765,4,Late delivery
6766,6766,3,Packaging could improve
6767,6767,3,Packaging could improve
6768,6768,3,Excellent food
6769,6769,5,Loved it
6770,6770,2,Will order again
6771,6771,1,Packaging could improve
6772,6772,3,Very tasty
6773,6773,3,Late delivery
6774,6774,4,Very tasty
6775,6775,1,Excellent food
6776,6776,4,Average experience
6777,6777,3,Loved it
6778,6778,3,Will order again
6779,6779,5,Late delivery
6780,6780,3,Late delivery
6781,6781,3,Very tasty
6782,6782,4,Highly recommended
6783,6783,3,Packaging could improve
6784,6784,1,Average experience
6785,6785,1,Food was cold
6786,6786,1,Packaging could improve
6787,6787,1,Average experience
6788,6788,3,Fast delivery
6789,6789,1,Food was cold
6790,6790,1,Excellent food
6791,6791,1,Excellent food
6792,6792,1,Fast delivery
6793,6793,2,Packaging could improve
6794,6794,4,Average experience
6795,6795,3,Late delivery
6796,6796,2,Loved it
6797,6797,1,Will order again
6798,6798,2,Very tasty
6799,6799,5,Excellent food
6800,6800,4,Will order again
6801,6801,1,Will order again
6802,6802,4,Highly recommended
6803,6803,3,Loved it
6804,6804,2,Very tasty
6805,6805,2,Loved it
6806,6806,5,Highly recommended
6807,6807,4,Fast delivery
6808,6808,3,Late delivery
6809,6809,4,Late delivery
6810,6810,1,Packaging could improve
6811,6811,4,Will order again
6812,6812,1,Packaging could improve
6813,6813,2,Late delivery
6814,6814,3,Highly recommended
6815,6815,5,Very tasty
6816,6816,2,Excellent food
6817,6817,4,Highly recommended
6818,6818,4,Fast delivery
6819,6819,5,Excellent food
6820,6820,5,Late delivery
6821,6821,4,Food was cold
6822,6822,1,Will order again
6823,6823,2,Food was cold
6824,6824,1,Highly recommended
6825,6825,3,Average experience
6826,6826,5,Loved it
6827,6827,5,Loved it
6828,6828,3,Will order again
6829,6829,2,Average experience
6830,6830,3,Highly recommended
6831,6831,2,Packaging could improve
6832,6832,2,Loved it
6833,6833,2,Average experience
6834,6834,5,Late delivery
6835,6835,3,Highly recommended
6836,6836,3,Fast delivery
6837,6837,1,Fast delivery
6838,6838,3,Excellent food
6839,6839,5,Excellent food
6840,6840,5,Will order again
6841,6841,3,Food was cold
6842,6842,2,Loved it
6843,6843,2,Fast delivery
6844,6844,3,Food was cold
6845,6845,4,Food was cold
6846,6846,5,Packaging could improve
6847,6847,3,Late delivery
6848,6848,2,Very tasty
6849,6849,5,Excellent food
6850,6850,3,Will order again
6851,6851,5,Food was cold
6852,6852,1,Loved it
6853,6853,3,Very tasty
6854,6854,5,Will order again
6855,6855,2,Will order again
6856,6856,1,Fast delivery
6857,6857,4,Very tasty
6858,6858,4,Fast delivery
6859,6859,4,Will order again
6860,6860,3,Will order again
6861,6861,5,Packaging could improve
6862,6862,5,Excellent food
6863,6863,3,Packaging could improve
6864,6864,5,Food was cold
6865,6865,3,Will order again
6866,6866,4,Highly recommended
6867,6867,2,Very tasty
6868,6868,3,Excellent food
6869,6869,5,Loved it
6870,6870,4,Average experience
6871,6871,4,Late delivery
6872,6872,1,Food was cold
6873,6873,4,Will order again
6874,6874,2,Highly recommended
6875,6875,4,Very tasty
6876,6876,1,Excellent food
6877,6877,1,Packaging could improve
6878,6878,2,Average experience
6879,6879,2,Packaging could improve
6880,6880,4,Excellent food
6881,6881,1,Food was cold
6882,6882,5,Loved it
6883,6883,4,Food was cold
6884,6884,2,Will order again
6885,6885,3,Fast delivery
6886,6886,5,Highly recommended
6887,6887,3,Food was cold
6888,6888,3,Average experience
6889,6889,2,Highly recommended
6890,6890,1,Excellent food
6891,6891,2,Loved it
6892,6892,2,Packaging could improve
6893,6893,5,Highly recommended
6894,6894,2,Very tasty
6895,6895,3,Highly recommended
6896,6896,4,Excellent food
6897,6897,5,Late delivery
6898,6898,2,Fast delivery
6899,6899,5,Will order again
6900,6900,3,Will order again
6901,6901,3,Average experience
6902,6902,4,Very tasty
6903,6903,3,Packaging could improve
6904,6904,4,Excellent food
6905,6905,4,Excellent food
6906,6906,3,Late delivery
6907,6907,1,Packaging could improve
6908,6908,5,Average experience
6909,6909,3,Fast delivery
6910,6910,3,Loved it
6911,6911,5,Excellent food
6912,6912,3,Highly recommended
6913,6913,3,Fast delivery
6914,6914,3,Loved it
6915,6915,4,Packaging could improve
6916,6916,1,Loved it
6917,6917,5,Packaging could improve
6918,6918,5,Highly recommended
6919,6919,3,Packaging could improve
6920,6920,1,Very tasty
6921,6921,2,Highly recommended
6922,6922,4,Loved it
6923,6923,1,Excellent food
6924,6924,2,Food was cold
6925,6925,5,Loved it
6926,6926,4,Will order again
6927,6927,4,Food was cold
6928,6928,1,Late delivery
6929,6929,1,Food was cold
6930,6930,5,Excellent food
6931,6931,1,Excellent food
6932,6932,4,Food was cold
6933,6933,2,Excellent food
6934,6934,3,Very tasty
6935,6935,5,Average experience
6936,6936,2,Loved it
6937,6937,4,Late delivery
6938,6938,3,Excellent food
6939,6939,4,Food was cold
6940,6940,5,Highly recommended
6941,6941,2,Late delivery
6942,6942,1,Excellent food
6943,6943,1,Highly recommended
6944,6944,3,Average experience
6945,6945,4,Very tasty
6946,6946,2,Late delivery
6947,6947,1,Excellent food
6948,6948,5,Excellent food
6949,6949,2,Loved it
6950,6950,4,Will order again
6951,6951,2,Fast delivery
6952,6952,4,Late delivery
6953,6953,1,Will order again
6954,6954,1,Late delivery
6955,6955,4,Average experience
6956,6956,3,Late delivery
6957,6957,4,Will order again
6958,6958,1,Fast delivery
6959,6959,3,Food was cold
6960,6960,2,Fast delivery
6961,6961,2,Packaging could improve
6962,6962,5,Food was cold
6963,6963,2,Excellent food
6964,6964,1,Food was cold
6965,6965,5,Highly recommended
6966,6966,1,Late delivery
6967,6967,1,Food was cold
6968,6968,2,Will order again
6969,6969,1,Late delivery
6970,6970,1,Loved it
6971,6971,3,Will order again
6972,6972,2,Food was cold
6973,6973,3,Average experience
6974,6974,1,Will order again
6975,6975,1,Packaging could improve
6976,6976,2,Loved it
6977,6977,1,Packaging could improve
6978,6978,4,Will order again
6979,6979,4,Average experience
6980,6980,2,Packaging could improve
6981,6981,2,Fast delivery
6982,6982,3,Food was cold
6983,6983,3,Very tasty
6984,6984,1,Food was cold
6985,6985,2,Food was cold
6986,6986,3,Very tasty
6987,6987,1,Food was cold
6988,6988,2,Loved it
6989,6989,4,Fast delivery
6990,6990,4,Average experience
6991,6991,2,Fast delivery
6992,6992,3,Will order again
6993,6993,3,Loved it
6994,6994,5,Packaging could improve
6995,6995,3,Late delivery
6996,6996,2,Late delivery
6997,6997,4,Food was cold
6998,6998,5,Food was cold
6999,6999,3,Packaging could improve
7000,7000,1,Fast delivery
7001,7001,1,Will order again
7002,7002,1,Packaging could improve
7003,7003,3,Food was cold
7004,7004,1,Loved it
7005,7005,5,Will order again
7006,7006,1,Fast delivery
7007,7007,1,Very tasty
7008,7008,2,Food was cold
7009,7009,2,Very tasty
7010,7010,1,Excellent food
7011,7011,1,Will order again
7012,7012,3,Loved it
7013,7013,5,Average experience
7014,7014,1,Average experience
7015,7015,5,Late delivery
7016,7016,3,Very tasty
7017,7017,3,Food was cold
7018,7018,1,Food was cold
7019,7019,2,Food was cold
7020,7020,3,Highly recommended
7021,7021,2,Very tasty
7022,7022,5,Food was cold
7023,7023,4,Very tasty
7024,7024,1,Fast delivery
7025,7025,1,Packaging could improve
7026,7026,5,Food was cold
7027,7027,1,Loved it
7028,7028,5,Food was cold
7029,7029,1,Loved it
7030,7030,1,Food was cold
7031,7031,4,Excellent food
7032,7032,4,Late delivery
7033,7033,2,Late delivery
7034,7034,2,Average experience
7035,7035,4,Loved it
7036,7036,3,Food was cold
7037,7037,1,Excellent food
7038,7038,4,Late delivery
7039,7039,5,Packaging could improve
7040,7040,2,Loved it
7041,7041,1,Late delivery
7042,7042,2,Late delivery
7043,7043,5,Very tasty
7044,7044,4,Food was cold
7045,7045,5,Average experience
7046,7046,3,Late delivery
7047,7047,2,Food was cold
7048,7048,3,Will order again
7049,7049,4,Packaging could improve
7050,7050,3,Fast delivery
7051,7051,2,Food was cold
7052,7052,3,Very tasty
7053,7053,5,Loved it
7054,7054,4,Excellent food
7055,7055,5,Very tasty
7056,7056,3,Late delivery
7057,7057,4,Average experience
7058,7058,1,Packaging could improve
7059,7059,5,Fast delivery
7060,7060,5,Average experience
7061,7061,3,Fast delivery
7062,7062,5,Packaging could improve
7063,7063,4,Very tasty
7064,7064,2,Late delivery
7065,7065,2,Very tasty
7066,7066,4,Late delivery
7067,7067,2,Highly recommended
7068,7068,1,Packaging could improve
7069,7069,1,Food was cold
7070,7070,5,Late delivery
7071,7071,1,Average experience
7072,7072,4,Late delivery
7073,7073,5,Excellent food
7074,7074,5,Loved it
7075,7075,3,Highly recommended
7076,7076,2,Fast delivery
7077,7077,2,Very tasty
7078,7078,3,Highly recommended
7079,7079,4,Late delivery
7080,7080,5,Loved it
7081,7081,1,Will order again
7082,7082,5,Very tasty
7083,7083,5,Late delivery
7084,7084,2,Very tasty
7085,7085,4,Food was cold
7086,7086,5,Late delivery
7087,7087,4,Fast delivery
7088,7088,5,Will order again
7089,7089,1,Food was cold
7090,7090,3,Packaging could improve
7091,7091,1,Excellent food
7092,7092,3,Food was cold
7093,7093,5,Highly recommended
7094,7094,1,Packaging could improve
7095,7095,2,Highly recommended
7096,7096,2,Fast delivery
7097,7097,1,Will order again
7098,7098,4,Average experience
7099,7099,2,Excellent food
7100,7100,4,Late delivery
7101,7101,1,Loved it
7102,7102,5,Fast delivery
7103,7103,2,Average experience
7104,7104,1,Fast delivery
7105,7105,3,Loved it
7106,7106,1,Loved it
7107,7107,4,Fast delivery
7108,7108,2,Highly recommended
7109,7109,4,Excellent food
7110,7110,3,Highly recommended
7111,7111,3,Loved it
7112,7112,1,Packaging could improve
7113,7113,2,Late delivery
7114,7114,3,Food was cold
7115,7115,4,Will order again
7116,7116,1,Packaging could improve
7117,7117,2,Fast delivery
7118,7118,3,Packaging could improve
7119,7119,4,Will order again
7120,7120,4,Excellent food
7121,7121,4,Food was cold
7122,7122,3,Will order again
7123,7123,5,Average experience
7124,7124,1,Highly recommended
7125,7125,4,Loved it
7126,7126,3,Average experience
7127,7127,2,Food was cold
7128,7128,5,Excellent food
7129,7129,5,Late delivery
7130,7130,2,Late delivery
7131,7131,3,Packaging could improve
7132,7132,5,Excellent food
7133,7133,4,Packaging could improve
7134,7134,3,Average experience
7135,7135,5,Will order again
7136,7136,2,Will order again
7137,7137,4,Average experience
7138,7138,2,Food was cold
7139,7139,1,Average experience
7140,7140,3,Food was cold
7141,7141,5,Loved it
7142,7142,4,Fast delivery
7143,7143,2,Fast delivery
7144,7144,5,Late delivery
7145,7145,4,Packaging could improve
7146,7146,3,Fast delivery
7147,7147,1,Late delivery
7148,7148,2,Late delivery
7149,7149,1,Will order again
7150,7150,2,Fast delivery
7151,7151,2,Average experience
7152,7152,3,Packaging could improve
7153,7153,1,Packaging could improve
7154,7154,3,Average experience
7155,7155,5,Very tasty
7156,7156,4,Packaging could improve
7157,7157,2,Fast delivery
7158,7158,1,Highly recommended
7159,7159,3,Average experience
7160,7160,1,Very tasty
7161,7161,2,Loved it
7162,7162,5,Very tasty
7163,7163,2,Loved it
7164,7164,5,Food was cold
7165,7165,2,Very tasty
7166,7166,4,Fast delivery
7167,7167,4,Fast delivery
7168,7168,2,Will order again
7169,7169,2,Fast delivery
7170,7170,5,Very tasty
7171,7171,3,Loved it
7172,7172,3,Average experience
7173,7173,5,Average experience
7174,7174,2,Packaging could improve
7175,7175,2,Very tasty
7176,7176,4,Fast delivery
7177,7177,2,Late delivery
7178,7178,4,Late delivery
7179,7179,3,Loved it
7180,7180,3,Packaging could improve
7181,7181,3,Highly recommended
7182,7182,2,Will order again
7183,7183,4,Excellent food
7184,7184,4,Will order again
7185,7185,1,Highly recommended
7186,7186,4,Highly recommended
7187,7187,2,Late delivery
7188,7188,1,Very tasty
7189,7189,1,Highly recommended
7190,7190,3,Food was cold
7191,7191,4,Loved it
7192,7192,3,Packaging could improve
7193,7193,2,Will order again
7194,7194,2,Fast delivery
7195,7195,1,Fast delivery
7196,7196,3,Loved it
7197,7197,3,Fast delivery
7198,7198,1,Very tasty
7199,7199,3,Late delivery
7200,7200,5,Highly recommended
7201,7201,2,Very tasty
7202,7202,1,Loved it
7203,7203,3,Excellent food
7204,7204,4,Packaging could improve
7205,7205,3,Late delivery
7206,7206,3,Very tasty
7207,7207,2,Food was cold
7208,7208,3,Packaging could improve
7209,7209,4,Fast delivery
7210,7210,1,Will order again
7211,7211,2,Will order again
7212,7212,4,Late delivery
7213,7213,5,Highly recommended
7214,7214,5,Fast delivery
7215,7215,2,Packaging could improve
7216,7216,5,Highly recommended
7217,7217,3,Food was cold
7218,7218,2,Highly recommended
7219,7219,4,Will order again
7220,7220,1,Will order again
7221,7221,5,Food was cold
7222,7222,1,Very tasty
7223,7223,5,Fast delivery
7224,7224,2,Fast delivery
7225,7225,5,Will order again
7226,7226,3,Fast delivery
7227,7227,1,Fast delivery
7228,7228,4,Packaging could improve
7229,7229,2,Highly recommended
7230,7230,4,Fast delivery
7231,7231,5,Packaging could improve
7232,7232,1,Highly recommended
7233,7233,2,Average experience
7234,7234,1,Food was cold
7235,7235,5,Average experience
7236,7236,5,Food was cold
7237,7237,3,Loved it
7238,7238,4,Average experience
7239,7239,4,Average experience
7240,7240,2,Packaging could improve
7241,7241,1,Food was cold
7242,7242,1,Will order again
7243,7243,4,Highly recommended
7244,7244,3,Fast delivery
7245,7245,4,Average experience
7246,7246,1,Will order again
7247,7247,3,Fast delivery
7248,7248,5,Excellent food
7249,7249,4,Excellent food
7250,7250,1,Excellent food
7251,7251,1,Packaging could improve
7252,7252,4,Very tasty
7253,7253,1,Will order again
7254,7254,3,Very tasty
7255,7255,5,Highly recommended
7256,7256,5,Fast delivery
7257,7257,4,Packaging could improve
7258,7258,4,Packaging could improve
7259,7259,2,Highly recommended
7260,7260,2,Fast delivery
7261,7261,4,Average experience
7262,7262,2,Late delivery
7263,7263,4,Very tasty
7264,7264,1,Excellent food
7265,7265,2,Highly recommended
7266,7266,5,Late delivery
7267,7267,5,Packaging could improve
7268,7268,1,Average experience
7269,7269,4,Very tasty
7270,7270,5,Food was cold
7271,7271,1,Packaging could improve
7272,7272,1,Food was cold
7273,7273,2,Late delivery
7274,7274,5,Very tasty
7275,7275,4,Excellent food
7276,7276,2,Average experience
7277,7277,1,Food was cold
7278,7278,3,Will order again
7279,7279,4,Packaging could improve
7280,7280,4,Will order again
7281,7281,2,Fast delivery
7282,7282,2,Highly recommended
7283,7283,1,Late delivery
7284,7284,3,Excellent food
7285,7285,1,Loved it
7286,7286,5,Loved it
7287,7287,2,Late delivery
7288,7288,3,Packaging could improve
7289,7289,5,Fast delivery
7290,7290,3,Very tasty
7291,7291,4,Loved it
7292,7292,2,Food was cold
7293,7293,5,Loved it
7294,7294,2,Late delivery
7295,7295,4,Late delivery
7296,7296,4,Average experience
7297,7297,3,Highly recommended
7298,7298,4,Packaging could improve
7299,7299,5,Will order again
7300,7300,4,Very tasty
7301,7301,2,Average experience
7302,7302,4,Packaging could improve
7303,7303,4,Very tasty
7304,7304,2,Food was cold
7305,7305,4,Average experience
7306,7306,1,Excellent food
7307,7307,5,Very tasty
7308,7308,3,Packaging could improve
7309,7309,5,Average experience
7310,7310,3,Average experience
7311,7311,5,Fast delivery
7312,7312,3,Very tasty
7313,7313,5,Will order again
7314,7314,2,Will order again
7315,7315,2,Highly recommended
7316,7316,5,Highly recommended
7317,7317,1,Food was cold
7318,7318,3,Excellent food
7319,7319,2,Food was cold
7320,7320,2,Late delivery
7321,7321,1,Late delivery
7322,7322,4,Fast delivery
7323,7323,1,Packaging could improve
7324,7324,5,Very tasty
7325,7325,5,Loved it
7326,7326,4,Loved it
7327,7327,2,Loved it
7328,7328,2,Will order again
7329,7329,3,Excellent food
7330,7330,1,Excellent food
7331,7331,4,Fast delivery
7332,7332,4,Fast delivery
7333,7333,4,Excellent food
7334,7334,1,Fast delivery
7335,7335,3,Highly recommended
7336,7336,5,Highly recommended
7337,7337,4,Fast delivery
7338,7338,3,Highly recommended
7339,7339,3,Loved it
7340,7340,5,Will order again
7341,7341,2,Will order again
7342,7342,2,Excellent food
7343,7343,2,Food was cold
7344,7344,1,Average experience
7345,7345,3,Late delivery
7346,7346,3,Highly recommended
7347,7347,2,Excellent food
7348,7348,2,Food was cold
7349,7349,1,Packaging could improve
7350,7350,5,Loved it
7351,7351,2,Packaging could improve
7352,7352,3,Average experience
7353,7353,4,Loved it
7354,7354,4,Very tasty
7355,7355,3,Food was cold
7356,7356,5,Average experience
7357,7357,5,Food was cold
7358,7358,5,Excellent food
7359,7359,5,Packaging could improve
7360,7360,4,Late delivery
7361,7361,4,Average experience
7362,7362,1,Fast delivery
7363,7363,4,Loved it
7364,7364,1,Highly recommended
7365,7365,2,Food was cold
7366,7366,4,Late delivery
7367,7367,4,Fast delivery
7368,7368,2,Food was cold
7369,7369,3,Excellent food
7370,7370,2,Average experience
7371,7371,5,Late delivery
7372,7372,5,Average experience
7373,7373,3,Fast delivery
7374,7374,2,Excellent food
7375,7375,1,Highly recommended
7376,7376,5,Late delivery
7377,7377,5,Fast delivery
7378,7378,3,Fast delivery
7379,7379,1,Loved it
7380,7380,3,Will order again
7381,7381,3,Very tasty
7382,7382,1,Fast delivery
7383,7383,1,Loved it
7384,7384,1,Late delivery
7385,7385,2,Average experience
7386,7386,4,Late delivery
7387,7387,4,Highly recommended
7388,7388,3,Will order again
7389,7389,4,Food was cold
7390,7390,5,Food was cold
7391,7391,3,Food was cold
7392,7392,5,Loved it
7393,7393,4,Loved it
7394,7394,5,Will order again
7395,7395,5,Will order again
7396,7396,5,Packaging could improve
7397,7397,5,Loved it
7398,7398,5,Excellent food
7399,7399,1,Loved it
7400,7400,3,Packaging could improve
7401,7401,2,Excellent food
7402,7402,1,Loved it
7403,7403,5,Highly recommended
7404,7404,4,Fast delivery
7405,7405,1,Very tasty
7406,7406,4,Late delivery
7407,7407,1,Very tasty
7408,7408,4,Late delivery
7409,7409,2,Packaging could improve
7410,7410,2,Excellent food
7411,7411,1,Packaging could improve
7412,7412,2,Late delivery
7413,7413,3,Average experience
7414,7414,3,Loved it
7415,7415,1,Loved it
7416,7416,1,Late delivery
7417,7417,3,Packaging could improve
7418,7418,4,Late delivery
7419,7419,1,Fast delivery
7420,7420,2,Very tasty
7421,7421,4,Food was cold
7422,7422,5,Will order again
7423,7423,2,Average experience
7424,7424,2,Loved it
7425,7425,2,Packaging could improve
7426,7426,2,Very tasty
7427,7427,3,Late delivery
7428,7428,5,Very tasty
7429,7429,3,Excellent food
7430,7430,3,Highly recommended
7431,7431,3,Packaging could improve
7432,7432,5,Packaging could improve
7433,7433,3,Loved it
7434,7434,4,Late delivery
7435,7435,3,Excellent food
7436,7436,5,Highly recommended
7437,7437,2,Loved it
7438,7438,3,Highly recommended
7439,7439,1,Excellent food
7440,7440,2,Will order again
7441,7441,5,Excellent food
7442,7442,2,Packaging could improve
7443,7443,4,Packaging could improve
7444,7444,4,Highly recommended
7445,7445,5,Late delivery
7446,7446,1,Loved it
7447,7447,2,Will order again
7448,7448,2,Will order again
7449,7449,5,Loved it
7450,7450,3,Food was cold
7451,7451,3,Will order again
7452,7452,5,Highly recommended
7453,7453,3,Very tasty
7454,7454,2,Late delivery
7455,7455,5,Food was cold
7456,7456,3,Late delivery
7457,7457,4,Will order again
7458,7458,2,Average experience
7459,7459,1,Packaging could improve
7460,7460,5,Late delivery
7461,7461,4,Fast delivery
7462,7462,3,Loved it
7463,7463,1,Loved it
7464,7464,2,Will order again
7465,7465,4,Average experience
7466,7466,4,Excellent food
7467,7467,3,Very tasty
7468,7468,3,Fast delivery
7469,7469,4,Highly recommended
7470,7470,2,Fast delivery
7471,7471,4,Loved it
7472,7472,1,Very tasty
7473,7473,2,Food was cold
7474,7474,2,Will order again
7475,7475,3,Food was cold
7476,7476,4,Food was cold
7477,7477,4,Will order again
7478,7478,4,Packaging could improve
7479,7479,3,Average experience
7480,7480,1,Fast delivery
7481,7481,4,Will order again
7482,7482,5,Very tasty
7483,7483,3,Highly recommended
7484,7484,5,Will order again
7485,7485,2,Late delivery
7486,7486,1,Highly recommended
7487,7487,1,Food was cold
7488,7488,1,Late delivery
7489,7489,4,Food was cold
7490,7490,2,Excellent food
7491,7491,3,Will order again
7492,7492,5,Food was cold
7493,7493,1,Late delivery
7494,7494,4,Excellent food
7495,7495,2,Will order again
7496,7496,5,Very tasty
7497,7497,4,Very tasty
7498,7498,4,Average experience
7499,7499,4,Food was cold
7500,7500,3,Fast delivery
7501,7501,2,Excellent food
7502,7502,1,Packaging could improve
7503,7503,3,Loved it
7504,7504,3,Excellent food
7505,7505,3,Packaging could improve
7506,7506,2,Excellent food
7507,7507,2,Packaging could improve
7508,7508,4,Excellent food
7509,7509,4,Packaging could improve
7510,7510,4,Very tasty
7511,7511,2,Excellent food
7512,7512,2,Loved it
7513,7513,3,Fast delivery
7514,7514,3,Fast delivery
7515,7515,5,Very tasty
7516,7516,3,Excellent food
7517,7517,3,Packaging could improve
7518,7518,2,Loved it
7519,7519,4,Packaging could improve
7520,7520,5,Very tasty
7521,7521,4,Food was cold
7522,7522,3,Loved it
7523,7523,2,Packaging could improve
7524,7524,5,Food was cold
7525,7525,2,Excellent food
7526,7526,5,Will order again
7527,7527,1,Food was cold
7528,7528,3,Packaging could improve
7529,7529,1,Will order again
7530,7530,2,Packaging could improve
7531,7531,1,Excellent food
7532,7532,3,Food was cold
7533,7533,2,Food was cold
7534,7534,4,Fast delivery
7535,7535,4,Will order again
7536,7536,5,Very tasty
7537,7537,1,Very tasty
7538,7538,5,Very tasty
7539,7539,5,Highly recommended
7540,7540,4,Loved it
7541,7541,4,Highly recommended
7542,7542,1,Packaging could improve
7543,7543,1,Average experience
7544,7544,2,Late delivery
7545,7545,2,Highly recommended
7546,7546,4,Loved it
7547,7547,5,Will order again
7548,7548,5,Average experience
7549,7549,1,Will order again
7550,7550,3,Very tasty
7551,7551,5,Highly recommended
7552,7552,2,Highly recommended
7553,7553,5,Will order again
7554,7554,1,Very tasty
7555,7555,2,Loved it
7556,7556,2,Highly recommended
7557,7557,4,Average experience
7558,7558,4,Will order again
7559,7559,3,Food was cold
7560,7560,5,Loved it
7561,7561,4,Fast delivery
7562,7562,5,Food was cold
7563,7563,3,Packaging could improve
7564,7564,1,Fast delivery
7565,7565,2,Highly recommended
7566,7566,5,Excellent food
7567,7567,4,Loved it
7568,7568,5,Loved it
7569,7569,3,Average experience
7570,7570,2,Will order again
7571,7571,5,Fast delivery
7572,7572,2,Food was cold
7573,7573,2,Very tasty
7574,7574,3,Average experience
7575,7575,3,Average experience
7576,7576,5,Packaging could improve
7577,7577,2,Food was cold
7578,7578,4,Average experience
7579,7579,1,Excellent food
7580,7580,4,Highly recommended
7581,7581,1,Highly recommended
7582,7582,4,Will order again
7583,7583,2,Food was cold
7584,7584,1,Late delivery
7585,7585,1,Food was cold
7586,7586,2,Excellent food
7587,7587,1,Food was cold
7588,7588,1,Late delivery
7589,7589,2,Food was cold
7590,7590,4,Very tasty
7591,7591,4,Late delivery
7592,7592,4,Late delivery
7593,7593,1,Average experience
7594,7594,3,Packaging could improve
7595,7595,1,Food was cold
7596,7596,5,Loved it
7597,7597,2,Late delivery
7598,7598,1,Will order again
7599,7599,2,Late delivery
7600,7600,3,Loved it
7601,7601,1,Highly recommended
7602,7602,1,Excellent food
7603,7603,4,Food was cold
7604,7604,4,Packaging could improve
7605,7605,2,Late delivery
7606,7606,3,Food was cold
7607,7607,5,Will order again
7608,7608,5,Fast delivery
7609,7609,2,Highly recommended
7610,7610,2,Average experience
7611,7611,4,Average experience
7612,7612,4,Fast delivery
7613,7613,3,Average experience
7614,7614,1,Highly recommended
7615,7615,2,Average experience
7616,7616,4,Will order again
7617,7617,4,Food was cold
7618,7618,4,Late delivery
7619,7619,4,Very tasty
7620,7620,3,Highly recommended
7621,7621,5,Loved it
7622,7622,3,Very tasty
7623,7623,5,Packaging could improve
7624,7624,2,Loved it
7625,7625,3,Food was cold
7626,7626,1,Food was cold
7627,7627,1,Highly recommended
7628,7628,4,Food was cold
7629,7629,1,Late delivery
7630,7630,5,Very tasty
7631,7631,3,Will order again
7632,7632,5,Fast delivery
7633,7633,4,Very tasty
7634,7634,1,Packaging could improve
7635,7635,2,Very tasty
7636,7636,3,Very tasty
7637,7637,2,Very tasty
7638,7638,1,Very tasty
7639,7639,3,Excellent food
7640,7640,3,Loved it
7641,7641,3,Loved it
7642,7642,4,Fast delivery
7643,7643,5,Fast delivery
7644,7644,3,Excellent food
7645,7645,5,Highly recommended
7646,7646,3,Very tasty
7647,7647,5,Very tasty
7648,7648,1,Late delivery
7649,7649,4,Fast delivery
7650,7650,1,Late delivery
7651,7651,2,Late delivery
7652,7652,1,Will order again
7653,7653,5,Food was cold
7654,7654,2,Late delivery
7655,7655,4,Will order again
7656,7656,1,Average experience
7657,7657,2,Food was cold
7658,7658,5,Average experience
7659,7659,2,Packaging could improve
7660,7660,5,Late delivery
7661,7661,2,Late delivery
7662,7662,5,Excellent food
7663,7663,1,Food was cold
7664,7664,5,Will order again
7665,7665,4,Very tasty
7666,7666,2,Highly recommended
7667,7667,4,Packaging could improve
7668,7668,1,Will order again
7669,7669,5,Excellent food
7670,7670,5,Excellent food
7671,7671,2,Very tasty
7672,7672,3,Will order again
7673,7673,2,Loved it
7674,7674,4,Food was cold
7675,7675,4,Highly recommended
7676,7676,4,Late delivery
7677,7677,5,Average experience
7678,7678,2,Loved it
7679,7679,5,Very tasty
7680,7680,3,Food was cold
7681,7681,3,Food was cold
7682,7682,3,Fast delivery
7683,7683,2,Average experience
7684,7684,1,Food was cold
7685,7685,2,Highly recommended
7686,7686,4,Highly recommended
7687,7687,1,Very tasty
7688,7688,3,Excellent food
7689,7689,2,Very tasty
7690,7690,3,Excellent food
7691,7691,1,Average experience
7692,7692,4,Highly recommended
7693,7693,4,Loved it
7694,7694,3,Loved it
7695,7695,1,Very tasty
7696,7696,5,Will order again
7697,7697,1,Food was cold
7698,7698,2,Fast delivery
7699,7699,4,Average experience
7700,7700,3,Loved it
7701,7701,2,Will order again
7702,7702,1,Late delivery
7703,7703,4,Average experience
7704,7704,3,Packaging could improve
7705,7705,5,Very tasty
7706,7706,1,Packaging could improve
7707,7707,5,Loved it
7708,7708,5,Late delivery
7709,7709,2,Food was cold
7710,7710,2,Late delivery
7711,7711,2,Loved it
7712,7712,4,Excellent food
7713,7713,2,Packaging could improve
7714,7714,3,Very tasty
7715,7715,5,Packaging could improve
7716,7716,5,Average experience
7717,7717,1,Will order again
7718,7718,1,Very tasty
7719,7719,3,Packaging could improve
7720,7720,5,Loved it
7721,7721,5,Food was cold
7722,7722,1,Fast delivery
7723,7723,5,Excellent food
7724,7724,1,Loved it
7725,7725,4,Food was cold
7726,7726,5,Late delivery
7727,7727,1,Loved it
7728,7728,5,Very tasty
7729,7729,2,Loved it
7730,7730,1,Packaging could improve
7731,7731,1,Very tasty
7732,7732,2,Very tasty
7733,7733,1,Very tasty
7734,7734,5,Food was cold
7735,7735,5,Very tasty
7736,7736,4,Very tasty
7737,7737,2,Late delivery
7738,7738,5,Excellent food
7739,7739,4,Highly recommended
7740,7740,4,Excellent food
7741,7741,3,Food was cold
7742,7742,1,Packaging could improve
7743,7743,3,Food was cold
7744,7744,3,Will order again
7745,7745,4,Average experience
7746,7746,5,Very tasty
7747,7747,5,Loved it
7748,7748,2,Loved it
7749,7749,4,Loved it
7750,7750,3,Excellent food
7751,7751,4,Late delivery
7752,7752,4,Excellent food
7753,7753,1,Packaging could improve
7754,7754,1,Will order again
7755,7755,4,Will order again
7756,7756,1,Loved it
7757,7757,4,Very tasty
7758,7758,2,Will order again
7759,7759,3,Food was cold
7760,7760,1,Very tasty
7761,7761,5,Highly recommended
7762,7762,5,Packaging could improve
7763,7763,4,Food was cold
7764,7764,3,Food was cold
7765,7765,4,Food was cold
7766,7766,5,Packaging could improve
7767,7767,1,Very tasty
7768,7768,3,Fast delivery
7769,7769,2,Average experience
7770,7770,2,Late delivery
7771,7771,1,Loved it
7772,7772,1,Packaging could improve
7773,7773,4,Very tasty
7774,7774,5,Excellent food
7775,7775,1,Late delivery
7776,7776,3,Average experience
7777,7777,3,Highly recommended
7778,7778,3,Average experience
7779,7779,2,Food was cold
7780,7780,5,Average experience
7781,7781,1,Packaging could improve
7782,7782,3,Fast delivery
7783,7783,5,Very tasty
7784,7784,5,Packaging could improve
7785,7785,5,Food was cold
7786,7786,1,Very tasty
7787,7787,1,Will order again
7788,7788,2,Very tasty
7789,7789,5,Highly recommended
7790,7790,2,Food was cold
7791,7791,1,Highly recommended
7792,7792,5,Highly recommended
7793,7793,4,Late delivery
7794,7794,1,Very tasty
7795,7795,2,Food was cold
7796,7796,2,Highly recommended
7797,7797,4,Average experience
7798,7798,1,Very tasty
7799,7799,4,Excellent food
7800,7800,4,Will order again
7801,7801,1,Packaging could improve
7802,7802,4,Packaging could improve
7803,7803,2,Will order again
7804,7804,3,Food was cold
7805,7805,4,Will order again
7806,7806,3,Will order again
7807,7807,2,Average experience
7808,7808,5,Will order again
7809,7809,5,Late delivery
7810,7810,2,Highly recommended
7811,7811,2,Very tasty
7812,7812,4,Food was cold
7813,7813,3,Food was cold
7814,7814,4,Food was cold
7815,7815,2,Average experience
7816,7816,4,Very tasty
7817,7817,4,Average experience
7818,7818,3,Will order again
7819,7819,1,Very tasty
7820,7820,2,Fast delivery
7821,7821,5,Late delivery
7822,7822,2,Fast delivery
7823,7823,3,Excellent food
7824,7824,1,Food was cold
7825,7825,1,Loved it
7826,7826,4,Excellent food
7827,7827,3,Highly recommended
7828,7828,4,Very tasty
7829,7829,2,Food was cold
7830,7830,2,Late delivery
7831,7831,2,Excellent food
7832,7832,2,Average experience
7833,7833,2,Average experience
7834,7834,4,Very tasty
7835,7835,4,Will order again
7836,7836,3,Late delivery
7837,7837,3,Food was cold
7838,7838,2,Excellent food
7839,7839,3,Average experience
7840,7840,1,Fast delivery
7841,7841,2,Average experience
7842,7842,4,Food was cold
7843,7843,4,Packaging could improve
7844,7844,5,Food was cold
7845,7845,4,Will order again
7846,7846,2,Late delivery
7847,7847,2,Late delivery
7848,7848,2,Loved it
7849,7849,3,Food was cold
7850,7850,3,Very tasty
7851,7851,2,Food was cold
7852,7852,4,Average experience
7853,7853,3,Loved it
7854,7854,4,Very tasty
7855,7855,5,Will order again
7856,7856,3,Will order again
7857,7857,2,Food was cold
7858,7858,5,Late delivery
7859,7859,4,Food was cold
7860,7860,4,Fast delivery
7861,7861,4,Packaging could improve
7862,7862,3,Highly recommended
7863,7863,3,Average experience
7864,7864,1,Packaging could improve
7865,7865,3,Packaging could improve
7866,7866,4,Late delivery
7867,7867,3,Fast delivery
7868,7868,1,Highly recommended
7869,7869,4,Loved it
7870,7870,5,Highly recommended
7871,7871,3,Fast delivery
7872,7872,5,Very tasty
7873,7873,1,Very tasty
7874,7874,1,Packaging could improve
7875,7875,3,Late delivery
7876,7876,2,Fast delivery
7877,7877,5,Fast delivery
7878,7878,1,Packaging could improve
7879,7879,2,Loved it
7880,7880,2,Packaging could improve
7881,7881,4,Packaging could improve
7882,7882,5,Will order again
7883,7883,4,Packaging could improve
7884,7884,4,Fast delivery
7885,7885,1,Late delivery
7886,7886,4,Fast delivery
7887,7887,3,Loved it
7888,7888,4,Fast delivery
7889,7889,4,Will order again
7890,7890,1,Average experience
7891,7891,4,Food was cold
7892,7892,5,Packaging could improve
7893,7893,3,Fast delivery
7894,7894,2,Very tasty
7895,7895,1,Late delivery
7896,7896,2,Packaging could improve
7897,7897,1,Food was cold
7898,7898,3,Fast delivery
7899,7899,1,Highly recommended
7900,7900,1,Highly recommended
7901,7901,1,Will order again
7902,7902,1,Loved it
7903,7903,3,Average experience
7904,7904,2,Very tasty
7905,7905,5,Very tasty
7906,7906,4,Average experience
7907,7907,4,Very tasty
7908,7908,2,Will order again
7909,7909,4,Loved it
7910,7910,4,Will order again
7911,7911,5,Fast delivery
7912,7912,1,Very tasty
7913,7913,5,Excellent food
7914,7914,1,Average experience
7915,7915,4,Loved it
7916,7916,1,Highly recommended
7917,7917,5,Will order again
7918,7918,3,Average experience
7919,7919,3,Food was cold
7920,7920,2,Excellent food
7921,7921,5,Packaging could improve
7922,7922,2,Will order again
7923,7923,5,Food was cold
7924,7924,2,Late delivery
7925,7925,1,Highly recommended
7926,7926,5,Loved it
7927,7927,3,Average experience
7928,7928,2,Will order again
7929,7929,5,Average experience
7930,7930,4,Very tasty
7931,7931,4,Very tasty
7932,7932,5,Average experience
7933,7933,3,Packaging could improve
7934,7934,1,Will order again
7935,7935,2,Food was cold
7936,7936,5,Will order again
7937,7937,1,Highly recommended
7938,7938,4,Fast delivery
7939,7939,3,Fast delivery
7940,7940,2,Very tasty
7941,7941,3,Food was cold
7942,7942,4,Food was cold
7943,7943,4,Highly recommended
7944,7944,2,Packaging could improve
7945,7945,4,Packaging could improve
7946,7946,3,Will order again
7947,7947,1,Highly recommended
7948,7948,4,Excellent food
7949,7949,3,Will order again
7950,7950,1,Fast delivery
7951,7951,4,Fast delivery
7952,7952,4,Highly recommended
7953,7953,5,Packaging could improve
7954,7954,5,Packaging could improve
7955,7955,5,Loved it
7956,7956,4,Food was cold
7957,7957,2,Very tasty
7958,7958,4,Excellent food
7959,7959,5,Will order again
7960,7960,5,Packaging could improve
7961,7961,3,Highly recommended
7962,7962,2,Fast delivery
7963,7963,2,Packaging could improve
7964,7964,5,Loved it
7965,7965,2,Late delivery
7966,7966,3,Excellent food
7967,7967,3,Average experience
7968,7968,4,Packaging could improve
7969,7969,1,Packaging could improve
7970,7970,5,Food was cold
7971,7971,5,Average experience
7972,7972,5,Food was cold
7973,7973,1,Late delivery
7974,7974,5,Highly recommended
7975,7975,2,Average experience
7976,7976,4,Excellent food
7977,7977,4,Excellent food
7978,7978,5,Very tasty
7979,7979,5,Highly recommended
7980,7980,4,Loved it
7981,7981,1,Packaging could improve
7982,7982,1,Very tasty
7983,7983,1,Fast delivery
7984,7984,3,Packaging could improve
7985,7985,1,Will order again
7986,7986,2,Loved it
7987,7987,4,Packaging could improve
7988,7988,2,Will order again
7989,7989,4,Food was cold
7990,7990,4,Highly recommended
7991,7991,1,Will order again
7992,7992,2,Will order again
7993,7993,1,Food was cold
7994,7994,5,Late delivery
7995,7995,3,Excellent food
7996,7996,4,Loved it
7997,7997,3,Packaging could improve
7998,7998,3,Will order again
7999,7999,1,Will order again
8000,8000,2,Highly recommended
8001,8001,5,Will order again
8002,8002,3,Fast delivery
8003,8003,3,Excellent food
8004,8004,1,Highly recommended
8005,8005,3,Loved it
8006,8006,2,Packaging could improve
8007,8007,4,Excellent food
8008,8008,5,Late delivery
8009,8009,1,Loved it
8010,8010,4,Highly recommended
8011,8011,1,Highly recommended
8012,8012,3,Average experience
8013,8013,5,Average experience
8014,8014,5,Excellent food
8015,8015,1,Late delivery
8016,8016,1,Late delivery
8017,8017,2,Loved it
8018,8018,4,Late delivery
8019,8019,2,Excellent food
8020,8020,2,Highly recommended
8021,8021,4,Average experience
8022,8022,2,Food was cold
8023,8023,4,Packaging could improve
8024,8024,1,Excellent food
8025,8025,2,Late delivery
8026,8026,3,Excellent food
8027,8027,3,Late delivery
8028,8028,3,Late delivery
8029,8029,2,Very tasty
8030,8030,4,Highly recommended
8031,8031,3,Fast delivery
8032,8032,5,Loved it
8033,8033,2,Highly recommended
8034,8034,3,Late delivery
8035,8035,2,Fast delivery
8036,8036,2,Packaging could improve
8037,8037,4,Loved it
8038,8038,4,Highly recommended
8039,8039,3,Late delivery
8040,8040,3,Fast delivery
8041,8041,4,Packaging could improve
8042,8042,4,Excellent food
8043,8043,3,Late delivery
8044,8044,1,Packaging could improve
8045,8045,3,Late delivery
8046,8046,2,Loved it
8047,8047,4,Very tasty
8048,8048,5,Loved it
8049,8049,3,Highly recommended
8050,8050,3,Excellent food
8051,8051,5,Fast delivery
8052,8052,4,Loved it
8053,8053,5,Highly recommended
8054,8054,4,Late delivery
8055,8055,3,Excellent food
8056,8056,2,Food was cold
8057,8057,5,Excellent food
8058,8058,3,Highly recommended
8059,8059,3,Will order again
8060,8060,4,Fast delivery
8061,8061,4,Very tasty
8062,8062,5,Average experience
8063,8063,2,Excellent food
8064,8064,3,Excellent food
8065,8065,4,Average experience
8066,8066,5,Packaging could improve
8067,8067,4,Fast delivery
8068,8068,2,Fast delivery
8069,8069,1,Excellent food
8070,8070,2,Highly recommended
8071,8071,2,Food was cold
8072,8072,1,Loved it
8073,8073,1,Average experience
8074,8074,2,Average experience
8075,8075,3,Average experience
8076,8076,5,Fast delivery
8077,8077,4,Packaging could improve
8078,8078,1,Average experience
8079,8079,1,Very tasty
8080,8080,1,Loved it
8081,8081,3,Late delivery
8082,8082,1,Late delivery
8083,8083,2,Excellent food
8084,8084,2,Excellent food
8085,8085,4,Excellent food
8086,8086,4,Excellent food
8087,8087,1,Loved it
8088,8088,2,Packaging could improve
8089,8089,3,Highly recommended
8090,8090,4,Fast delivery
8091,8091,4,Will order again
8092,8092,3,Will order again
8093,8093,4,Food was cold
8094,8094,4,Loved it
8095,8095,2,Will order again
8096,8096,3,Loved it
8097,8097,4,Will order again
8098,8098,5,Excellent food
8099,8099,1,Will order again
8100,8100,3,Very tasty
8101,8101,2,Very tasty
8102,8102,4,Loved it
8103,8103,3,Fast delivery
8104,8104,2,Food was cold
8105,8105,5,Very tasty
8106,8106,3,Will order again
8107,8107,2,Average experience
8108,8108,5,Loved it
8109,8109,2,Late delivery
8110,8110,3,Average experience
8111,8111,3,Excellent food
8112,8112,1,Packaging could improve
8113,8113,1,Late delivery
8114,8114,1,Fast delivery
8115,8115,2,Loved it
8116,8116,4,Packaging could improve
8117,8117,1,Average experience
8118,8118,3,Excellent food
8119,8119,3,Packaging could improve
8120,8120,5,Late delivery
8121,8121,2,Packaging could improve
8122,8122,2,Packaging could improve
8123,8123,1,Average experience
8124,8124,1,Very tasty
8125,8125,2,Highly recommended
8126,8126,5,Average experience
8127,8127,3,Fast delivery
8128,8128,4,Loved it
8129,8129,3,Very tasty
8130,8130,4,Average experience
8131,8131,3,Food was cold
8132,8132,1,Very tasty
8133,8133,4,Very tasty
8134,8134,1,Late delivery
8135,8135,2,Packaging could improve
8136,8136,4,Will order again
8137,8137,3,Average experience
8138,8138,5,Packaging could improve
8139,8139,3,Food was cold
8140,8140,5,Excellent food
8141,8141,4,Very tasty
8142,8142,4,Average experience
8143,8143,2,Fast delivery
8144,8144,4,Packaging could improve
8145,8145,5,Will order again
8146,8146,2,Late delivery
8147,8147,1,Packaging could improve
8148,8148,2,Highly recommended
8149,8149,1,Highly recommended
8150,8150,1,Packaging could improve
8151,8151,4,Excellent food
8152,8152,5,Highly recommended
8153,8153,5,Will order again
8154,8154,5,Excellent food
8155,8155,1,Fast delivery
8156,8156,5,Will order again
8157,8157,1,Loved it
8158,8158,2,Packaging could improve
8159,8159,1,Excellent food
8160,8160,1,Highly recommended
8161,8161,4,Highly recommended
8162,8162,5,Average experience
8163,8163,5,Fast delivery
8164,8164,4,Fast delivery
8165,8165,3,Loved it
8166,8166,2,Very tasty
8167,8167,3,Fast delivery
8168,8168,3,Highly recommended
8169,8169,5,Will order again
8170,8170,2,Excellent food
8171,8171,1,Food was cold
8172,8172,2,Loved it
8173,8173,4,Loved it
8174,8174,5,Very tasty
8175,8175,3,Average experience
8176,8176,3,Average experience
8177,8177,2,Fast delivery
8178,8178,4,Highly recommended
8179,8179,5,Very tasty
8180,8180,2,Packaging could improve
8181,8181,3,Late delivery
8182,8182,2,Fast delivery
8183,8183,2,Very tasty
8184,8184,3,Packaging could improve
8185,8185,3,Will order again
8186,8186,3,Packaging could improve
8187,8187,5,Fast delivery
8188,8188,4,Will order again
8189,8189,5,Packaging could improve
8190,8190,1,Packaging could improve
8191,8191,5,Loved it
8192,8192,5,Very tasty
8193,8193,2,Loved it
8194,8194,4,Fast delivery
8195,8195,3,Fast delivery
8196,8196,4,Very tasty
8197,8197,1,Very tasty
8198,8198,4,Food was cold
8199,8199,3,Very tasty
8200,8200,5,Will order again
8201,8201,5,Packaging could improve
8202,8202,2,Packaging could improve
8203,8203,1,Loved it
8204,8204,5,Very tasty
8205,8205,5,Excellent food
8206,8206,3,Very tasty
8207,8207,1,Fast delivery
8208,8208,1,Will order again
8209,8209,2,Food was cold
8210,8210,3,Excellent food
8211,8211,2,Fast delivery
8212,8212,5,Highly recommended
8213,8213,2,Highly recommended
8214,8214,4,Average experience
8215,8215,4,Will order again
8216,8216,2,Very tasty
8217,8217,2,Very tasty
8218,8218,4,Packaging could improve
8219,8219,3,Will order again
8220,8220,5,Excellent food
8221,8221,5,Late delivery
8222,8222,5,Highly recommended
8223,8223,5,Loved it
8224,8224,4,Late delivery
8225,8225,3,Highly recommended
8226,8226,1,Late delivery
8227,8227,4,Excellent food
8228,8228,3,Packaging could improve
8229,8229,3,Will order again
8230,8230,1,Packaging could improve
8231,8231,4,Packaging could improve
8232,8232,1,Loved it
8233,8233,5,Very tasty
8234,8234,3,Packaging could improve
8235,8235,1,Excellent food
8236,8236,5,Fast delivery
8237,8237,5,Fast delivery
8238,8238,1,Highly recommended
8239,8239,3,Highly recommended
8240,8240,4,Loved it
8241,8241,4,Will order again
8242,8242,3,Average experience
8243,8243,4,Packaging could improve
8244,8244,2,Excellent food
8245,8245,3,Highly recommended
8246,8246,1,Food was cold
8247,8247,5,Will order again
8248,8248,2,Fast delivery
8249,8249,1,Very tasty
8250,8250,5,Average experience
8251,8251,1,Will order again
8252,8252,4,Will order again
8253,8253,4,Late delivery
8254,8254,1,Highly recommended
8255,8255,3,Food was cold
8256,8256,3,Food was cold
8257,8257,2,Fast delivery
8258,8258,5,Packaging could improve
8259,8259,1,Will order again
8260,8260,5,Food was cold
8261,8261,2,Food was cold
8262,8262,3,Excellent food
8263,8263,5,Very tasty
8264,8264,1,Loved it
8265,8265,4,Highly recommended
8266,8266,2,Packaging could improve
8267,8267,3,Very tasty
8268,8268,4,Excellent food
8269,8269,5,Average experience
8270,8270,5,Late delivery
8271,8271,2,Excellent food
8272,8272,1,Average experience
8273,8273,2,Very tasty
8274,8274,2,Highly recommended
8275,8275,2,Food was cold
8276,8276,2,Excellent food
8277,8277,4,Late delivery
8278,8278,3,Highly recommended
8279,8279,2,Highly recommended
8280,8280,2,Average experience
8281,8281,4,Fast delivery
8282,8282,3,Will order again
8283,8283,1,Highly recommended
8284,8284,1,Late delivery
8285,8285,3,Food was cold
8286,8286,3,Average experience
8287,8287,1,Highly recommended
8288,8288,4,Late delivery
8289,8289,3,Late delivery
8290,8290,1,Average experience
8291,8291,1,Excellent food
8292,8292,3,Very tasty
8293,8293,1,Average experience
8294,8294,4,Packaging could improve
8295,8295,5,Highly recommended
8296,8296,1,Will order again
8297,8297,3,Food was cold
8298,8298,1,Excellent food
8299,8299,2,Very tasty
8300,8300,4,Average experience
8301,8301,3,Very tasty
8302,8302,5,Excellent food
8303,8303,4,Highly recommended
8304,8304,5,Packaging could improve
8305,8305,5,Highly recommended
8306,8306,3,Excellent food
8307,8307,2,Food was cold
8308,8308,1,Highly recommended
8309,8309,4,Highly recommended
8310,8310,2,Packaging could improve
8311,8311,4,Excellent food
8312,8312,2,Excellent food
8313,8313,3,Packaging could improve
8314,8314,5,Loved it
8315,8315,3,Food was cold
8316,8316,3,Packaging could improve
8317,8317,4,Average experience
8318,8318,4,Average experience
8319,8319,3,Will order again
8320,8320,1,Highly recommended
8321,8321,2,Food was cold
8322,8322,5,Very tasty
8323,8323,5,Highly recommended
8324,8324,3,Loved it
8325,8325,3,Late delivery
8326,8326,5,Will order again
8327,8327,2,Loved it
8328,8328,2,Packaging could improve
8329,8329,3,Fast delivery
8330,8330,3,Late delivery
8331,8331,1,Late delivery
8332,8332,5,Will order again
8333,8333,4,Very tasty
8334,8334,5,Will order again
8335,8335,5,Average experience
8336,8336,5,Food was cold
8337,8337,5,Excellent food
8338,8338,4,Packaging could improve
8339,8339,1,Average experience
8340,8340,4,Highly recommended
8341,8341,2,Fast delivery
8342,8342,4,Average experience
8343,8343,2,Average experience
8344,8344,4,Highly recommended
8345,8345,5,Average experience
8346,8346,3,Late delivery
8347,8347,3,Food was cold
8348,8348,5,Late delivery
8349,8349,2,Highly recommended
8350,8350,3,Excellent food
8351,8351,2,Excellent food
8352,8352,5,Highly recommended
8353,8353,3,Average experience
8354,8354,3,Average experience
8355,8355,4,Highly recommended
8356,8356,1,Late delivery
8357,8357,5,Highly recommended
8358,8358,2,Packaging could improve
8359,8359,2,Food was cold
8360,8360,4,Excellent food
8361,8361,3,Food was cold
8362,8362,1,Excellent food
8363,8363,4,Food was cold
8364,8364,1,Loved it
8365,8365,4,Loved it
8366,8366,2,Packaging could improve
8367,8367,2,Highly recommended
8368,8368,2,Food was cold
8369,8369,1,Food was cold
8370,8370,5,Very tasty
8371,8371,3,Highly recommended
8372,8372,5,Excellent food
8373,8373,4,Will order again
8374,8374,4,Food was cold
8375,8375,1,Very tasty
8376,8376,4,Late delivery
8377,8377,3,Will order again
8378,8378,2,Highly recommended
8379,8379,3,Food was cold
8380,8380,2,Loved it
8381,8381,3,Highly recommended
8382,8382,5,Average experience
8383,8383,4,Average experience
8384,8384,4,Packaging could improve
8385,8385,2,Highly recommended
8386,8386,3,Packaging could improve
8387,8387,5,Very tasty
8388,8388,4,Very tasty
8389,8389,3,Highly recommended
8390,8390,5,Highly recommended
8391,8391,5,Fast delivery
8392,8392,4,Fast delivery
8393,8393,1,Will order again
8394,8394,1,Excellent food
8395,8395,1,Loved it
8396,8396,3,Average experience
8397,8397,1,Food was cold
8398,8398,5,Fast delivery
8399,8399,3,Fast delivery
8400,8400,3,Excellent food
8401,8401,1,Excellent food
8402,8402,5,Excellent food
8403,8403,3,Very tasty
8404,8404,3,Excellent food
8405,8405,4,Fast delivery
8406,8406,4,Fast delivery
8407,8407,1,Excellent food
8408,8408,4,Packaging could improve
8409,8409,3,Excellent food
8410,8410,4,Packaging could improve
8411,8411,3,Packaging could improve
8412,8412,2,Highly recommended
8413,8413,5,Packaging could improve
8414,8414,4,Highly recommended
8415,8415,3,Food was cold
8416,8416,5,Average experience
8417,8417,4,Late delivery
8418,8418,5,Packaging could improve
8419,8419,3,Average experience
8420,8420,5,Very tasty
8421,8421,3,Excellent food
8422,8422,1,Fast delivery
8423,8423,4,Excellent food
8424,8424,2,Fast delivery
8425,8425,5,Fast delivery
8426,8426,4,Loved it
8427,8427,4,Fast delivery
8428,8428,4,Excellent food
8429,8429,1,Fast delivery
8430,8430,2,Food was cold
8431,8431,1,Packaging could improve
8432,8432,1,Fast delivery
8433,8433,2,Fast delivery
8434,8434,3,Very tasty
8435,8435,5,Highly recommended
8436,8436,5,Average experience
8437,8437,4,Packaging could improve
8438,8438,2,Fast delivery
8439,8439,4,Highly recommended
8440,8440,3,Late delivery
8441,8441,5,Will order again
8442,8442,4,Excellent food
8443,8443,2,Fast delivery
8444,8444,5,Highly recommended
8445,8445,1,Loved it
8446,8446,5,Late delivery
8447,8447,4,Will order again
8448,8448,4,Loved it
8449,8449,2,Excellent food
8450,8450,4,Fast delivery
8451,8451,3,Will order again
8452,8452,4,Average experience
8453,8453,2,Excellent food
8454,8454,5,Loved it
8455,8455,3,Fast delivery
8456,8456,4,Late delivery
8457,8457,3,Excellent food
8458,8458,1,Late delivery
8459,8459,3,Fast delivery
8460,8460,3,Excellent food
8461,8461,5,Food was cold
8462,8462,1,Will order again
8463,8463,4,Loved it
8464,8464,3,Very tasty
8465,8465,2,Fast delivery
8466,8466,1,Excellent food
8467,8467,1,Late delivery
8468,8468,2,Food was cold
8469,8469,2,Packaging could improve
8470,8470,1,Very tasty
8471,8471,4,Will order again
8472,8472,3,Highly recommended
8473,8473,2,Will order again
8474,8474,3,Late delivery
8475,8475,3,Late delivery
8476,8476,5,Fast delivery
8477,8477,4,Food was cold
8478,8478,2,Will order again
8479,8479,3,Fast delivery
8480,8480,1,Average experience
8481,8481,3,Very tasty
8482,8482,2,Very tasty
8483,8483,3,Excellent food
8484,8484,1,Excellent food
8485,8485,5,Loved it
8486,8486,2,Excellent food
8487,8487,4,Highly recommended
8488,8488,1,Excellent food
8489,8489,2,Late delivery
8490,8490,4,Average experience
8491,8491,1,Food was cold
8492,8492,1,Will order again
8493,8493,5,Very tasty
8494,8494,4,Loved it
8495,8495,3,Will order again
8496,8496,4,Will order again
8497,8497,4,Food was cold
8498,8498,2,Fast delivery
8499,8499,2,Will order again
8500,8500,1,Fast delivery
8501,8501,2,Very tasty
8502,8502,1,Very tasty
8503,8503,5,Will order again
8504,8504,3,Packaging could improve
8505,8505,2,Loved it
8506,8506,4,Food was cold
8507,8507,4,Food was cold
8508,8508,4,Very tasty
8509,8509,4,Packaging could improve
8510,8510,2,Very tasty
8511,8511,5,Very tasty
8512,8512,4,Food was cold
8513,8513,5,Late delivery
8514,8514,2,Packaging could improve
8515,8515,1,Excellent food
8516,8516,2,Average experience
8517,8517,5,Very tasty
8518,8518,1,Average experience
8519,8519,2,Packaging could improve
8520,8520,3,Very tasty
8521,8521,1,Very tasty
8522,8522,2,Very tasty
8523,8523,1,Fast delivery
8524,8524,3,Loved it
8525,8525,5,Loved it
8526,8526,5,Loved it
8527,8527,2,Highly recommended
8528,8528,1,Fast delivery
8529,8529,4,Very tasty
8530,8530,2,Will order again
8531,8531,5,Late delivery
8532,8532,3,Food was cold
8533,8533,2,Average experience
8534,8534,1,Excellent food
8535,8535,1,Late delivery
8536,8536,5,Very tasty
8537,8537,3,Packaging could improve
8538,8538,5,Very tasty
8539,8539,2,Highly recommended
8540,8540,1,Loved it
8541,8541,4,Fast delivery
8542,8542,3,Very tasty
8543,8543,5,Will order again
8544,8544,2,Packaging could improve
8545,8545,5,Excellent food
8546,8546,1,Will order again
8547,8547,1,Average experience
8548,8548,5,Food was cold
8549,8549,1,Fast delivery
8550,8550,1,Loved it
8551,8551,2,Excellent food
8552,8552,2,Loved it
8553,8553,4,Very tasty
8554,8554,4,Excellent food
8555,8555,4,Will order again
8556,8556,4,Food was cold
8557,8557,1,Average experience
8558,8558,5,Average experience
8559,8559,3,Loved it
8560,8560,3,Late delivery
8561,8561,5,Highly recommended
8562,8562,5,Fast delivery
8563,8563,5,Highly recommended
8564,8564,3,Very tasty
8565,8565,4,Food was cold
8566,8566,2,Will order again
8567,8567,4,Excellent food
8568,8568,1,Will order again
8569,8569,1,Average experience
8570,8570,2,Packaging could improve
8571,8571,4,Food was cold
8572,8572,4,Late delivery
8573,8573,1,Highly recommended
8574,8574,4,Will order again
8575,8575,3,Average experience
8576,8576,1,Loved it
8577,8577,5,Highly recommended
8578,8578,1,Highly recommended
8579,8579,4,Late delivery
8580,8580,4,Fast delivery
8581,8581,2,Will order again
8582,8582,2,Packaging could improve
8583,8583,3,Late delivery
8584,8584,3,Will order again
8585,8585,3,Highly recommended
8586,8586,1,Fast delivery
8587,8587,5,Packaging could improve
8588,8588,4,Average experience
8589,8589,5,Will order again
8590,8590,4,Very tasty
8591,8591,2,Highly recommended
8592,8592,5,Packaging could improve
8593,8593,2,Loved it
8594,8594,1,Late delivery
8595,8595,4,Very tasty
8596,8596,3,Fast delivery
8597,8597,3,Loved it
8598,8598,5,Fast delivery
8599,8599,4,Will order again
8600,8600,1,Excellent food
8601,8601,1,Food was cold
8602,8602,5,Will order again
8603,8603,1,Excellent food
8604,8604,4,Average experience
8605,8605,3,Very tasty
8606,8606,5,Loved it
8607,8607,4,Highly recommended
8608,8608,3,Average experience
8609,8609,3,Food was cold
8610,8610,2,Very tasty
8611,8611,4,Excellent food
8612,8612,1,Late delivery
8613,8613,2,Highly recommended
8614,8614,2,Very tasty
8615,8615,2,Will order again
8616,8616,1,Food was cold
8617,8617,1,Fast delivery
8618,8618,2,Food was cold
8619,8619,5,Excellent food
8620,8620,2,Food was cold
8621,8621,3,Late delivery
8622,8622,2,Packaging could improve
8623,8623,5,Excellent food
8624,8624,4,Will order again
8625,8625,3,Very tasty
8626,8626,1,Food was cold
8627,8627,3,Packaging could improve
8628,8628,3,Very tasty
8629,8629,2,Packaging could improve
8630,8630,3,Loved it
8631,8631,5,Loved it
8632,8632,2,Loved it
8633,8633,5,Food was cold
8634,8634,3,Late delivery
8635,8635,3,Average experience
8636,8636,4,Fast delivery
8637,8637,2,Loved it
8638,8638,1,Excellent food
8639,8639,5,Fast delivery
8640,8640,5,Will order again
8641,8641,4,Late delivery
8642,8642,5,Loved it
8643,8643,4,Fast delivery
8644,8644,3,Highly recommended
8645,8645,5,Highly recommended
8646,8646,2,Loved it
8647,8647,5,Excellent food
8648,8648,5,Average experience
8649,8649,1,Excellent food
8650,8650,3,Excellent food
8651,8651,2,Late delivery
8652,8652,5,Fast delivery
8653,8653,3,Late delivery
8654,8654,1,Will order again
8655,8655,4,Excellent food
8656,8656,1,Fast delivery
8657,8657,1,Excellent food
8658,8658,3,Food was cold
8659,8659,5,Average experience
8660,8660,1,Will order again
8661,8661,1,Fast delivery
8662,8662,2,Packaging could improve
8663,8663,4,Will order again
8664,8664,4,Will order again
8665,8665,1,Food was cold
8666,8666,1,Fast delivery
8667,8667,4,Packaging could improve
8668,8668,1,Late delivery
8669,8669,3,Average experience
8670,8670,4,Average experience
8671,8671,2,Food was cold
8672,8672,5,Excellent food
8673,8673,4,Late delivery
8674,8674,3,Average experience
8675,8675,5,Highly recommended
8676,8676,1,Highly recommended
8677,8677,4,Average experience
8678,8678,2,Excellent food
8679,8679,2,Late delivery
8680,8680,3,Late delivery
8681,8681,3,Food was cold
8682,8682,2,Late delivery
8683,8683,2,Excellent food
8684,8684,1,Highly recommended
8685,8685,5,Average experience
8686,8686,4,Average experience
8687,8687,5,Fast delivery
8688,8688,5,Very tasty
8689,8689,3,Will order again
8690,8690,3,Packaging could improve
8691,8691,3,Packaging could improve
8692,8692,4,Food was cold
8693,8693,1,Late delivery
8694,8694,1,Average experience
8695,8695,3,Late delivery
8696,8696,1,Average experience
8697,8697,3,Late delivery
8698,8698,1,Excellent food
8699,8699,3,Will order again
8700,8700,5,Excellent food
8701,8701,4,Highly recommended
8702,8702,4,Will order again
8703,8703,5,Highly recommended
8704,8704,4,Very tasty
8705,8705,3,Excellent food
8706,8706,2,Will order again
8707,8707,5,Very tasty
8708,8708,2,Will order again
8709,8709,4,Excellent food
8710,8710,4,Loved it
8711,8711,3,Food was cold
8712,8712,2,Loved it
8713,8713,5,Excellent food
8714,8714,4,Fast delivery
8715,8715,1,Average experience
8716,8716,4,Late delivery
8717,8717,4,Very tasty
8718,8718,4,Will order again
8719,8719,1,Average experience
8720,8720,5,Packaging could improve
8721,8721,1,Late delivery
8722,8722,3,Late delivery
8723,8723,2,Loved it
8724,8724,4,Late delivery
8725,8725,5,Loved it
8726,8726,1,Late delivery
8727,8727,1,Packaging could improve
8728,8728,3,Fast delivery
8729,8729,1,Late delivery
8730,8730,1,Late delivery
8731,8731,5,Fast delivery
8732,8732,5,Food was cold
8733,8733,3,Excellent food
8734,8734,1,Fast delivery
8735,8735,1,Average experience
8736,8736,5,Very tasty
8737,8737,2,Late delivery
8738,8738,1,Will order again
8739,8739,3,Late delivery
8740,8740,2,Food was cold
8741,8741,1,Highly recommended
8742,8742,5,Loved it
8743,8743,5,Excellent food
8744,8744,1,Will order again
8745,8745,3,Highly recommended
8746,8746,4,Average experience
8747,8747,3,Fast delivery
8748,8748,3,Highly recommended
8749,8749,3,Packaging could improve
8750,8750,4,Fast delivery
8751,8751,4,Late delivery
8752,8752,3,Fast delivery
8753,8753,2,Packaging could improve
8754,8754,1,Late delivery
8755,8755,4,Food was cold
8756,8756,2,Loved it
8757,8757,3,Late delivery
8758,8758,3,Fast delivery
8759,8759,3,Highly recommended
8760,8760,1,Late delivery
8761,8761,5,Late delivery
8762,8762,2,Will order again
8763,8763,1,Will order again
8764,8764,4,Loved it
8765,8765,2,Average experience
8766,8766,3,Fast delivery
8767,8767,3,Late delivery
8768,8768,2,Late delivery
8769,8769,5,Highly recommended
8770,8770,5,Will order again
8771,8771,2,Excellent food
8772,8772,1,Average experience
8773,8773,1,Loved it
8774,8774,4,Fast delivery
8775,8775,2,Late delivery
8776,8776,2,Excellent food
8777,8777,5,Loved it
8778,8778,5,Will order again
8779,8779,4,Fast delivery
8780,8780,4,Will order again
8781,8781,1,Will order again
8782,8782,3,Late delivery
8783,8783,2,Very tasty
8784,8784,4,Food was cold
8785,8785,1,Very tasty
8786,8786,2,Will order again
8787,8787,2,Very tasty
8788,8788,1,Loved it
8789,8789,3,Highly recommended
8790,8790,3,Fast delivery
8791,8791,5,Highly recommended
8792,8792,3,Highly recommended
8793,8793,4,Fast delivery
8794,8794,2,Food was cold
8795,8795,5,Fast delivery
8796,8796,1,Packaging could improve
8797,8797,3,Excellent food
8798,8798,2,Excellent food
8799,8799,1,Loved it
8800,8800,5,Highly recommended
8801,8801,2,Will order again
8802,8802,5,Average experience
8803,8803,1,Packaging could improve
8804,8804,1,Highly recommended
8805,8805,2,Average experience
8806,8806,3,Packaging could improve
8807,8807,2,Average experience
8808,8808,1,Highly recommended
8809,8809,1,Very tasty
8810,8810,3,Packaging could improve
8811,8811,3,Excellent food
8812,8812,5,Packaging could improve
8813,8813,2,Loved it
8814,8814,3,Will order again
8815,8815,1,Food was cold
8816,8816,3,Packaging could improve
8817,8817,1,Fast delivery
8818,8818,3,Food was cold
8819,8819,2,Packaging could improve
8820,8820,4,Excellent food
8821,8821,4,Very tasty
8822,8822,3,Average experience
8823,8823,4,Loved it
8824,8824,1,Fast delivery
8825,8825,1,Loved it
8826,8826,3,Fast delivery
8827,8827,3,Excellent food
8828,8828,3,Will order again
8829,8829,1,Late delivery
8830,8830,2,Food was cold
8831,8831,3,Average experience
8832,8832,2,Highly recommended
8833,8833,2,Excellent food
8834,8834,3,Excellent food
8835,8835,3,Average experience
8836,8836,5,Average experience
8837,8837,3,Fast delivery
8838,8838,3,Very tasty
8839,8839,3,Very tasty
8840,8840,1,Loved it
8841,8841,3,Very tasty
8842,8842,2,Fast delivery
8843,8843,3,Highly recommended
8844,8844,3,Very tasty
8845,8845,5,Excellent food
8846,8846,4,Late delivery
8847,8847,1,Loved it
8848,8848,1,Highly recommended
8849,8849,3,Late delivery
8850,8850,1,Food was cold
8851,8851,1,Packaging could improve
8852,8852,4,Very tasty
8853,8853,1,Will order again
8854,8854,3,Highly recommended
8855,8855,5,Loved it
8856,8856,2,Will order again
8857,8857,5,Excellent food
8858,8858,4,Loved it
8859,8859,3,Packaging could improve
8860,8860,1,Will order again
8861,8861,4,Excellent food
8862,8862,1,Very tasty
8863,8863,5,Excellent food
8864,8864,4,Highly recommended
8865,8865,2,Average experience
8866,8866,4,Very tasty
8867,8867,5,Food was cold
8868,8868,1,Very tasty
8869,8869,4,Average experience
8870,8870,4,Very tasty
8871,8871,3,Highly recommended
8872,8872,4,Very tasty
8873,8873,3,Very tasty
8874,8874,4,Packaging could improve
8875,8875,3,Loved it
8876,8876,3,Fast delivery
8877,8877,3,Loved it
8878,8878,1,Loved it
8879,8879,2,Average experience
8880,8880,1,Late delivery
8881,8881,3,Will order again
8882,8882,5,Average experience
8883,8883,3,Packaging could improve
8884,8884,4,Very tasty
8885,8885,2,Food was cold
8886,8886,1,Loved it
8887,8887,4,Packaging could improve
8888,8888,2,Late delivery
8889,8889,1,Loved it
8890,8890,1,Late delivery
8891,8891,5,Very tasty
8892,8892,3,Average experience
8893,8893,4,Fast delivery
8894,8894,2,Highly recommended
8895,8895,4,Very tasty
8896,8896,5,Fast delivery
8897,8897,3,Very tasty
8898,8898,2,Food was cold
8899,8899,4,Excellent food
8900,8900,4,Loved it
8901,8901,2,Very tasty
8902,8902,4,Excellent food
8903,8903,4,Average experience
8904,8904,2,Loved it
8905,8905,2,Very tasty
8906,8906,4,Average experience
8907,8907,4,Average experience
8908,8908,3,Highly recommended
8909,8909,2,Excellent food
8910,8910,5,Will order again
8911,8911,2,Fast delivery
8912,8912,2,Late delivery
8913,8913,4,Very tasty
8914,8914,4,Packaging could improve
8915,8915,3,Will order again
8916,8916,1,Highly recommended
8917,8917,5,Food was cold
8918,8918,2,Average experience
8919,8919,3,Late delivery
8920,8920,1,Highly recommended
8921,8921,2,Average experience
8922,8922,2,Late delivery
8923,8923,2,Very tasty
8924,8924,5,Food was cold
8925,8925,1,Late delivery
8926,8926,3,Excellent food
8927,8927,3,Packaging could improve
8928,8928,5,Very tasty
8929,8929,3,Loved it
8930,8930,3,Packaging could improve
8931,8931,1,Packaging could improve
8932,8932,1,Average experience
8933,8933,3,Excellent food
8934,8934,2,Average experience
8935,8935,2,Average experience
8936,8936,3,Average experience
8937,8937,4,Excellent food
8938,8938,2,Excellent food
8939,8939,4,Highly recommended
8940,8940,1,Packaging could improve
8941,8941,5,Will order again
8942,8942,1,Excellent food
8943,8943,3,Late delivery
8944,8944,1,Excellent food
8945,8945,3,Fast delivery
8946,8946,4,Will order again
8947,8947,4,Excellent food
8948,8948,4,Food was cold
8949,8949,1,Packaging could improve
8950,8950,1,Will order again
8951,8951,1,Very tasty
8952,8952,2,Very tasty
8953,8953,5,Excellent food
8954,8954,5,Very tasty
8955,8955,2,Highly recommended
8956,8956,2,Packaging could improve
8957,8957,4,Food was cold
8958,8958,3,Will order again
8959,8959,3,Will order again
8960,8960,1,Loved it
8961,8961,1,Late delivery
8962,8962,4,Food was cold
8963,8963,1,Highly recommended
8964,8964,2,Will order again
8965,8965,4,Will order again
8966,8966,4,Fast delivery
8967,8967,5,Loved it
8968,8968,2,Very tasty
8969,8969,1,Highly recommended
8970,8970,4,Loved it
8971,8971,2,Food was cold
8972,8972,3,Loved it
8973,8973,4,Will order again
8974,8974,1,Fast delivery
8975,8975,2,Late delivery
8976,8976,1,Fast delivery
8977,8977,3,Will order again
8978,8978,2,Highly recommended
8979,8979,3,Average experience
8980,8980,5,Food was cold
8981,8981,3,Late delivery
8982,8982,3,Will order again
8983,8983,1,Packaging could improve
8984,8984,1,Loved it
8985,8985,2,Fast delivery
8986,8986,1,Late delivery
8987,8987,3,Average experience
8988,8988,3,Packaging could improve
8989,8989,2,Packaging could improve
8990,8990,5,Loved it
8991,8991,2,Will order again
8992,8992,4,Late delivery
8993,8993,1,Highly recommended
8994,8994,1,Excellent food
8995,8995,1,Packaging could improve
8996,8996,5,Late delivery
8997,8997,3,Excellent food
8998,8998,1,Will order again
8999,8999,5,Food was cold
9000,9000,2,Highly recommended
9001,9001,4,Will order again
9002,9002,3,Excellent food
9003,9003,4,Late delivery
9004,9004,1,Highly recommended
9005,9005,2,Average experience
9006,9006,1,Late delivery
9007,9007,1,Will order again
9008,9008,4,Late delivery
9009,9009,2,Average experience
9010,9010,2,Late delivery
9011,9011,3,Excellent food
9012,9012,5,Very tasty
9013,9013,3,Average experience
9014,9014,5,Average experience
9015,9015,3,Highly recommended
9016,9016,3,Excellent food
9017,9017,5,Very tasty
9018,9018,3,Average experience
9019,9019,4,Late delivery
9020,9020,2,Fast delivery
9021,9021,1,Loved it
9022,9022,1,Very tasty
9023,9023,2,Very tasty
9024,9024,5,Fast delivery
9025,9025,4,Will order again
9026,9026,1,Highly recommended
9027,9027,1,Will order again
9028,9028,5,Highly recommended
9029,9029,5,Food was cold
9030,9030,2,Loved it
9031,9031,4,Highly recommended
9032,9032,4,Loved it
9033,9033,1,Excellent food
9034,9034,4,Very tasty
9035,9035,1,Late delivery
9036,9036,5,Late delivery
9037,9037,3,Highly recommended
9038,9038,1,Loved it
9039,9039,3,Loved it
9040,9040,5,Late delivery
9041,9041,5,Will order again
9042,9042,5,Very tasty
9043,9043,5,Loved it
9044,9044,4,Loved it
9045,9045,1,Very tasty
9046,9046,1,Average experience
9047,9047,2,Loved it
9048,9048,2,Loved it
9049,9049,4,Packaging could improve
9050,9050,2,Packaging could improve
9051,9051,5,Food was cold
9052,9052,2,Average experience
9053,9053,2,Fast delivery
9054,9054,2,Very tasty
9055,9055,3,Highly recommended
9056,9056,3,Fast delivery
9057,9057,2,Will order again
9058,9058,4,Excellent food
9059,9059,2,Will order again
9060,9060,3,Food was cold
9061,9061,4,Packaging could improve
9062,9062,5,Average experience
9063,9063,2,Packaging could improve
9064,9064,2,Will order again
9065,9065,3,Packaging could improve
9066,9066,1,Excellent food
9067,9067,4,Will order again
9068,9068,4,Average experience
9069,9069,1,Will order again
9070,9070,3,Will order again
9071,9071,4,Late delivery
9072,9072,3,Food was cold
9073,9073,2,Will order again
9074,9074,5,Highly recommended
9075,9075,5,Highly recommended
9076,9076,2,Packaging could improve
9077,9077,4,Will order again
9078,9078,2,Food was cold
9079,9079,1,Will order again
9080,9080,5,Very tasty
9081,9081,2,Food was cold
9082,9082,2,Loved it
9083,9083,5,Very tasty
9084,9084,5,Loved it
9085,9085,1,Loved it
9086,9086,3,Average experience
9087,9087,2,Fast delivery
9088,9088,3,Average experience
9089,9089,5,Loved it
9090,9090,5,Loved it
9091,9091,2,Very tasty
9092,9092,5,Loved it
9093,9093,4,Will order again
9094,9094,2,Highly recommended
9095,9095,1,Very tasty
9096,9096,5,Will order again
9097,9097,1,Loved it
9098,9098,4,Late delivery
9099,9099,1,Packaging could improve
9100,9100,5,Packaging could improve
9101,9101,3,Packaging could improve
9102,9102,1,Average experience
9103,9103,5,Packaging could improve
9104,9104,3,Average experience
9105,9105,3,Loved it
9106,9106,2,Excellent food
9107,9107,3,Loved it
9108,9108,5,Highly recommended
9109,9109,4,Packaging could improve
9110,9110,2,Loved it
9111,9111,3,Highly recommended
9112,9112,1,Loved it
9113,9113,2,Loved it
9114,9114,2,Average experience
9115,9115,3,Highly recommended
9116,9116,3,Will order again
9117,9117,3,Late delivery
9118,9118,4,Average experience
9119,9119,5,Food was cold
9120,9120,1,Late delivery
9121,9121,4,Fast delivery
9122,9122,3,Fast delivery
9123,9123,3,Loved it
9124,9124,5,Loved it
9125,9125,1,Highly recommended
9126,9126,3,Food was cold
9127,9127,2,Average experience
9128,9128,3,Excellent food
9129,9129,4,Loved it
9130,9130,3,Packaging could improve
9131,9131,1,Will order again
9132,9132,4,Average experience
9133,9133,4,Packaging could improve
9134,9134,1,Loved it
9135,9135,4,Excellent food
9136,9136,2,Will order again
9137,9137,2,Food was cold
9138,9138,4,Will order again
9139,9139,5,Will order again
9140,9140,5,Highly recommended
9141,9141,2,Food was cold
9142,9142,1,Excellent food
9143,9143,3,Loved it
9144,9144,3,Average experience
9145,9145,5,Highly recommended
9146,9146,5,Loved it
9147,9147,5,Fast delivery
9148,9148,5,Late delivery
9149,9149,5,Very tasty
9150,9150,5,Food was cold
9151,9151,2,Packaging could improve
9152,9152,2,Will order again
9153,9153,1,Excellent food
9154,9154,2,Late delivery
9155,9155,3,Highly recommended
9156,9156,4,Late delivery
9157,9157,2,Fast delivery
9158,9158,3,Excellent food
9159,9159,2,Highly recommended
9160,9160,1,Average experience
9161,9161,2,Fast delivery
9162,9162,3,Average experience
9163,9163,2,Excellent food
9164,9164,3,Will order again
9165,9165,5,Very tasty
9166,9166,2,Packaging could improve
9167,9167,1,Loved it
9168,9168,2,Packaging could improve
9169,9169,3,Fast delivery
9170,9170,5,Will order again
9171,9171,5,Packaging could improve
9172,9172,4,Loved it
9173,9173,4,Highly recommended
9174,9174,1,Packaging could improve
9175,9175,1,Food was cold
9176,9176,5,Fast delivery
9177,9177,4,Food was cold
9178,9178,3,Highly recommended
9179,9179,2,Very tasty
9180,9180,5,Loved it
9181,9181,2,Fast delivery
9182,9182,4,Fast delivery
9183,9183,3,Late delivery
9184,9184,5,Fast delivery
9185,9185,1,Late delivery
9186,9186,3,Fast delivery
9187,9187,5,Will order again
9188,9188,5,Excellent food
9189,9189,2,Will order again
9190,9190,4,Packaging could improve
9191,9191,1,Will order again
9192,9192,4,Very tasty
9193,9193,5,Fast delivery
9194,9194,3,Food was cold
9195,9195,3,Food was cold
9196,9196,3,Food was cold
9197,9197,2,Food was cold
9198,9198,1,Excellent food
9199,9199,3,Fast delivery
9200,9200,4,Average experience
9201,9201,5,Excellent food
9202,9202,2,Excellent food
9203,9203,5,Highly recommended
9204,9204,1,Very tasty
9205,9205,5,Loved it
9206,9206,3,Packaging could improve
9207,9207,4,Excellent food
9208,9208,4,Average experience
9209,9209,5,Will order again
9210,9210,5,Food was cold
9211,9211,5,Very tasty
9212,9212,4,Very tasty
9213,9213,5,Packaging could improve
9214,9214,4,Food was cold
9215,9215,4,Packaging could improve
9216,9216,3,Food was cold
9217,9217,2,Food was cold
9218,9218,1,Average experience
9219,9219,2,Will order again
9220,9220,1,Very tasty
9221,9221,1,Average experience
9222,9222,5,Late delivery
9223,9223,3,Packaging could improve
9224,9224,4,Packaging could improve
9225,9225,4,Late delivery
9226,9226,1,Very tasty
9227,9227,2,Very tasty
9228,9228,3,Will order again
9229,9229,3,Highly recommended
9230,9230,4,Highly recommended
9231,9231,2,Very tasty
9232,9232,1,Very tasty
9233,9233,3,Packaging could improve
9234,9234,5,Late delivery
9235,9235,2,Highly recommended
9236,9236,1,Packaging could improve
9237,9237,3,Late delivery
9238,9238,5,Average experience
9239,9239,2,Will order again
9240,9240,3,Loved it
9241,9241,4,Packaging could improve
9242,9242,5,Fast delivery
9243,9243,2,Food was cold
9244,9244,3,Average experience
9245,9245,5,Food was cold
9246,9246,2,Highly recommended
9247,9247,1,Excellent food
9248,9248,5,Highly recommended
9249,9249,2,Excellent food
9250,9250,1,Food was cold
9251,9251,5,Late delivery
9252,9252,2,Food was cold
9253,9253,3,Late delivery
9254,9254,5,Average experience
9255,9255,5,Fast delivery
9256,9256,5,Very tasty
9257,9257,2,Average experience
9258,9258,5,Excellent food
9259,9259,5,Will order again
9260,9260,4,Food was cold
9261,9261,3,Food was cold
9262,9262,2,Average experience
9263,9263,5,Average experience
9264,9264,4,Packaging could improve
9265,9265,2,Highly recommended
9266,9266,4,Average experience
9267,9267,1,Loved it
9268,9268,3,Highly recommended
9269,9269,1,Packaging could improve
9270,9270,3,Very tasty
9271,9271,5,Will order again
9272,9272,3,Very tasty
9273,9273,2,Will order again
9274,9274,2,Loved it
9275,9275,4,Highly recommended
9276,9276,3,Fast delivery
9277,9277,3,Fast delivery
9278,9278,5,Excellent food
9279,9279,2,Will order again
9280,9280,1,Will order again
9281,9281,5,Will order again
9282,9282,3,Food was cold
9283,9283,2,Will order again
9284,9284,4,Loved it
9285,9285,1,Very tasty
9286,9286,1,Food was cold
9287,9287,3,Highly recommended
9288,9288,1,Excellent food
9289,9289,1,Packaging could improve
9290,9290,3,Late delivery
9291,9291,2,Highly recommended
9292,9292,5,Will order again
9293,9293,1,Food was cold
9294,9294,5,Packaging could improve
9295,9295,2,Average experience
9296,9296,1,Excellent food
9297,9297,3,Fast delivery
9298,9298,3,Late delivery
9299,9299,3,Fast delivery
9300,9300,3,Fast delivery
9301,9301,1,Late delivery
9302,9302,5,Very tasty
9303,9303,2,Highly recommended
9304,9304,5,Very tasty
9305,9305,5,Packaging could improve
9306,9306,1,Very tasty
9307,9307,2,Will order again
9308,9308,1,Will order again
9309,9309,4,Average experience
9310,9310,1,Very tasty
9311,9311,4,Loved it
9312,9312,4,Average experience
9313,9313,4,Packaging could improve
9314,9314,5,Food was cold
9315,9315,1,Fast delivery
9316,9316,4,Average experience
9317,9317,2,Very tasty
9318,9318,3,Highly recommended
9319,9319,5,Very tasty
9320,9320,3,Food was cold
9321,9321,3,Late delivery
9322,9322,2,Highly recommended
9323,9323,5,Highly recommended
9324,9324,2,Late delivery
9325,9325,2,Will order again
9326,9326,5,Fast delivery
9327,9327,1,Will order again
9328,9328,1,Average experience
9329,9329,3,Packaging could improve
9330,9330,4,Excellent food
9331,9331,2,Food was cold
9332,9332,2,Very tasty
9333,9333,3,Packaging could improve
9334,9334,2,Packaging could improve
9335,9335,5,Highly recommended
9336,9336,4,Loved it
9337,9337,3,Excellent food
9338,9338,3,Food was cold
9339,9339,3,Fast delivery
9340,9340,1,Late delivery
9341,9341,3,Very tasty
9342,9342,2,Packaging could improve
9343,9343,4,Fast delivery
9344,9344,1,Food was cold
9345,9345,2,Will order again
9346,9346,2,Very tasty
9347,9347,4,Excellent food
9348,9348,2,Average experience
9349,9349,1,Excellent food
9350,9350,2,Late delivery
9351,9351,2,Fast delivery
9352,9352,2,Food was cold
9353,9353,1,Fast delivery
9354,9354,4,Fast delivery
9355,9355,5,Will order again
9356,9356,1,Late delivery
9357,9357,1,Loved it
9358,9358,2,Fast delivery
9359,9359,1,Packaging could improve
9360,9360,3,Average experience
9361,9361,4,Excellent food
9362,9362,3,Loved it
9363,9363,4,Highly recommended
9364,9364,2,Late delivery
9365,9365,3,Food was cold
9366,9366,2,Late delivery
9367,9367,5,Packaging could improve
9368,9368,5,Food was cold
9369,9369,2,Excellent food
9370,9370,2,Excellent food
9371,9371,4,Average experience
9372,9372,4,Packaging could improve
9373,9373,5,Average experience
9374,9374,5,Packaging could improve
9375,9375,3,Fast delivery
9376,9376,5,Highly recommended
9377,9377,5,Average experience
9378,9378,4,Fast delivery
9379,9379,5,Average experience
9380,9380,1,Excellent food
9381,9381,1,Late delivery
9382,9382,4,Highly recommended
9383,9383,3,Will order again
9384,9384,2,Excellent food
9385,9385,1,Average experience
9386,9386,2,Will order again
9387,9387,2,Will order again
9388,9388,4,Fast delivery
9389,9389,1,Food was cold
9390,9390,2,Fast delivery
9391,9391,3,Highly recommended
9392,9392,4,Loved it
9393,9393,3,Fast delivery
9394,9394,2,Packaging could improve
9395,9395,4,Loved it
9396,9396,3,Food was cold
9397,9397,2,Food was cold
9398,9398,5,Average experience
9399,9399,3,Highly recommended
9400,9400,5,Will order again
9401,9401,1,Highly recommended
9402,9402,2,Late delivery
9403,9403,1,Will order again
9404,9404,1,Will order again
9405,9405,5,Excellent food
9406,9406,4,Late delivery
9407,9407,1,Loved it
9408,9408,3,Food was cold
9409,9409,2,Packaging could improve
9410,9410,1,Will order again
9411,9411,1,Very tasty
9412,9412,3,Excellent food
9413,9413,4,Highly recommended
9414,9414,4,Late delivery
9415,9415,5,Packaging could improve
9416,9416,4,Highly recommended
9417,9417,4,Will order again
9418,9418,2,Will order again
9419,9419,5,Packaging could improve
9420,9420,3,Food was cold
9421,9421,4,Late delivery
9422,9422,5,Packaging could improve
9423,9423,1,Packaging could improve
9424,9424,5,Excellent food
9425,9425,1,Highly recommended
9426,9426,4,Late delivery
9427,9427,3,Average experience
9428,9428,1,Food was cold
9429,9429,4,Highly recommended
9430,9430,2,Average experience
9431,9431,2,Late delivery
9432,9432,1,Food was cold
9433,9433,1,Very tasty
9434,9434,1,Fast delivery
9435,9435,4,Will order again
9436,9436,4,Highly recommended
9437,9437,4,Food was cold
9438,9438,5,Loved it
9439,9439,2,Packaging could improve
9440,9440,1,Food was cold
9441,9441,4,Excellent food
9442,9442,5,Excellent food
9443,9443,5,Highly recommended
9444,9444,4,Excellent food
9445,9445,2,Packaging could improve
9446,9446,2,Loved it
9447,9447,4,Loved it
9448,9448,2,Average experience
9449,9449,5,Very tasty
9450,9450,4,Loved it
9451,9451,1,Loved it
9452,9452,5,Packaging could improve
9453,9453,2,Very tasty
9454,9454,4,Very tasty
9455,9455,3,Very tasty
9456,9456,3,Excellent food
9457,9457,3,Late delivery
9458,9458,1,Late delivery
9459,9459,5,Food was cold
9460,9460,4,Average experience
9461,9461,3,Late delivery
9462,9462,5,Highly recommended
9463,9463,5,Late delivery
9464,9464,4,Late delivery
9465,9465,4,Loved it
9466,9466,4,Fast delivery
9467,9467,1,Will order again
9468,9468,4,Fast delivery
9469,9469,4,Will order again
9470,9470,3,Packaging could improve
9471,9471,1,Very tasty
9472,9472,2,Packaging could improve
9473,9473,3,Will order again
9474,9474,2,Packaging could improve
9475,9475,5,Food was cold
9476,9476,4,Very tasty
9477,9477,4,Excellent food
9478,9478,2,Highly recommended
9479,9479,4,Average experience
9480,9480,3,Loved it
9481,9481,1,Fast delivery
9482,9482,1,Loved it
9483,9483,5,Average experience
9484,9484,3,Highly recommended
9485,9485,3,Excellent food
9486,9486,1,Late delivery
9487,9487,5,Average experience
9488,9488,4,Highly recommended
9489,9489,1,Excellent food
9490,9490,1,Will order again
9491,9491,3,Average experience
9492,9492,5,Average experience
9493,9493,1,Will order again
9494,9494,1,Average experience
9495,9495,4,Very tasty
9496,9496,2,Will order again
9497,9497,4,Loved it
9498,9498,3,Highly recommended
9499,9499,1,Packaging could improve
9500,9500,4,Will order again
9501,9501,5,Food was cold
9502,9502,4,Will order again
9503,9503,4,Average experience
9504,9504,4,Late delivery
9505,9505,4,Highly recommended
9506,9506,5,Late delivery
9507,9507,3,Will order again
9508,9508,4,Average experience
9509,9509,5,Packaging could improve
9510,9510,5,Very tasty
9511,9511,1,Excellent food
9512,9512,5,Very tasty
9513,9513,1,Late delivery
9514,9514,3,Average experience
9515,9515,5,Very tasty
9516,9516,4,Loved it
9517,9517,2,Late delivery
9518,9518,5,Fast delivery
9519,9519,2,Very tasty
9520,9520,4,Fast delivery
9521,9521,1,Packaging could improve
9522,9522,3,Excellent food
9523,9523,2,Late delivery
9524,9524,5,Late delivery
9525,9525,4,Packaging could improve
9526,9526,4,Will order again
9527,9527,2,Late delivery
9528,9528,5,Late delivery
9529,9529,1,Food was cold
9530,9530,5,Late delivery
9531,9531,3,Excellent food
9532,9532,3,Loved it
9533,9533,2,Food was cold
9534,9534,2,Average experience
9535,9535,5,Loved it
9536,9536,3,Packaging could improve
9537,9537,1,Food was cold
9538,9538,3,Will order again
9539,9539,5,Average experience
9540,9540,4,Very tasty
9541,9541,4,Food was cold
9542,9542,2,Late delivery
9543,9543,2,Highly recommended
9544,9544,2,Loved it
9545,9545,4,Excellent food
9546,9546,5,Excellent food
9547,9547,4,Fast delivery
9548,9548,4,Highly recommended
9549,9549,2,Excellent food
9550,9550,2,Will order again
9551,9551,5,Late delivery
9552,9552,3,Excellent food
9553,9553,3,Late delivery
9554,9554,2,Fast delivery
9555,9555,2,Average experience
9556,9556,1,Excellent food
9557,9557,4,Loved it
9558,9558,5,Average experience
9559,9559,4,Average experience
9560,9560,4,Loved it
9561,9561,5,Highly recommended
9562,9562,5,Loved it
9563,9563,3,Excellent food
9564,9564,2,Highly recommended
9565,9565,3,Food was cold
9566,9566,1,Highly recommended
9567,9567,4,Loved it
9568,9568,2,Late delivery
9569,9569,4,Excellent food
9570,9570,5,Food was cold
9571,9571,3,Excellent food
9572,9572,4,Fast delivery
9573,9573,3,Excellent food
9574,9574,1,Fast delivery
9575,9575,5,Late delivery
9576,9576,3,Very tasty
9577,9577,4,Excellent food
9578,9578,3,Fast delivery
9579,9579,4,Late delivery
9580,9580,3,Late delivery
9581,9581,1,Loved it
9582,9582,2,Late delivery
9583,9583,4,Packaging could improve
9584,9584,2,Loved it
9585,9585,3,Fast delivery
9586,9586,3,Loved it
9587,9587,3,Loved it
9588,9588,4,Average experience
9589,9589,5,Late delivery
9590,9590,3,Loved it
9591,9591,1,Food was cold
9592,9592,3,Late delivery
9593,9593,1,Packaging could improve
9594,9594,2,Packaging could improve
9595,9595,3,Highly recommended
9596,9596,1,Food was cold
9597,9597,5,Late delivery
9598,9598,1,Fast delivery
9599,9599,4,Highly recommended
9600,9600,1,Food was cold
9601,9601,2,Will order again
9602,9602,3,Highly recommended
9603,9603,5,Packaging could improve
9604,9604,2,Highly recommended
9605,9605,2,Will order again
9606,9606,1,Will order again
9607,9607,3,Packaging could improve
9608,9608,3,Will order again
9609,9609,4,Very tasty
9610,9610,2,Packaging could improve
9611,9611,1,Packaging could improve
9612,9612,4,Will order again
9613,9613,2,Late delivery
9614,9614,1,Will order again
9615,9615,4,Average experience
9616,9616,2,Highly recommended
9617,9617,3,Very tasty
9618,9618,3,Fast delivery
9619,9619,5,Packaging could improve
9620,9620,1,Highly recommended
9621,9621,4,Loved it
9622,9622,3,Loved it
9623,9623,2,Late delivery
9624,9624,2,Late delivery
9625,9625,4,Will order again
9626,9626,1,Excellent food
9627,9627,4,Packaging could improve
9628,9628,3,Excellent food
9629,9629,1,Will order again
9630,9630,4,Fast delivery
9631,9631,5,Fast delivery
9632,9632,4,Fast delivery
9633,9633,4,Excellent food
9634,9634,2,Food was cold
9635,9635,3,Late delivery
9636,9636,5,Will order again
9637,9637,1,Food was cold
9638,9638,1,Food was cold
9639,9639,2,Food was cold
9640,9640,3,Packaging could improve
9641,9641,1,Very tasty
9642,9642,5,Excellent food
9643,9643,3,Fast delivery
9644,9644,3,Average experience
9645,9645,1,Fast delivery
9646,9646,3,Very tasty
9647,9647,5,Fast delivery
9648,9648,4,Very tasty
9649,9649,3,Highly recommended
9650,9650,4,Packaging could improve
9651,9651,5,Fast delivery
9652,9652,5,Late delivery
9653,9653,5,Excellent food
9654,9654,3,Late delivery
9655,9655,3,Packaging could improve
9656,9656,2,Highly recommended
9657,9657,2,Loved it
9658,9658,1,Fast delivery
9659,9659,1,Very tasty
9660,9660,2,Highly recommended
9661,9661,5,Will order again
9662,9662,1,Late delivery
9663,9663,5,Late delivery
9664,9664,1,Loved it
9665,9665,5,Highly recommended
9666,9666,2,Food was cold
9667,9667,1,Highly recommended
9668,9668,4,Highly recommended
9669,9669,3,Excellent food
9670,9670,3,Excellent food
9671,9671,4,Highly recommended
9672,9672,3,Very tasty
9673,9673,5,Excellent food
9674,9674,2,Late delivery
9675,9675,4,Late delivery
9676,9676,1,Late delivery
9677,9677,1,Average experience
9678,9678,3,Very tasty
9679,9679,5,Packaging could improve
9680,9680,5,Late delivery
9681,9681,2,Average experience
9682,9682,3,Food was cold
9683,9683,2,Excellent food
9684,9684,2,Average experience
9685,9685,1,Will order again
9686,9686,3,Packaging could improve
9687,9687,5,Loved it
9688,9688,5,Average experience
9689,9689,3,Highly recommended
9690,9690,3,Excellent food
9691,9691,3,Average experience
9692,9692,4,Will order again
9693,9693,3,Packaging could improve
9694,9694,5,Very tasty
9695,9695,2,Average experience
9696,9696,2,Highly recommended
9697,9697,4,Loved it
9698,9698,2,Late delivery
9699,9699,4,Highly recommended
9700,9700,2,Very tasty
9701,9701,5,Late delivery
9702,9702,1,Food was cold
9703,9703,2,Average experience
9704,9704,2,Will order again
9705,9705,1,Will order again
9706,9706,2,Late delivery
9707,9707,3,Average experience
9708,9708,4,Packaging could improve
9709,9709,1,Loved it
9710,9710,1,Fast delivery
9711,9711,5,Excellent food
9712,9712,1,Loved it
9713,9713,3,Late delivery
9714,9714,1,Will order again
9715,9715,2,Food was cold
9716,9716,3,Very tasty
9717,9717,2,Excellent food
9718,9718,3,Fast delivery
9719,9719,4,Excellent food
9720,9720,5,Excellent food
9721,9721,1,Loved it
9722,9722,1,Very tasty
9723,9723,4,Late delivery
9724,9724,3,Loved it
9725,9725,2,Food was cold
9726,9726,1,Highly recommended
9727,9727,2,Very tasty
9728,9728,3,Highly recommended
9729,9729,1,Will order again
9730,9730,2,Fast delivery
9731,9731,3,Fast delivery
9732,9732,5,Average experience
9733,9733,3,Late delivery
9734,9734,3,Packaging could improve
9735,9735,2,Loved it
9736,9736,2,Highly recommended
9737,9737,3,Average experience
9738,9738,4,Average experience
9739,9739,3,Loved it
9740,9740,2,Very tasty
9741,9741,5,Fast delivery
9742,9742,4,Fast delivery
9743,9743,1,Average experience
9744,9744,4,Fast delivery
9745,9745,3,Very tasty
9746,9746,4,Fast delivery
9747,9747,4,Packaging could improve
9748,9748,1,Will order again
9749,9749,5,Highly recommended
9750,9750,4,Fast delivery
9751,9751,3,Loved it
9752,9752,4,Very tasty
9753,9753,2,Highly recommended
9754,9754,1,Highly recommended
9755,9755,5,Highly recommended
9756,9756,1,Food was cold
9757,9757,4,Loved it
9758,9758,4,Very tasty
9759,9759,2,Late delivery
9760,9760,2,Highly recommended
9761,9761,3,Late delivery
9762,9762,3,Packaging could improve
9763,9763,2,Very tasty
9764,9764,4,Very tasty
9765,9765,5,Highly recommended
9766,9766,2,Packaging could improve
9767,9767,4,Fast delivery
9768,9768,3,Average experience
9769,9769,2,Very tasty
9770,9770,5,Packaging could improve
9771,9771,1,Will order again
9772,9772,1,Highly recommended
9773,9773,3,Will order again
9774,9774,4,Very tasty
9775,9775,2,Late delivery
9776,9776,3,Excellent food
9777,9777,4,Highly recommended
9778,9778,4,Late delivery
9779,9779,1,Late delivery
9780,9780,1,Excellent food
9781,9781,3,Very tasty
9782,9782,1,Late delivery
9783,9783,5,Loved it
9784,9784,2,Packaging could improve
9785,9785,1,Food was cold
9786,9786,1,Fast delivery
9787,9787,3,Highly recommended
9788,9788,5,Late delivery
9789,9789,4,Packaging could improve
9790,9790,5,Excellent food
9791,9791,2,Loved it
9792,9792,1,Loved it
9793,9793,5,Highly recommended
9794,9794,2,Fast delivery
9795,9795,1,Excellent food
9796,9796,2,Late delivery
9797,9797,3,Fast delivery
9798,9798,5,Highly recommended
9799,9799,3,Very tasty
9800,9800,5,Excellent food
9801,9801,3,Late delivery
9802,9802,1,Will order again
9803,9803,4,Will order again
9804,9804,4,Average experience
9805,9805,1,Packaging could improve
9806,9806,4,Average experience
9807,9807,5,Food was cold
9808,9808,2,Average experience
9809,9809,4,Fast delivery
9810,9810,5,Loved it
9811,9811,3,Will order again
9812,9812,5,Fast delivery
9813,9813,1,Average experience
9814,9814,5,Packaging could improve
9815,9815,4,Excellent food
9816,9816,5,Will order again
9817,9817,1,Food was cold
9818,9818,5,Excellent food
9819,9819,3,Average experience
9820,9820,2,Loved it
9821,9821,5,Food was cold
9822,9822,5,Highly recommended
9823,9823,2,Food was cold
9824,9824,2,Late delivery
9825,9825,5,Packaging could improve
9826,9826,4,Highly recommended
9827,9827,5,Highly recommended
9828,9828,1,Packaging could improve
9829,9829,2,Excellent food
9830,9830,3,Excellent food
9831,9831,4,Late delivery
9832,9832,4,Average experience
9833,9833,1,Loved it
9834,9834,1,Fast delivery
9835,9835,4,Will order again
9836,9836,1,Late delivery
9837,9837,4,Excellent food
9838,9838,2,Average experience
9839,9839,1,Highly recommended
9840,9840,3,Packaging could improve
9841,9841,4,Late delivery
9842,9842,3,Average experience
9843,9843,4,Late delivery
9844,9844,2,Will order again
9845,9845,3,Average experience
9846,9846,1,Average experience
9847,9847,3,Late delivery
9848,9848,4,Food was cold
9849,9849,2,Late delivery
9850,9850,1,Food was cold
9851,9851,1,Late delivery
9852,9852,1,Excellent food
9853,9853,5,Excellent food
9854,9854,2,Excellent food
9855,9855,3,Will order again
9856,9856,1,Packaging could improve
9857,9857,3,Average experience
9858,9858,3,Highly recommended
9859,9859,4,Very tasty
9860,9860,3,Average experience
9861,9861,4,Excellent food
9862,9862,4,Packaging could improve
9863,9863,3,Excellent food
9864,9864,4,Will order again
9865,9865,4,Fast delivery
9866,9866,2,Will order again
9867,9867,4,Excellent food
9868,9868,1,Very tasty
9869,9869,3,Highly recommended
9870,9870,3,Fast delivery
9871,9871,4,Excellent food
9872,9872,5,Late delivery
9873,9873,4,Loved it
9874,9874,5,Food was cold
9875,9875,5,Fast delivery
9876,9876,4,Fast delivery
9877,9877,2,Late delivery
9878,9878,3,Packaging could improve
9879,9879,5,Loved it
9880,9880,1,Average experience
9881,9881,1,Excellent food
9882,9882,2,Excellent food
9883,9883,3,Highly recommended
9884,9884,2,Average experience
9885,9885,4,Will order again
9886,9886,1,Will order again
9887,9887,2,Packaging could improve
9888,9888,2,Average experience
9889,9889,5,Food was cold
9890,9890,4,Will order again
9891,9891,1,Very tasty
9892,9892,1,Will order again
9893,9893,2,Packaging could improve
9894,9894,3,Loved it
9895,9895,2,Average experience
9896,9896,4,Average experience
9897,9897,3,Late delivery
9898,9898,4,Food was cold
9899,9899,5,Highly recommended
9900,9900,3,Loved it
9901,9901,4,Food was cold
9902,9902,5,Packaging could improve
9903,9903,5,Excellent food
9904,9904,4,Very tasty
9905,9905,4,Highly recommended
9906,9906,2,Packaging could improve
9907,9907,4,Fast delivery
9908,9908,3,Food was cold
9909,9909,4,Very tasty
9910,9910,1,Average experience
9911,9911,5,Will order again
9912,9912,4,Highly recommended
9913,9913,5,Loved it
9914,9914,5,Packaging could improve
9915,9915,2,Fast delivery
9916,9916,4,Excellent food
9917,9917,1,Highly recommended
9918,9918,4,Average experience
9919,9919,4,Highly recommended
9920,9920,4,Average experience
9921,9921,1,Excellent food
9922,9922,5,Late delivery
9923,9923,2,Highly recommended
9924,9924,2,Highly recommended
9925,9925,3,Loved it
9926,9926,2,Excellent food
9927,9927,3,Will order again
9928,9928,1,Late delivery
9929,9929,1,Average experience
9930,9930,4,Late delivery
9931,9931,5,Highly recommended
9932,9932,4,Very tasty
9933,9933,1,Excellent food
9934,9934,3,Packaging could improve
9935,9935,2,Very tasty
9936,9936,1,Very tasty
9937,9937,2,Packaging could improve
9938,9938,5,Excellent food
9939,9939,3,Loved it
9940,9940,1,Very tasty
9941,9941,5,Highly recommended
9942,9942,3,Late delivery
9943,9943,4,Average experience
9944,9944,5,Average experience
9945,9945,3,Average experience
9946,9946,3,Late delivery
9947,9947,5,Food was cold
9948,9948,5,Very tasty
9949,9949,2,Late delivery
9950,9950,5,Fast delivery
9951,9951,1,Fast delivery
9952,9952,4,Packaging could improve
9953,9953,3,Late delivery
9954,9954,1,Will order again
9955,9955,1,Packaging could improve
9956,9956,4,Loved it
9957,9957,2,Fast delivery
9958,9958,5,Excellent food
9959,9959,3,Average experience
9960,9960,1,Packaging could improve
9961,9961,3,Loved it
9962,9962,3,Packaging could improve
9963,9963,1,Will order again
9964,9964,5,Food was cold
9965,9965,4,Fast delivery
9966,9966,1,Packaging could improve
9967,9967,4,Packaging could improve
9968,9968,4,Average experience
9969,9969,2,Food was cold
9970,9970,1,Fast delivery
9971,9971,2,Loved it
9972,9972,5,Very tasty
9973,9973,5,Late delivery
9974,9974,1,Very tasty
9975,9975,1,Average experience
9976,9976,5,Excellent food
9977,9977,1,Average experience
9978,9978,1,Highly recommended
9979,9979,3,Packaging could improve
9980,9980,3,Loved it
9981,9981,3,Loved it
9982,9982,1,Excellent food
9983,9983,1,Late delivery
9984,9984,5,Excellent food
9985,9985,2,Average experience
9986,9986,3,Average experience
9987,9987,4,Excellent food
9988,9988,5,Average experience
9989,9989,3,Very tasty
9990,9990,2,Late delivery
9991,9991,1,Will order again
9992,9992,4,Highly recommended
9993,9993,2,Packaging could improve
9994,9994,2,Loved it
9995,9995,3,Average experience
9996,9996,1,Excellent food
9997,9997,1,Food was cold
9998,9998,3,Packaging could improve
9999,9999,1,Food was cold
10000,10000,1,Packaging could improve
